Sector,Company Name,Industry,Symbol,Series,ISIN Code,NSE Symbol,Daily,Weekly,1M,3M,6M,YTD,Nifty Index 3M % Change,Stock Relative Strength vs Nifty,Upstox Instrument Key,Status
niftyindiadefence,Paras Defence and Space Technologies Ltd.,Capital Goods,PARAS,EQ,INE045601023,,0.374231,11.905826,22.802714,89.958265,134.834271,119.462303,2.439896,87.518369,NSE_EQ|INE045601023,OK
niftyoilgas,Aegis Logistics Ltd.,Oil Gas & Consumable Fuels,AEGISLOG,EQ,INE208C01025,,-2.038123,7.153168,-1.117442,83.581782,90.844819,86.204013,2.439896,81.141886,NSE_EQ|INE208C01025,OK
niftyenergy,Aegis Logistics Ltd.,Oil Gas & Consumable Fuels,AEGISLOG,EQ,INE208C01025,,-2.038123,7.153168,-1.117442,83.581782,90.844819,86.204013,2.439896,81.141886,NSE_EQ|INE208C01025,OK
nifty500,Aegis Logistics Ltd.,Oil Gas & Consumable Fuels,AEGISLOG,EQ,INE208C01025,,-2.038123,7.153168,-1.117442,83.581782,90.844819,86.204013,2.439896,81.141886,NSE_EQ|INE208C01025,OK
niftyindiadefence,Cyient DLM Ltd.,Capital Goods,CYIENTDLM,EQ,INE055S01018,,2.047233,0.288402,4.597866,76.559478,100.977019,75.646422,2.439896,74.119582,NSE_EQ|INE055S01018,OK
nifty200,Kalyan Jewellers India Ltd.,Consumer Durables,KALYANKJIL,EQ,INE303R01014,,0.134409,-2.836648,-0.016776,68.838527,42.566679,22.797981,2.439896,66.398631,NSE_EQ|INE303R01014,OK
niftyconsumerdurables,Kalyan Jewellers India Ltd.,Consumer Durables,KALYANKJIL,EQ,INE303R01014,,0.134409,-2.836648,-0.016776,68.838527,42.566679,22.797981,2.439896,66.398631,NSE_EQ|INE303R01014,OK
niftylargemidcap250,Kalyan Jewellers India Ltd.,Consumer Durables,KALYANKJIL,EQ,INE303R01014,,0.134409,-2.836648,-0.016776,68.838527,42.566679,22.797981,2.439896,66.398631,NSE_EQ|INE303R01014,OK
nifty500,Kalyan Jewellers India Ltd.,Consumer Durables,KALYANKJIL,EQ,INE303R01014,,0.134409,-2.836648,-0.016776,68.838527,42.566679,22.797981,2.439896,66.398631,NSE_EQ|INE303R01014,OK
Nifty India Internet Index,Cartrade Tech Ltd.,Consumer Services,CARTRADE,EQ,INE290S01011,,4.012933,5.012695,3.04303,63.848331,49.43739,2.441441,2.439896,61.408435,NSE_EQ|INE290S01011,OK
niftyindiadefence,Unimech Aerospace and Manufacturing Ltd.,Capital Goods,UNIMECH,EQ,INE0U3I01011,,0.660705,5.704674,22.050494,63.714317,60.971185,66.094043,2.439896,61.274421,NSE_EQ|INE0U3I01011,OK
niftyevnewageautomotive,Ather Energy Ltd.,Automobile and Auto Components,ATHERENERG,EQ,INE0LEZ01016,,0.792657,-5.037668,14.303738,63.00461,104.673491,92.063597,2.439896,60.564715,NSE_EQ|INE0LEZ01016,OK
nifty500,Ather Energy Ltd.,Automobile and Auto Components,ATHERENERG,EQ,INE0LEZ01016,,0.792657,-5.037668,14.303738,63.00461,104.673491,92.063597,2.439896,60.564715,NSE_EQ|INE0LEZ01016,OK
nifty500,Redington Ltd.,Services,REDINGTON,EQ,INE891D01026,,3.894941,0.606936,30.938499,58.356837,32.483349,27.813475,2.439896,55.916942,NSE_EQ|INE891D01026,OK
nifty500,HFCL Ltd.,Telecommunication,HFCL,EQ,INE548A01028,,-1.160994,-1.521816,2.753557,57.954145,221.049613,230.284703,2.439896,55.514249,NSE_EQ|INE548A01028,OK
niftymidsmallitandtelecom,HFCL Ltd.,Telecommunication,HFCL,EQ,INE548A01028,,-1.160994,-1.521816,2.753557,57.954145,221.049613,230.284703,2.439896,55.514249,NSE_EQ|INE548A01028,OK
Nifty India Internet Index,Seshaasai Technologies Ltd.,Financial Services,STYL,EQ,INE04VU01023,,5.757576,-3.810665,3.108542,53.292338,53.403662,49.006868,2.439896,50.852443,NSE_EQ|INE04VU01023,OK
niftymetal,Welspun Corp Ltd.,Capital Goods,WELCORP,EQ,INE191B01025,,1.585693,6.438771,24.407495,50.744249,149.822463,146.218075,2.439896,48.304353,NSE_EQ|INE191B01025,OK
nifty500,Welspun Corp Ltd.,Capital Goods,WELCORP,EQ,INE191B01025,,1.585693,6.438771,24.407495,50.744249,149.822463,146.218075,2.439896,48.304353,NSE_EQ|INE191B01025,OK
nifty500,R R Kabel Ltd.,Capital Goods,RRKABEL,EQ,INE777K01022,,-0.158686,2.117,18.985364,48.786757,106.154284,99.229022,2.439896,46.346861,NSE_EQ|INE777K01022,OK
nifty500,Sundram Fasteners Ltd.,Automobile and Auto Components,SUNDRMFAST,EQ,INE387A01021,,-1.110932,-0.04882,28.999737,47.272509,32.649425,31.428877,2.439896,44.832614,NSE_EQ|INE387A01021,OK
niftynext50,Info Edge (India) Ltd.,Consumer Services,NAUKRI,EQ,INE663F01032,,-1.269588,0.265232,14.428656,46.925776,19.262116,2.047091,2.439896,44.48588,NSE_EQ|INE663F01032,OK
Nifty India Internet Index,Info Edge (India) Ltd.,Consumer Services,NAUKRI,EQ,INE663F01032,,-1.269588,0.265232,14.428656,46.925776,19.262116,2.047091,2.439896,44.48588,NSE_EQ|INE663F01032,OK
niftylargemidcap250,Info Edge (India) Ltd.,Consumer Services,NAUKRI,EQ,INE663F01032,,-1.269588,0.265232,14.428656,46.925776,19.262116,2.047091,2.439896,44.48588,NSE_EQ|INE663F01032,OK
nifty500,Info Edge (India) Ltd.,Consumer Services,NAUKRI,EQ,INE663F01032,,-1.269588,0.265232,14.428656,46.925776,19.262116,2.047091,2.439896,44.48588,NSE_EQ|INE663F01032,OK
niftyindiadigital,Info Edge (India) Ltd.,Consumer Services,NAUKRI,EQ,INE663F01032,,-1.269588,0.265232,14.428656,46.925776,19.262116,2.047091,2.439896,44.48588,NSE_EQ|INE663F01032,OK
nifty200,Info Edge (India) Ltd.,Consumer Services,NAUKRI,EQ,INE663F01032,,-1.269588,0.265232,14.428656,46.925776,19.262116,2.047091,2.439896,44.48588,NSE_EQ|INE663F01032,OK
nifty500,Akums Drugs and Pharmaceuticals Ltd.,Healthcare,AKUMS,EQ,INE09XN01023,,-0.0531,0.139656,8.120916,44.413542,66.810679,66.056462,2.439896,41.973646,NSE_EQ|INE09XN01023,OK
nifty500,Balrampur Chini Mills Ltd.,Fast Moving Consumer Goods,BALRAMCHIN,EQ,INE119A01028,,17.870313,23.795691,22.785114,42.729556,64.649066,72.614761,2.439896,40.289661,NSE_EQ|INE119A01028,OK
niftyindiadefence,Astra Microwave Products Ltd.,Capital Goods,ASTRAMICRO,EQ,INE386C01029,,-0.993475,-0.981833,-4.148882,42.186577,86.315615,71.638217,2.439896,39.746681,NSE_EQ|INE386C01029,OK
nifty500,Netweb Technologies India Ltd.,Information Technology,NETWEB,EQ,INE0NT901020,,7.004936,4.609149,26.373959,42.132592,74.984664,74.22528,2.439896,39.692696,NSE_EQ|INE0NT901020,OK
nifty500,Jyoti CNC Automation Ltd.,Capital Goods,JYOTICNC,EQ,INE980O01024,,-0.094672,14.077233,20.092306,41.976231,14.759546,-3.997776,2.439896,39.536336,NSE_EQ|INE980O01024,OK
nifty500,TBO Tek Ltd.,Consumer Services,TBOTEK,EQ,INE673O01025,,2.479836,6.087607,15.894085,41.847871,11.976324,2.399711,2.439896,39.407976,NSE_EQ|INE673O01025,OK
Nifty India Internet Index,TBO Tek Ltd.,Consumer Services,TBOTEK,EQ,INE673O01025,,2.479836,6.087607,15.894085,41.847871,11.976324,2.399711,2.439896,39.407976,NSE_EQ|INE673O01025,OK
nifty500,Neuland Laboratories Ltd.,Healthcare,NEULANDLAB,EQ,INE794A01010,,1.193645,1.555565,27.629156,41.210306,80.514706,55.308072,2.439896,38.77041,NSE_EQ|INE794A01010,OK
nifty500healthcare,Neuland Laboratories Ltd.,Healthcare,NEULANDLAB,EQ,INE794A01010,,1.193645,1.555565,27.629156,41.210306,80.514706,55.308072,2.439896,38.77041,NSE_EQ|INE794A01010,OK
niftymidsmallhealthcare,Neuland Laboratories Ltd.,Healthcare,NEULANDLAB,EQ,INE794A01010,,1.193645,1.555565,27.629156,41.210306,80.514706,55.308072,2.439896,38.77041,NSE_EQ|INE794A01010,OK
nifty500,Syrma SGS Technology Ltd.,Capital Goods,SYRMA,EQ,INE0DYJ01015,,-3.418518,-1.635212,5.881922,40.896892,65.410174,96.917411,2.439896,38.456996,NSE_EQ|INE0DYJ01015,OK
nifty500,Sona BLW Precision Forgings Ltd.,Automobile and Auto Components,SONACOMS,EQ,INE073K01018,,-0.194293,2.750344,13.131452,40.664042,55.677621,71.443471,2.439896,38.224147,NSE_EQ|INE073K01018,OK
niftyauto,Sona BLW Precision Forgings Ltd.,Automobile and Auto Components,SONACOMS,EQ,INE073K01018,,-0.194293,2.750344,13.131452,40.664042,55.677621,71.443471,2.439896,38.224147,NSE_EQ|INE073K01018,OK
nifty200,Sona BLW Precision Forgings Ltd.,Automobile and Auto Components,SONACOMS,EQ,INE073K01018,,-0.194293,2.750344,13.131452,40.664042,55.677621,71.443471,2.439896,38.224147,NSE_EQ|INE073K01018,OK
niftylargemidcap250,Sona BLW Precision Forgings Ltd.,Automobile and Auto Components,SONACOMS,EQ,INE073K01018,,-0.194293,2.750344,13.131452,40.664042,55.677621,71.443471,2.439896,38.224147,NSE_EQ|INE073K01018,OK
niftyevnewageautomotive,Sona BLW Precision Forgings Ltd.,Automobile and Auto Components,SONACOMS,EQ,INE073K01018,,-0.194293,2.750344,13.131452,40.664042,55.677621,71.443471,2.439896,38.224147,NSE_EQ|INE073K01018,OK
nifty500,ACME Solar Holdings Ltd.,Power,ACMESOLAR,EQ,INE622W01025,,4.46898,6.11482,7.521645,40.597913,76.905271,67.333361,2.439896,38.158017,NSE_EQ|INE622W01025,OK
nifty500healthcare,Concord Biotech Ltd.,Healthcare,CONCORDBIO,EQ,INE338H01029,,-0.680315,8.401513,22.834216,40.363216,33.122256,17.174495,2.439896,37.92332,NSE_EQ|INE338H01029,OK
nifty500,Concord Biotech Ltd.,Healthcare,CONCORDBIO,EQ,INE338H01029,,-0.680315,8.401513,22.834216,40.363216,33.122256,17.174495,2.439896,37.92332,NSE_EQ|INE338H01029,OK
nifty500,Lodha Developers Ltd.,Realty,LODHA,EQ,INE670K01029,,2.479339,0.624848,6.804479,40.311174,15.499255,16.83784,2.439896,37.871278,NSE_EQ|INE670K01029,OK
niftynext50,Lodha Developers Ltd.,Realty,LODHA,EQ,INE670K01029,,2.479339,0.624848,6.804479,40.311174,15.499255,16.83784,2.439896,37.871278,NSE_EQ|INE670K01029,OK
nifty200,Lodha Developers Ltd.,Realty,LODHA,EQ,INE670K01029,,2.479339,0.624848,6.804479,40.311174,15.499255,16.83784,2.439896,37.871278,NSE_EQ|INE670K01029,OK
niftyrealty,Lodha Developers Ltd.,Realty,LODHA,EQ,INE670K01029,,2.479339,0.624848,6.804479,40.311174,15.499255,16.83784,2.439896,37.871278,NSE_EQ|INE670K01029,OK
niftylargemidcap250,Lodha Developers Ltd.,Realty,LODHA,EQ,INE670K01029,,2.479339,0.624848,6.804479,40.311174,15.499255,16.83784,2.439896,37.871278,NSE_EQ|INE670K01029,OK
niftymidsmallfinancailservice,One 97 Communications Ltd.,Financial Services,PAYTM,EQ,INE982J01020,,1.26934,-2.782661,26.566693,38.76774,42.377697,23.458311,2.439896,36.327844,NSE_EQ|INE982J01020,OK
niftyindiadigital,One 97 Communications Ltd.,Financial Services,PAYTM,EQ,INE982J01020,,1.26934,-2.782661,26.566693,38.76774,42.377697,23.458311,2.439896,36.327844,NSE_EQ|INE982J01020,OK
nifty500,One 97 Communications Ltd.,Financial Services,PAYTM,EQ,INE982J01020,,1.26934,-2.782661,26.566693,38.76774,42.377697,23.458311,2.439896,36.327844,NSE_EQ|INE982J01020,OK
Nifty India Internet Index,One 97 Communications Ltd.,Financial Services,PAYTM,EQ,INE982J01020,,1.26934,-2.782661,26.566693,38.76774,42.377697,23.458311,2.439896,36.327844,NSE_EQ|INE982J01020,OK
niftyfinancialservicesexbank,One 97 Communications Ltd.,Financial Services,PAYTM,EQ,INE982J01020,,1.26934,-2.782661,26.566693,38.76774,42.377697,23.458311,2.439896,36.327844,NSE_EQ|INE982J01020,OK
niftylargemidcap250,One 97 Communications Ltd.,Financial Services,PAYTM,EQ,INE982J01020,,1.26934,-2.782661,26.566693,38.76774,42.377697,23.458311,2.439896,36.327844,NSE_EQ|INE982J01020,OK
nifty200,One 97 Communications Ltd.,Financial Services,PAYTM,EQ,INE982J01020,,1.26934,-2.782661,26.566693,38.76774,42.377697,23.458311,2.439896,36.327844,NSE_EQ|INE982J01020,OK
nifty500,Minda Corporation Ltd.,Automobile and Auto Components,MINDACORP,EQ,INE842C01021,,0.59548,4.388737,10.733706,38.455807,24.297659,29.472217,2.439896,36.015911,NSE_EQ|INE842C01021,OK
nifty500,Bosch Ltd.,Automobile and Auto Components,BOSCHLTD,EQ,INE323A01026,,0.598432,4.278075,17.300289,38.454984,36.57375,35.266371,2.439896,36.015089,NSE_EQ|INE323A01026,OK
niftyauto,Bosch Ltd.,Automobile and Auto Components,BOSCHLTD,EQ,INE323A01026,,0.598432,4.278075,17.300289,38.454984,36.57375,35.266371,2.439896,36.015089,NSE_EQ|INE323A01026,OK
nifty200,Bosch Ltd.,Automobile and Auto Components,BOSCHLTD,EQ,INE323A01026,,0.598432,4.278075,17.300289,38.454984,36.57375,35.266371,2.439896,36.015089,NSE_EQ|INE323A01026,OK
niftylargemidcap250,Bosch Ltd.,Automobile and Auto Components,BOSCHLTD,EQ,INE323A01026,,0.598432,4.278075,17.300289,38.454984,36.57375,35.266371,2.439896,36.015089,NSE_EQ|INE323A01026,OK
niftynext50,Bosch Ltd.,Automobile and Auto Components,BOSCHLTD,EQ,INE323A01026,,0.598432,4.278075,17.300289,38.454984,36.57375,35.266371,2.439896,36.015089,NSE_EQ|INE323A01026,OK
niftyevnewageautomotive,Bosch Ltd.,Automobile and Auto Components,BOSCHLTD,EQ,INE323A01026,,0.598432,4.278075,17.300289,38.454984,36.57375,35.266371,2.439896,36.015089,NSE_EQ|INE323A01026,OK
nifty500,IIFL Finance Ltd.,Financial Services,IIFL,EQ,INE530B01024,,0.92732,0.117934,11.633208,37.784029,25.137579,4.291564,2.439896,35.344134,NSE_EQ|INE530B01024,OK
nifty500,Chennai Petroleum Corporation Ltd.,Oil Gas & Consumable Fuels,CHENNPETRO,EQ,INE178A01016,,-3.457613,3.629453,6.323597,37.469105,58.191126,66.287969,2.439896,35.02921,NSE_EQ|INE178A01016,OK
niftyindiadigital,Coforge Ltd.,Information Technology,COFORGE,EQ,INE591G01025,,3.800121,2.897758,27.905396,36.673929,38.199442,13.168972,2.439896,34.234033,NSE_EQ|INE591G01025,OK
nifty500,Coforge Ltd.,Information Technology,COFORGE,EQ,INE591G01025,,3.800121,2.897758,27.905396,36.673929,38.199442,13.168972,2.439896,34.234033,NSE_EQ|INE591G01025,OK
niftylargemidcap250,Coforge Ltd.,Information Technology,COFORGE,EQ,INE591G01025,,3.800121,2.897758,27.905396,36.673929,38.199442,13.168972,2.439896,34.234033,NSE_EQ|INE591G01025,OK
nifty200,Coforge Ltd.,Information Technology,COFORGE,EQ,INE591G01025,,3.800121,2.897758,27.905396,36.673929,38.199442,13.168972,2.439896,34.234033,NSE_EQ|INE591G01025,OK
niftymidsmallitandtelecom,Coforge Ltd.,Information Technology,COFORGE,EQ,INE591G01025,,3.800121,2.897758,27.905396,36.673929,38.199442,13.168972,2.439896,34.234033,NSE_EQ|INE591G01025,OK
niftyit,Coforge Ltd.,Information Technology,COFORGE,EQ,INE591G01025,,3.800121,2.897758,27.905396,36.673929,38.199442,13.168972,2.439896,34.234033,NSE_EQ|INE591G01025,OK
nifty200,Exide Industries Ltd.,Automobile and Auto Components,EXIDEIND,EQ,INE302A01020,,1.001088,-4.407827,3.628447,36.179577,37.796912,28.133628,2.439896,33.739682,NSE_EQ|INE302A01020,OK
niftyevnewageautomotive,Exide Industries Ltd.,Automobile and Auto Components,EXIDEIND,EQ,INE302A01020,,1.001088,-4.407827,3.628447,36.179577,37.796912,28.133628,2.439896,33.739682,NSE_EQ|INE302A01020,OK
niftylargemidcap250,Exide Industries Ltd.,Automobile and Auto Components,EXIDEIND,EQ,INE302A01020,,1.001088,-4.407827,3.628447,36.179577,37.796912,28.133628,2.439896,33.739682,NSE_EQ|INE302A01020,OK
nifty500,Exide Industries Ltd.,Automobile and Auto Components,EXIDEIND,EQ,INE302A01020,,1.001088,-4.407827,3.628447,36.179577,37.796912,28.133628,2.439896,33.739682,NSE_EQ|INE302A01020,OK
niftyauto,Exide Industries Ltd.,Automobile and Auto Components,EXIDEIND,EQ,INE302A01020,,1.001088,-4.407827,3.628447,36.179577,37.796912,28.133628,2.439896,33.739682,NSE_EQ|INE302A01020,OK
nifty200,Eternal Ltd.,Consumer Services,ETERNAL,EQ,INE758T01015,,2.484375,3.128931,15.31294,35.488535,14.989481,17.946413,2.439896,33.04864,NSE_EQ|INE758T01015,OK
niftyindiadigital,Eternal Ltd.,Consumer Services,ETERNAL,EQ,INE758T01015,,2.484375,3.128931,15.31294,35.488535,14.989481,17.946413,2.439896,33.04864,NSE_EQ|INE758T01015,OK
nifty500,Eternal Ltd.,Consumer Services,ETERNAL,EQ,INE758T01015,,2.484375,3.128931,15.31294,35.488535,14.989481,17.946413,2.439896,33.04864,NSE_EQ|INE758T01015,OK
niftylargemidcap250,Eternal Ltd.,Consumer Services,ETERNAL,EQ,INE758T01015,,2.484375,3.128931,15.31294,35.488535,14.989481,17.946413,2.439896,33.04864,NSE_EQ|INE758T01015,OK
nifty50,Eternal Ltd.,Consumer Services,ETERNAL,EQ,INE758T01015,,2.484375,3.128931,15.31294,35.488535,14.989481,17.946413,2.439896,33.04864,NSE_EQ|INE758T01015,OK
Nifty India Internet Index,Eternal Ltd.,Consumer Services,ETERNAL,EQ,INE758T01015,,2.484375,3.128931,15.31294,35.488535,14.989481,17.946413,2.439896,33.04864,NSE_EQ|INE758T01015,OK
nifty500,Blue Jet Healthcare Ltd.,Healthcare,BLUEJET,EQ,INE0KBH01020,,0.5065,0.117726,1.691151,35.310831,49.836396,12.278386,2.439896,32.870935,NSE_EQ|INE0KBH01020,OK
nifty500healthcare,Laurus Labs Ltd.,Healthcare,LAURUSLABS,EQ,INE947Q01028,,1.287601,-1.441918,15.667385,35.085122,80.585791,64.711191,2.439896,32.645226,NSE_EQ|INE947Q01028,OK
niftymidsmallhealthcare,Laurus Labs Ltd.,Healthcare,LAURUSLABS,EQ,INE947Q01028,,1.287601,-1.441918,15.667385,35.085122,80.585791,64.711191,2.439896,32.645226,NSE_EQ|INE947Q01028,OK
niftyhealthcare,Laurus Labs Ltd.,Healthcare,LAURUSLABS,EQ,INE947Q01028,,1.287601,-1.441918,15.667385,35.085122,80.585791,64.711191,2.439896,32.645226,NSE_EQ|INE947Q01028,OK
niftypharma,Laurus Labs Ltd.,Healthcare,LAURUSLABS,EQ,INE947Q01028,,1.287601,-1.441918,15.667385,35.085122,80.585791,64.711191,2.439896,32.645226,NSE_EQ|INE947Q01028,OK
nifty500,Laurus Labs Ltd.,Healthcare,LAURUSLABS,EQ,INE947Q01028,,1.287601,-1.441918,15.667385,35.085122,80.585791,64.711191,2.439896,32.645226,NSE_EQ|INE947Q01028,OK
nifty500,Honasa Consumer Ltd.,Fast Moving Consumer Goods,HONASA,EQ,INE0J5401028,,1.510701,0.90729,5.945472,34.202497,60.49096,69.0131,2.439896,31.762601,NSE_EQ|INE0J5401028,OK
nifty500,Action Construction Equipment Ltd.,Capital Goods,ACE,EQ,INE731H01025,,-1.422282,7.984791,15.561731,34.193846,29.788776,23.002166,2.439896,31.75395,NSE_EQ|INE731H01025,OK
nifty500,IFCI Ltd.,Financial Services,IFCI,EQ,INE039A01010,,0.097943,6.652752,14.397649,33.988856,30.046127,54.555766,2.439896,31.54896,NSE_EQ|INE039A01010,OK
nifty500,Leela Palaces Hotels & Resorts Ltd.,Consumer Services,THELEELA,EQ,INE0AQ201015,,1.295045,6.14613,9.907341,32.669617,21.212802,24.483912,2.439896,30.229721,NSE_EQ|INE0AQ201015,OK
nifty500,Sapphire Foods India Ltd.,Consumer Services,SAPPHIRE,EQ,INE806T01020,,3.269009,3.454927,33.748961,32.311825,10.53861,-6.107761,2.439896,29.871929,NSE_EQ|INE806T01020,OK
niftyhousing,Dixon Technologies (India) Ltd.,CONSUMER GOODS,DIXON,EQ,INE935N01020,,2.682893,5.806911,6.973059,31.9062,30.069195,22.706991,2.439896,29.466304,NSE_EQ|INE935N01020,OK
niftylargemidcap250,Dixon Technologies (India) Ltd.,Consumer Durables,DIXON,EQ,INE935N01020,,2.682893,5.806911,6.973059,31.9062,30.069195,22.706991,2.439896,29.466304,NSE_EQ|INE935N01020,OK
nifty200,Dixon Technologies (India) Ltd.,Consumer Durables,DIXON,EQ,INE935N01020,,2.682893,5.806911,6.973059,31.9062,30.069195,22.706991,2.439896,29.466304,NSE_EQ|INE935N01020,OK
nifty500,Dixon Technologies (India) Ltd.,Consumer Durables,DIXON,EQ,INE935N01020,,2.682893,5.806911,6.973059,31.9062,30.069195,22.706991,2.439896,29.466304,NSE_EQ|INE935N01020,OK
niftyconsumerdurables,Dixon Technologies (India) Ltd.,Consumer Durables,DIXON,EQ,INE935N01020,,2.682893,5.806911,6.973059,31.9062,30.069195,22.706991,2.439896,29.466304,NSE_EQ|INE935N01020,OK
nifty500,Ramkrishna Forgings Ltd.,Automobile and Auto Components,RKFORGE,EQ,INE399G01023,,-0.507208,1.650075,29.477158,31.649594,30.474357,42.483035,2.439896,29.209698,NSE_EQ|INE399G01023,OK
nifty500,Radico Khaitan Ltd,Fast Moving Consumer Goods,RADICO,EQ,INE944F01028,,0.0,0.444901,13.224834,31.470646,68.351617,42.372059,2.439896,29.03075,NSE_EQ|INE944F01028,OK
niftyfmcg,Radico Khaitan Ltd,Fast Moving Consumer Goods,RADICO,EQ,INE944F01028,,0.0,0.444901,13.224834,31.470646,68.351617,42.372059,2.439896,29.03075,NSE_EQ|INE944F01028,OK
nifty500,INOX India Ltd.,Capital Goods,INOXINDIA,EQ,INE616N01034,,-0.347096,-0.942376,-5.807463,31.465282,64.494613,69.614672,2.439896,29.025386,NSE_EQ|INE616N01034,OK
Nifty India Internet Index,Justdial Ltd.,Consumer Services,JUSTDIAL,EQ,INE599M01018,,3.058521,0.413071,-5.851027,30.655533,5.797777,-6.156073,2.439896,28.215637,NSE_EQ|INE599M01018,OK
nifty500,Apar Industries Ltd.,Capital Goods,APARINDS,EQ,INE372A01015,,1.017153,-2.560232,23.140132,30.563983,76.469351,100.585599,2.439896,28.124087,NSE_EQ|INE372A01015,OK
niftylargemidcap250,Apar Industries Ltd.,Capital Goods,APARINDS,EQ,INE372A01015,,1.017153,-2.560232,23.140132,30.563983,76.469351,100.585599,2.439896,28.124087,NSE_EQ|INE372A01015,OK
nifty500,Aegis Vopak Terminals Ltd.,Oil Gas & Consumable Fuels,AEGISVOPAK,EQ,INE0INX01018,,-1.314085,-1.804788,-9.828857,30.017069,24.434072,6.917987,2.439896,27.577173,NSE_EQ|INE0INX01018,OK
niftyevnewageautomotive,TVS Motor Company Ltd.,Automobile and Auto Components,TVSMOTOR,EQ,INE494B01023,,0.662677,1.100824,12.345174,29.854764,13.595197,18.017098,2.439896,27.414868,NSE_EQ|INE494B01023,OK
niftylargemidcap250,TVS Motor Company Ltd.,Automobile and Auto Components,TVSMOTOR,EQ,INE494B01023,,0.662677,1.100824,12.345174,29.854764,13.595197,18.017098,2.439896,27.414868,NSE_EQ|INE494B01023,OK
niftynext50,TVS Motor Company Ltd.,Automobile and Auto Components,TVSMOTOR,EQ,INE494B01023,,0.662677,1.100824,12.345174,29.854764,13.595197,18.017098,2.439896,27.414868,NSE_EQ|INE494B01023,OK
nifty200,TVS Motor Company Ltd.,Automobile and Auto Components,TVSMOTOR,EQ,INE494B01023,,0.662677,1.100824,12.345174,29.854764,13.595197,18.017098,2.439896,27.414868,NSE_EQ|INE494B01023,OK
niftyauto,TVS Motor Company Ltd.,Automobile and Auto Components,TVSMOTOR,EQ,INE494B01023,,0.662677,1.100824,12.345174,29.854764,13.595197,18.017098,2.439896,27.414868,NSE_EQ|INE494B01023,OK
nifty500,TVS Motor Company Ltd.,Automobile and Auto Components,TVSMOTOR,EQ,INE494B01023,,0.662677,1.100824,12.345174,29.854764,13.595197,18.017098,2.439896,27.414868,NSE_EQ|INE494B01023,OK
nifty500,Welspun Living Ltd.,Textiles,WELSPUNLIV,EQ,INE192B01031,,4.110572,18.056685,14.364507,29.683849,33.671012,44.512522,2.439896,27.243953,NSE_EQ|INE192B01031,OK
niftyconsumerdurables,PG Electroplast Ltd.,Consumer Durables,PGEL,EQ,INE457L01029,,0.024921,-2.105691,4.631561,29.682283,-2.177269,4.649748,2.439896,27.242388,NSE_EQ|INE457L01029,OK
nifty500,PG Electroplast Ltd.,Consumer Durables,PGEL,EQ,INE457L01029,,0.024921,-2.105691,4.631561,29.682283,-2.177269,4.649748,2.439896,27.242388,NSE_EQ|INE457L01029,OK
nifty500healthcare,Alivus Life Sciences Ltd.,Healthcare,ALIVUS,EQ,INE03Q201024,,0.073046,-0.334643,20.344343,29.67345,48.945423,49.465416,2.439896,27.233554,NSE_EQ|INE03Q201024,OK
nifty500,Vedant Fashions Ltd.,Consumer Services,MANYAVAR,EQ,INE825V01034,,0.875415,4.655832,34.236665,29.64235,20.217439,-5.969765,2.439896,27.202454,NSE_EQ|INE825V01034,OK
nifty500,Zee Entertainment Enterprises Ltd.,Media Entertainment & Publication,ZEEL,EQ,INE256A01028,,5.683819,11.658915,2.504981,29.501319,12.297297,20.086705,2.439896,27.061423,NSE_EQ|INE256A01028,OK
niftymedia,Zee Entertainment Enterprises Ltd.,Media Entertainment & Publication,ZEEL,EQ,INE256A01028,,5.683819,11.658915,2.504981,29.501319,12.297297,20.086705,2.439896,27.061423,NSE_EQ|INE256A01028,OK
nifty500healthcare,Sai Life Sciences Ltd.,Healthcare,SAILIFE,EQ,INE570L01029,,3.473492,1.405733,17.680928,29.303225,60.856971,61.999119,2.439896,26.863329,NSE_EQ|INE570L01029,OK
nifty500,Sai Life Sciences Ltd.,Healthcare,SAILIFE,EQ,INE570L01029,,3.473492,1.405733,17.680928,29.303225,60.856971,61.999119,2.439896,26.863329,NSE_EQ|INE570L01029,OK
nifty500healthcare,Glaxosmithkline Pharmaceuticals Ltd.,Healthcare,GLAXO,EQ,INE159A01016,,-1.078354,12.445177,17.506268,29.258413,15.622109,21.268596,2.439896,26.818518,NSE_EQ|INE159A01016,OK
niftymidsmallhealthcare,Glaxosmithkline Pharmaceuticals Ltd.,Healthcare,GLAXO,EQ,INE159A01016,,-1.078354,12.445177,17.506268,29.258413,15.622109,21.268596,2.439896,26.818518,NSE_EQ|INE159A01016,OK
nifty500,Glaxosmithkline Pharmaceuticals Ltd.,Healthcare,GLAXO,EQ,INE159A01016,,-1.078354,12.445177,17.506268,29.258413,15.622109,21.268596,2.439896,26.818518,NSE_EQ|INE159A01016,OK
niftylargemidcap250,Glaxosmithkline Pharmaceuticals Ltd.,Healthcare,GLAXO,EQ,INE159A01016,,-1.078354,12.445177,17.506268,29.258413,15.622109,21.268596,2.439896,26.818518,NSE_EQ|INE159A01016,OK
nifty500,Devyani International Ltd.,Consumer Services,DEVYANI,EQ,INE872J01023,,3.421973,6.699877,33.589442,28.916609,11.94516,-0.108145,2.439896,26.476713,NSE_EQ|INE872J01023,OK
nifty500,Kirloskar Oil Eng Ltd.,Capital Goods,KIRLOSENG,EQ,INE146L01010,,3.375162,4.378853,-1.727684,28.387174,55.815639,76.411224,2.439896,25.947278,NSE_EQ|INE146L01010,OK
niftymedia,Saregama India Ltd,Media Entertainment & Publication,SAREGAMA,EQ,INE979A01025,,2.300885,-2.153673,6.293421,28.001969,51.639703,48.205128,2.439896,25.562073,NSE_EQ|INE979A01025,OK
nifty500,Saregama India Ltd,Media Entertainment & Publication,SAREGAMA,EQ,INE979A01025,,2.300885,-2.153673,6.293421,28.001969,51.639703,48.205128,2.439896,25.562073,NSE_EQ|INE979A01025,OK
nifty500,Mahindra & Mahindra Financial Services Ltd.,Financial Services,M&MFIN,EQ,INE774D01024,,-1.835216,-3.519173,1.137115,26.660043,5.227679,-5.099256,2.439896,24.220147,NSE_EQ|INE774D01024,OK
niftylargemidcap250,Mahindra & Mahindra Financial Services Ltd.,Financial Services,M&MFIN,EQ,INE774D01024,,-1.835216,-3.519173,1.137115,26.660043,5.227679,-5.099256,2.439896,24.220147,NSE_EQ|INE774D01024,OK
nifty200,Mahindra & Mahindra Financial Services Ltd.,Financial Services,M&MFIN,EQ,INE774D01024,,-1.835216,-3.519173,1.137115,26.660043,5.227679,-5.099256,2.439896,24.220147,NSE_EQ|INE774D01024,OK
niftyprivatebank,IDFC First Bank Ltd.,Financial Services,IDFCFIRSTB,EQ,INE092T01019,,0.409405,-0.820335,6.342914,25.68082,5.273485,0.26866,2.439896,23.240924,NSE_EQ|INE092T01019,OK
nifty200,IDFC First Bank Ltd.,Financial Services,IDFCFIRSTB,EQ,INE092T01019,,0.409405,-0.820335,6.342914,25.68082,5.273485,0.26866,2.439896,23.240924,NSE_EQ|INE092T01019,OK
niftyhousing,IDFC First Bank Ltd.,FINANCIAL SERVICES,IDFCFIRSTB,EQ,INE092T01019,,0.409405,-0.820335,6.342914,25.68082,5.273485,0.26866,2.439896,23.240924,NSE_EQ|INE092T01019,OK
nifty500,IDFC First Bank Ltd.,Financial Services,IDFCFIRSTB,EQ,INE092T01019,,0.409405,-0.820335,6.342914,25.68082,5.273485,0.26866,2.439896,23.240924,NSE_EQ|INE092T01019,OK
niftylargemidcap250,IDFC First Bank Ltd.,Financial Services,IDFCFIRSTB,EQ,INE092T01019,,0.409405,-0.820335,6.342914,25.68082,5.273485,0.26866,2.439896,23.240924,NSE_EQ|INE092T01019,OK
niftybank,IDFC First Bank Ltd.,Financial Services,IDFCFIRSTB,EQ,INE092T01019,,0.409405,-0.820335,6.342914,25.68082,5.273485,0.26866,2.439896,23.240924,NSE_EQ|INE092T01019,OK
niftymidsmallfinancailservice,IDFC First Bank Ltd.,Financial Services,IDFCFIRSTB,EQ,INE092T01019,,0.409405,-0.820335,6.342914,25.68082,5.273485,0.26866,2.439896,23.240924,NSE_EQ|INE092T01019,OK
nifty200,Cholamandalam Investment and Finance Company Ltd.,Financial Services,CHOLAFIN,EQ,INE121A01024,,0.821991,-2.022927,9.311343,25.591755,10.500761,10.968159,2.439896,23.15186,NSE_EQ|INE121A01024,OK
nifty500,Cholamandalam Investment and Finance Company Ltd.,Financial Services,CHOLAFIN,EQ,INE121A01024,,0.821991,-2.022927,9.311343,25.591755,10.500761,10.968159,2.439896,23.15186,NSE_EQ|INE121A01024,OK
niftyfinancialservicesexbank,Cholamandalam Investment and Finance Company Ltd.,Financial Services,CHOLAFIN,EQ,INE121A01024,,0.821991,-2.022927,9.311343,25.591755,10.500761,10.968159,2.439896,23.15186,NSE_EQ|INE121A01024,OK
niftyfinancialservices25-50,Cholamandalam Investment and Finance Company Ltd.,Financial Services,CHOLAFIN,EQ,INE121A01024,,0.821991,-2.022927,9.311343,25.591755,10.500761,10.968159,2.439896,23.15186,NSE_EQ|INE121A01024,OK
niftynext50,Cholamandalam Investment and Finance Company Ltd.,Financial Services,CHOLAFIN,EQ,INE121A01024,,0.821991,-2.022927,9.311343,25.591755,10.500761,10.968159,2.439896,23.15186,NSE_EQ|INE121A01024,OK
niftyfinance,Cholamandalam Investment and Finance Company Ltd.,Financial Services,CHOLAFIN,EQ,INE121A01024,,0.821991,-2.022927,9.311343,25.591755,10.500761,10.968159,2.439896,23.15186,NSE_EQ|INE121A01024,OK
niftylargemidcap250,Cholamandalam Investment and Finance Company Ltd.,Financial Services,CHOLAFIN,EQ,INE121A01024,,0.821991,-2.022927,9.311343,25.591755,10.500761,10.968159,2.439896,23.15186,NSE_EQ|INE121A01024,OK
niftymedia,Nazara Technologies Ltd.,Media Entertainment & Publication,NAZARA,EQ,INE418L01047,,0.041976,0.647523,17.347776,25.350631,28.09029,30.689088,2.439896,22.910735,NSE_EQ|INE418L01047,OK
Nifty India Internet Index,Nazara Technologies Ltd.,Media Entertainment & Publication,NAZARA,EQ,INE418L01047,,0.041976,0.647523,17.347776,25.350631,28.09029,30.689088,2.439896,22.910735,NSE_EQ|INE418L01047,OK
niftymidsmallfinancailservice,Federal Bank Ltd.,Financial Services,FEDERALBNK,EQ,INE171A01029,,-0.975474,0.808625,0.580326,25.215859,23.239681,33.02134,2.439896,22.775963,NSE_EQ|INE171A01029,OK
niftybank,Federal Bank Ltd.,Financial Services,FEDERALBNK,EQ,INE171A01029,,-0.975474,0.808625,0.580326,25.215859,23.239681,33.02134,2.439896,22.775963,NSE_EQ|INE171A01029,OK
niftyprivatebank,Federal Bank Ltd.,Financial Services,FEDERALBNK,EQ,INE171A01029,,-0.975474,0.808625,0.580326,25.215859,23.239681,33.02134,2.439896,22.775963,NSE_EQ|INE171A01029,OK
niftylargemidcap250,Federal Bank Ltd.,Financial Services,FEDERALBNK,EQ,INE171A01029,,-0.975474,0.808625,0.580326,25.215859,23.239681,33.02134,2.439896,22.775963,NSE_EQ|INE171A01029,OK
nifty200,Federal Bank Ltd.,Financial Services,FEDERALBNK,EQ,INE171A01029,,-0.975474,0.808625,0.580326,25.215859,23.239681,33.02134,2.439896,22.775963,NSE_EQ|INE171A01029,OK
niftyhousing,Federal Bank Ltd.,FINANCIAL SERVICES,FEDERALBNK,EQ,INE171A01029,,-0.975474,0.808625,0.580326,25.215859,23.239681,33.02134,2.439896,22.775963,NSE_EQ|INE171A01029,OK
nifty500,Federal Bank Ltd.,Financial Services,FEDERALBNK,EQ,INE171A01029,,-0.975474,0.808625,0.580326,25.215859,23.239681,33.02134,2.439896,22.775963,NSE_EQ|INE171A01029,OK
nifty500,Craftsman Automation Ltd.,Automobile and Auto Components,CRAFTSMAN,EQ,INE00LO01017,,-0.821041,2.991329,13.728723,25.13754,38.316729,39.027245,2.439896,22.697644,NSE_EQ|INE00LO01017,OK
nifty500healthcare,Divi's Laboratories Ltd.,Healthcare,DIVISLAB,EQ,INE361B01024,,0.116822,0.823529,16.022473,24.963546,38.931669,34.063355,2.439896,22.523651,NSE_EQ|INE361B01024,OK
nifty500,Divi's Laboratories Ltd.,Healthcare,DIVISLAB,EQ,INE361B01024,,0.116822,0.823529,16.022473,24.963546,38.931669,34.063355,2.439896,22.523651,NSE_EQ|INE361B01024,OK
niftynext50,Divi's Laboratories Ltd.,Healthcare,DIVISLAB,EQ,INE361B01024,,0.116822,0.823529,16.022473,24.963546,38.931669,34.063355,2.439896,22.523651,NSE_EQ|INE361B01024,OK
niftypharma,Divi's Laboratories Ltd.,Healthcare,DIVISLAB,EQ,INE361B01024,,0.116822,0.823529,16.022473,24.963546,38.931669,34.063355,2.439896,22.523651,NSE_EQ|INE361B01024,OK
niftyhealthcare,Divi's Laboratories Ltd.,Healthcare,DIVISLAB,EQ,INE361B01024,,0.116822,0.823529,16.022473,24.963546,38.931669,34.063355,2.439896,22.523651,NSE_EQ|INE361B01024,OK
nifty200,Divi's Laboratories Ltd.,Healthcare,DIVISLAB,EQ,INE361B01024,,0.116822,0.823529,16.022473,24.963546,38.931669,34.063355,2.439896,22.523651,NSE_EQ|INE361B01024,OK
niftylargemidcap250,Divi's Laboratories Ltd.,Healthcare,DIVISLAB,EQ,INE361B01024,,0.116822,0.823529,16.022473,24.963546,38.931669,34.063355,2.439896,22.523651,NSE_EQ|INE361B01024,OK
nifty500,PTC Industries Ltd.,Capital Goods,PTCIL,EQ,INE596F01018,,0.759949,2.379089,10.384204,24.875907,6.739556,5.602196,2.439896,22.436011,NSE_EQ|INE596F01018,OK
nifty500healthcare,Caplin Point Laboratories Ltd.,Healthcare,CAPLIPOINT,EQ,INE475E01026,,-1.606379,1.200144,1.97936,24.86796,46.124076,37.625809,2.439896,22.428064,NSE_EQ|INE475E01026,OK
nifty500,Caplin Point Laboratories Ltd.,Healthcare,CAPLIPOINT,EQ,INE475E01026,,-1.606379,1.200144,1.97936,24.86796,46.124076,37.625809,2.439896,22.428064,NSE_EQ|INE475E01026,OK
niftyrealty,Brigade Enterprises Ltd.,Realty,BRIGADE,EQ,INE791I01019,,6.474392,6.122276,14.774395,24.800558,9.358616,-5.725047,2.439896,22.360663,NSE_EQ|INE791I01019,OK
nifty500,Brigade Enterprises Ltd.,Realty,BRIGADE,EQ,INE791I01019,,6.474392,6.122276,14.774395,24.800558,9.358616,-5.725047,2.439896,22.360663,NSE_EQ|INE791I01019,OK
nifty500,Poonawalla Fincorp Ltd.,Financial Services,POONAWALLA,EQ,INE511C01022,,0.152037,-1.720708,4.450317,24.665657,6.441883,2.298375,2.439896,22.225762,NSE_EQ|INE511C01022,OK
nifty500,JSW Infrastructure Ltd.,Services,JSWINFRA,EQ,INE880J01026,,-0.015156,-3.368976,-0.045455,24.260689,28.121965,15.818118,2.439896,21.820794,NSE_EQ|INE880J01026,OK
niftylargemidcap250,JSW Infrastructure Ltd.,Services,JSWINFRA,EQ,INE880J01026,,-0.015156,-3.368976,-0.045455,24.260689,28.121965,15.818118,2.439896,21.820794,NSE_EQ|INE880J01026,OK
nifty500,Anant Raj Ltd.,Realty,ANANTRAJ,EQ,INE242C01024,,0.364183,1.084443,2.839296,24.22342,18.910046,15.813996,2.439896,21.783524,NSE_EQ|INE242C01024,OK
niftyrealty,Anant Raj Ltd.,Realty,ANANTRAJ,EQ,INE242C01024,,0.364183,1.084443,2.839296,24.22342,18.910046,15.813996,2.439896,21.783524,NSE_EQ|INE242C01024,OK
nifty500,Titan Company Ltd.,Consumer Durables,TITAN,EQ,INE280A01028,,0.0,0.084918,7.564309,24.121378,21.267228,25.089473,2.439896,21.681483,NSE_EQ|INE280A01028,OK
nifty50,Titan Company Ltd.,Consumer Durables,TITAN,EQ,INE280A01028,,0.0,0.084918,7.564309,24.121378,21.267228,25.089473,2.439896,21.681483,NSE_EQ|INE280A01028,OK
niftyconsumerdurables,Titan Company Ltd.,Consumer Durables,TITAN,EQ,INE280A01028,,0.0,0.084918,7.564309,24.121378,21.267228,25.089473,2.439896,21.681483,NSE_EQ|INE280A01028,OK
nifty200,Titan Company Ltd.,Consumer Durables,TITAN,EQ,INE280A01028,,0.0,0.084918,7.564309,24.121378,21.267228,25.089473,2.439896,21.681483,NSE_EQ|INE280A01028,OK
niftylargemidcap250,Titan Company Ltd.,Consumer Durables,TITAN,EQ,INE280A01028,,0.0,0.084918,7.564309,24.121378,21.267228,25.089473,2.439896,21.681483,NSE_EQ|INE280A01028,OK
nifty500,Tata Technologies Ltd.,Information Technology,TATATECH,EQ,INE142M01025,,1.402991,-5.118609,15.650221,24.07017,37.726703,28.141524,2.439896,21.630274,NSE_EQ|INE142M01025,OK
niftyindiadigital,Tata Technologies Ltd.,Information Technology,TATATECH,EQ,INE142M01025,,1.402991,-5.118609,15.650221,24.07017,37.726703,28.141524,2.439896,21.630274,NSE_EQ|INE142M01025,OK
nifty200,Tata Technologies Ltd.,Information Technology,TATATECH,EQ,INE142M01025,,1.402991,-5.118609,15.650221,24.07017,37.726703,28.141524,2.439896,21.630274,NSE_EQ|INE142M01025,OK
niftyevnewageautomotive,Tata Technologies Ltd.,Information Technology,TATATECH,EQ,INE142M01025,,1.402991,-5.118609,15.650221,24.07017,37.726703,28.141524,2.439896,21.630274,NSE_EQ|INE142M01025,OK
niftylargemidcap250,Tata Technologies Ltd.,Information Technology,TATATECH,EQ,INE142M01025,,1.402991,-5.118609,15.650221,24.07017,37.726703,28.141524,2.439896,21.630274,NSE_EQ|INE142M01025,OK
niftymidsmallitandtelecom,Tata Technologies Ltd.,Information Technology,TATATECH,EQ,INE142M01025,,1.402991,-5.118609,15.650221,24.07017,37.726703,28.141524,2.439896,21.630274,NSE_EQ|INE142M01025,OK
nifty500,Finolex Cables Ltd.,Capital Goods,FINCABLES,EQ,INE235A01022,,-1.71272,3.353878,27.224357,23.784872,59.250123,72.228892,2.439896,21.344976,NSE_EQ|INE235A01022,OK
nifty500,Samvardhana Motherson International Ltd.,Automobile and Auto Components,MOTHERSON,EQ,INE775A01035,,-0.416936,1.30227,18.091922,23.781022,29.193966,41.38736,2.439896,21.341126,NSE_EQ|INE775A01035,OK
nifty200,Samvardhana Motherson International Ltd.,Automobile and Auto Components,MOTHERSON,EQ,INE775A01035,,-0.416936,1.30227,18.091922,23.781022,29.193966,41.38736,2.439896,21.341126,NSE_EQ|INE775A01035,OK
niftyauto,Samvardhana Motherson International Ltd.,Automobile and Auto Components,MOTHERSON,EQ,INE775A01035,,-0.416936,1.30227,18.091922,23.781022,29.193966,41.38736,2.439896,21.341126,NSE_EQ|INE775A01035,OK
niftyinfra,Samvardhana Motherson International Ltd.,Automobile and Auto Components,MOTHERSON,EQ,INE775A01035,,-0.416936,1.30227,18.091922,23.781022,29.193966,41.38736,2.439896,21.341126,NSE_EQ|INE775A01035,OK
niftynext50,Samvardhana Motherson International Ltd.,Automobile and Auto Components,MOTHERSON,EQ,INE775A01035,,-0.416936,1.30227,18.091922,23.781022,29.193966,41.38736,2.439896,21.341126,NSE_EQ|INE775A01035,OK
niftylargemidcap250,Samvardhana Motherson International Ltd.,Automobile and Auto Components,MOTHERSON,EQ,INE775A01035,,-0.416936,1.30227,18.091922,23.781022,29.193966,41.38736,2.439896,21.341126,NSE_EQ|INE775A01035,OK
niftyevnewageautomotive,Samvardhana Motherson International Ltd.,Automobile and Auto Components,MOTHERSON,EQ,INE775A01035,,-0.416936,1.30227,18.091922,23.781022,29.193966,41.38736,2.439896,21.341126,NSE_EQ|INE775A01035,OK
nifty500,PVR INOX Ltd.,Media Entertainment & Publication,PVRINOX,EQ,INE191H01014,,1.548838,3.690162,22.852969,23.481166,15.795471,20.124113,2.439896,21.041271,NSE_EQ|INE191H01014,OK
niftymedia,PVR INOX Ltd.,Media Entertainment & Publication,PVRINOX,EQ,INE191H01014,,1.548838,3.690162,22.852969,23.481166,15.795471,20.124113,2.439896,21.041271,NSE_EQ|INE191H01014,OK
nifty50,Shriram Finance Ltd.,Financial Services,SHRIRAMFIN,EQ,INE721A01047,,2.007233,-0.362095,6.55459,23.334244,5.854757,13.250351,2.439896,20.894349,NSE_EQ|INE721A01047,OK
niftyfinancialservicesexbank,Shriram Finance Ltd.,Financial Services,SHRIRAMFIN,EQ,INE721A01047,,2.007233,-0.362095,6.55459,23.334244,5.854757,13.250351,2.439896,20.894349,NSE_EQ|INE721A01047,OK
nifty500,Shriram Finance Ltd.,Financial Services,SHRIRAMFIN,EQ,INE721A01047,,2.007233,-0.362095,6.55459,23.334244,5.854757,13.250351,2.439896,20.894349,NSE_EQ|INE721A01047,OK
niftylargemidcap250,Shriram Finance Ltd.,Financial Services,SHRIRAMFIN,EQ,INE721A01047,,2.007233,-0.362095,6.55459,23.334244,5.854757,13.250351,2.439896,20.894349,NSE_EQ|INE721A01047,OK
niftyfinancialservices25-50,Shriram Finance Ltd.,Financial Services,SHRIRAMFIN,EQ,INE721A01047,,2.007233,-0.362095,6.55459,23.334244,5.854757,13.250351,2.439896,20.894349,NSE_EQ|INE721A01047,OK
nifty200,Shriram Finance Ltd.,Financial Services,SHRIRAMFIN,EQ,INE721A01047,,2.007233,-0.362095,6.55459,23.334244,5.854757,13.250351,2.439896,20.894349,NSE_EQ|INE721A01047,OK
niftyfinance,Shriram Finance Ltd.,Financial Services,SHRIRAMFIN,EQ,INE721A01047,,2.007233,-0.362095,6.55459,23.334244,5.854757,13.250351,2.439896,20.894349,NSE_EQ|INE721A01047,OK
nifty500,Jindal Saw Ltd.,Capital Goods,JINDALSAW,EQ,INE324A01032,,0.39077,2.023449,1.734867,23.128538,41.83931,60.622841,2.439896,20.688642,NSE_EQ|INE324A01032,OK
nifty500healthcare,Piramal Pharma Ltd.,Healthcare,PPLPHARMA,EQ,INE0DK501011,,3.348598,1.876146,22.337662,23.046343,30.557397,25.811509,2.439896,20.606447,NSE_EQ|INE0DK501011,OK
niftymidsmallhealthcare,Piramal Pharma Ltd.,Healthcare,PPLPHARMA,EQ,INE0DK501011,,3.348598,1.876146,22.337662,23.046343,30.557397,25.811509,2.439896,20.606447,NSE_EQ|INE0DK501011,OK
niftypharma,Piramal Pharma Ltd.,Healthcare,PPLPHARMA,EQ,INE0DK501011,,3.348598,1.876146,22.337662,23.046343,30.557397,25.811509,2.439896,20.606447,NSE_EQ|INE0DK501011,OK
niftyhealthcare,Piramal Pharma Ltd.,Healthcare,PPLPHARMA,EQ,INE0DK501011,,3.348598,1.876146,22.337662,23.046343,30.557397,25.811509,2.439896,20.606447,NSE_EQ|INE0DK501011,OK
nifty500,Piramal Pharma Ltd.,Healthcare,PPLPHARMA,EQ,INE0DK501011,,3.348598,1.876146,22.337662,23.046343,30.557397,25.811509,2.439896,20.606447,NSE_EQ|INE0DK501011,OK
niftyevnewageautomotive,Gujarat Fluorochemicals Ltd.,Chemicals,FLUOROCHEM,EQ,INE09N301011,,-0.136487,-0.678728,2.010718,22.346763,37.807534,27.722772,2.439896,19.906867,NSE_EQ|INE09N301011,OK
nifty500,Gujarat Fluorochemicals Ltd.,Chemicals,FLUOROCHEM,EQ,INE09N301011,,-0.136487,-0.678728,2.010718,22.346763,37.807534,27.722772,2.439896,19.906867,NSE_EQ|INE09N301011,OK
niftychemicals,Gujarat Fluorochemicals Ltd.,Chemicals,FLUOROCHEM,EQ,INE09N301011,,-0.136487,-0.678728,2.010718,22.346763,37.807534,27.722772,2.439896,19.906867,NSE_EQ|INE09N301011,OK
niftylargemidcap250,Gujarat Fluorochemicals Ltd.,Chemicals,FLUOROCHEM,EQ,INE09N301011,,-0.136487,-0.678728,2.010718,22.346763,37.807534,27.722772,2.439896,19.906867,NSE_EQ|INE09N301011,OK
Nifty India Internet Index,Urban Company Ltd.,Consumer Services,URBANCO,EQ,INE0CAZ01013,,-1.582899,2.936182,11.162897,21.769334,19.991753,8.940472,2.439896,19.329438,NSE_EQ|INE0CAZ01013,OK
niftyindiadigital,Oracle Financial Services Software Ltd.,Information Technology,OFSS,EQ,INE881D01027,,0.441651,3.555166,8.985347,21.535378,78.129236,53.844152,2.439896,19.095483,NSE_EQ|INE881D01027,OK
nifty500,Oracle Financial Services Software Ltd.,Information Technology,OFSS,EQ,INE881D01027,,0.441651,3.555166,8.985347,21.535378,78.129236,53.844152,2.439896,19.095483,NSE_EQ|INE881D01027,OK
nifty200,Oracle Financial Services Software Ltd.,Information Technology,OFSS,EQ,INE881D01027,,0.441651,3.555166,8.985347,21.535378,78.129236,53.844152,2.439896,19.095483,NSE_EQ|INE881D01027,OK
niftymidsmallitandtelecom,Oracle Financial Services Software Ltd.,Information Technology,OFSS,EQ,INE881D01027,,0.441651,3.555166,8.985347,21.535378,78.129236,53.844152,2.439896,19.095483,NSE_EQ|INE881D01027,OK
niftylargemidcap250,Oracle Financial Services Software Ltd.,Information Technology,OFSS,EQ,INE881D01027,,0.441651,3.555166,8.985347,21.535378,78.129236,53.844152,2.439896,19.095483,NSE_EQ|INE881D01027,OK
niftyit,Oracle Financial Services Software Ltd.,Information Technology,OFSS,EQ,INE881D01027,,0.441651,3.555166,8.985347,21.535378,78.129236,53.844152,2.439896,19.095483,NSE_EQ|INE881D01027,OK
nifty500,Capri Global Capital Ltd.,Financial Services,CGCL,EQ,INE180C01042,,-0.495071,-2.600381,-7.741803,21.438205,27.008576,23.118574,2.439896,18.998309,NSE_EQ|INE180C01042,OK
nifty200,United Spirits Ltd.,Fast Moving Consumer Goods,UNITDSPR,EQ,INE854D01024,,1.312336,1.914191,9.955847,21.326418,10.096977,6.947427,2.439896,18.886523,NSE_EQ|INE854D01024,OK
nifty500,United Spirits Ltd.,Fast Moving Consumer Goods,UNITDSPR,EQ,INE854D01024,,1.312336,1.914191,9.955847,21.326418,10.096977,6.947427,2.439896,18.886523,NSE_EQ|INE854D01024,OK
niftynext50,United Spirits Ltd.,Fast Moving Consumer Goods,UNITDSPR,EQ,INE854D01024,,1.312336,1.914191,9.955847,21.326418,10.096977,6.947427,2.439896,18.886523,NSE_EQ|INE854D01024,OK
niftyfmcg,United Spirits Ltd.,Fast Moving Consumer Goods,UNITDSPR,EQ,INE854D01024,,1.312336,1.914191,9.955847,21.326418,10.096977,6.947427,2.439896,18.886523,NSE_EQ|INE854D01024,OK
niftylargemidcap250,United Spirits Ltd.,Fast Moving Consumer Goods,UNITDSPR,EQ,INE854D01024,,1.312336,1.914191,9.955847,21.326418,10.096977,6.947427,2.439896,18.886523,NSE_EQ|INE854D01024,OK
nifty500,K.P.R. Mill Ltd.,Textiles,KPRMILL,EQ,INE930H01031,,2.397443,6.31511,8.302029,21.172638,23.933369,22.368421,2.439896,18.732743,NSE_EQ|INE930H01031,OK
niftylargemidcap250,K.P.R. Mill Ltd.,Textiles,KPRMILL,EQ,INE930H01031,,2.397443,6.31511,8.302029,21.172638,23.933369,22.368421,2.439896,18.732743,NSE_EQ|INE930H01031,OK
niftymidsmallhealthcare,Gland Pharma Ltd.,Healthcare,GLAND,EQ,INE068V01023,,-0.749657,-4.973716,15.616416,20.978121,58.355795,63.763066,2.439896,18.538225,NSE_EQ|INE068V01023,OK
nifty500healthcare,Gland Pharma Ltd.,Healthcare,GLAND,EQ,INE068V01023,,-0.749657,-4.973716,15.616416,20.978121,58.355795,63.763066,2.439896,18.538225,NSE_EQ|INE068V01023,OK
nifty500,Gland Pharma Ltd.,Healthcare,GLAND,EQ,INE068V01023,,-0.749657,-4.973716,15.616416,20.978121,58.355795,63.763066,2.439896,18.538225,NSE_EQ|INE068V01023,OK
niftypharma,Gland Pharma Ltd.,Healthcare,GLAND,EQ,INE068V01023,,-0.749657,-4.973716,15.616416,20.978121,58.355795,63.763066,2.439896,18.538225,NSE_EQ|INE068V01023,OK
nifty500,Anand Rathi Wealth Ltd.,Financial Services,ANANDRATHI,EQ,INE463V01026,,-0.826786,-1.259778,4.394865,20.764267,45.262947,39.512916,2.439896,18.324372,NSE_EQ|INE463V01026,OK
niftylargemidcap250,Hyundai Motor India Ltd.,Automobile and Auto Components,HYUNDAI,EQ,INE0V6F01027,,2.414348,-0.451477,14.463405,20.691524,2.179399,-3.089643,2.439896,18.251628,NSE_EQ|INE0V6F01027,OK
niftynext50,Hyundai Motor India Ltd.,Automobile and Auto Components,HYUNDAI,EQ,INE0V6F01027,,2.414348,-0.451477,14.463405,20.691524,2.179399,-3.089643,2.439896,18.251628,NSE_EQ|INE0V6F01027,OK
niftyevnewageautomotive,Hyundai Motor India Ltd.,Automobile and Auto Components,HYUNDAI,EQ,INE0V6F01027,,2.414348,-0.451477,14.463405,20.691524,2.179399,-3.089643,2.439896,18.251628,NSE_EQ|INE0V6F01027,OK
nifty200,Hyundai Motor India Ltd.,Automobile and Auto Components,HYUNDAI,EQ,INE0V6F01027,,2.414348,-0.451477,14.463405,20.691524,2.179399,-3.089643,2.439896,18.251628,NSE_EQ|INE0V6F01027,OK
nifty500,Hyundai Motor India Ltd.,Automobile and Auto Components,HYUNDAI,EQ,INE0V6F01027,,2.414348,-0.451477,14.463405,20.691524,2.179399,-3.089643,2.439896,18.251628,NSE_EQ|INE0V6F01027,OK
niftylargemidcap250,Bajaj Finance Ltd.,Financial Services,BAJFINANCE,EQ,INE296A01032,,1.370117,0.385039,3.272659,20.641216,6.855331,10.964734,2.439896,18.201321,NSE_EQ|INE296A01032,OK
niftyfinance,Bajaj Finance Ltd.,Financial Services,BAJFINANCE,EQ,INE296A01032,,1.370117,0.385039,3.272659,20.641216,6.855331,10.964734,2.439896,18.201321,NSE_EQ|INE296A01032,OK
nifty50,Bajaj Finance Ltd.,Financial Services,BAJFINANCE,EQ,INE296A01032,,1.370117,0.385039,3.272659,20.641216,6.855331,10.964734,2.439896,18.201321,NSE_EQ|INE296A01032,OK
nifty500,Bajaj Finance Ltd.,Financial Services,BAJFINANCE,EQ,INE296A01032,,1.370117,0.385039,3.272659,20.641216,6.855331,10.964734,2.439896,18.201321,NSE_EQ|INE296A01032,OK
niftyfinancialservices25-50,Bajaj Finance Ltd.,Financial Services,BAJFINANCE,EQ,INE296A01032,,1.370117,0.385039,3.272659,20.641216,6.855331,10.964734,2.439896,18.201321,NSE_EQ|INE296A01032,OK
niftyfinancialservicesexbank,Bajaj Finance Ltd.,Financial Services,BAJFINANCE,EQ,INE296A01032,,1.370117,0.385039,3.272659,20.641216,6.855331,10.964734,2.439896,18.201321,NSE_EQ|INE296A01032,OK
nifty200,Bajaj Finance Ltd.,Financial Services,BAJFINANCE,EQ,INE296A01032,,1.370117,0.385039,3.272659,20.641216,6.855331,10.964734,2.439896,18.201321,NSE_EQ|INE296A01032,OK
nifty200,FSN E-Commerce Ventures Ltd.,Consumer Services,NYKAA,EQ,INE388Y01029,,0.91645,-0.241582,1.148194,20.346084,21.922864,24.589855,2.439896,17.906188,NSE_EQ|INE388Y01029,OK
niftylargemidcap250,FSN E-Commerce Ventures Ltd.,Consumer Services,NYKAA,EQ,INE388Y01029,,0.91645,-0.241582,1.148194,20.346084,21.922864,24.589855,2.439896,17.906188,NSE_EQ|INE388Y01029,OK
niftyindiadigital,FSN E-Commerce Ventures Ltd.,Consumer Services,NYKAA,EQ,INE388Y01029,,0.91645,-0.241582,1.148194,20.346084,21.922864,24.589855,2.439896,17.906188,NSE_EQ|INE388Y01029,OK
Nifty India Internet Index,FSN E-Commerce Ventures Ltd.,Consumer Services,NYKAA,EQ,INE388Y01029,,0.91645,-0.241582,1.148194,20.346084,21.922864,24.589855,2.439896,17.906188,NSE_EQ|INE388Y01029,OK
nifty500,FSN E-Commerce Ventures Ltd.,Consumer Services,NYKAA,EQ,INE388Y01029,,0.91645,-0.241582,1.148194,20.346084,21.922864,24.589855,2.439896,17.906188,NSE_EQ|INE388Y01029,OK
nifty500,H.E.G. Ltd.,Capital Goods,HEG,EQ,INE545A01024,,0.550809,3.631732,18.886199,20.200912,35.223172,14.121984,2.439896,17.761016,NSE_EQ|INE545A01024,OK
nifty500,Kaynes Technology India Ltd.,Capital Goods,KAYNES,EQ,INE918Z01012,,-0.21709,1.449275,17.297995,20.161265,-3.233989,-4.933965,2.439896,17.721369,NSE_EQ|INE918Z01012,OK
nifty500,Choice International Ltd.,Financial Services,CHOICEIN,EQ,INE102B01014,,1.1556,-0.06788,0.061789,20.035579,7.408636,-3.198039,2.439896,17.595684,NSE_EQ|INE102B01014,OK
nifty500,Affle 3i Ltd.,Information Technology,AFFLE,EQ,INE00WC01027,,2.107687,5.26476,15.376918,19.920954,10.829862,-3.884628,2.439896,17.481058,NSE_EQ|INE00WC01027,OK
niftyindiadigital,Affle 3i Ltd.,Information Technology,AFFLE,EQ,INE00WC01027,,2.107687,5.26476,15.376918,19.920954,10.829862,-3.884628,2.439896,17.481058,NSE_EQ|INE00WC01027,OK
niftymidsmallitandtelecom,Affle 3i Ltd.,Information Technology,AFFLE,EQ,INE00WC01027,,2.107687,5.26476,15.376918,19.920954,10.829862,-3.884628,2.439896,17.481058,NSE_EQ|INE00WC01027,OK
nifty500,Data Patterns (India) Ltd.,Capital Goods,DATAPATTNS,EQ,INE0IX101010,,-1.549998,3.77321,-1.727022,19.461177,69.755851,78.946166,2.439896,17.021281,NSE_EQ|INE0IX101010,OK
niftyindiadefence,Data Patterns (India) Ltd.,Capital Goods,DATAPATTNS,EQ,INE0IX101010,,-1.549998,3.77321,-1.727022,19.461177,69.755851,78.946166,2.439896,17.021281,NSE_EQ|INE0IX101010,OK
nifty500,RBL Bank Ltd.,Financial Services,RBLBANK,EQ,INE976G01028,,2.830931,1.304067,10.351617,19.330798,25.015934,24.224193,2.439896,16.890903,NSE_EQ|INE976G01028,OK
niftyprivatebank,RBL Bank Ltd.,Financial Services,RBLBANK,EQ,INE976G01028,,2.830931,1.304067,10.351617,19.330798,25.015934,24.224193,2.439896,16.890903,NSE_EQ|INE976G01028,OK
niftyhousing,RBL Bank Ltd.,FINANCIAL SERVICES,RBLBANK,EQ,INE976G01028,,2.830931,1.304067,10.351617,19.330798,25.015934,24.224193,2.439896,16.890903,NSE_EQ|INE976G01028,OK
niftymidsmallfinancailservice,RBL Bank Ltd.,Financial Services,RBLBANK,EQ,INE976G01028,,2.830931,1.304067,10.351617,19.330798,25.015934,24.224193,2.439896,16.890903,NSE_EQ|INE976G01028,OK
niftyevnewageautomotive,Himadri Speciality Chemical Ltd.,Chemicals,HSCL,EQ,INE019C01026,,-6.137954,-9.503309,-8.33713,19.244772,56.36727,44.347648,2.439896,16.804876,NSE_EQ|INE019C01026,OK
niftychemicals,Himadri Speciality Chemical Ltd.,Chemicals,HSCL,EQ,INE019C01026,,-6.137954,-9.503309,-8.33713,19.244772,56.36727,44.347648,2.439896,16.804876,NSE_EQ|INE019C01026,OK
nifty500,Himadri Speciality Chemical Ltd.,Chemicals,HSCL,EQ,INE019C01026,,-6.137954,-9.503309,-8.33713,19.244772,56.36727,44.347648,2.439896,16.804876,NSE_EQ|INE019C01026,OK
nifty500,CreditAccess Grameen Ltd.,Financial Services,CREDITACC,EQ,INE741K01010,,0.993813,-0.512189,3.062664,19.036537,20.826772,20.485239,2.439896,16.596641,NSE_EQ|INE741K01010,OK
nifty500,Zen Technologies Ltd.,Capital Goods,ZENTEC,EQ,INE251B01027,,-1.215978,4.219893,5.201962,19.036039,45.25603,39.5133,2.439896,16.596144,NSE_EQ|INE251B01027,OK
niftyindiadefence,Zen Technologies Ltd.,Capital Goods,ZENTEC,EQ,INE251B01027,,-1.215978,4.219893,5.201962,19.036039,45.25603,39.5133,2.439896,16.596144,NSE_EQ|INE251B01027,OK
nifty500,Vijaya Diagnostic Centre Ltd.,Healthcare,VIJAYA,EQ,INE043W01024,,0.563758,0.800538,14.111644,18.986739,51.652244,41.225259,2.439896,16.546843,NSE_EQ|INE043W01024,OK
nifty500healthcare,Vijaya Diagnostic Centre Ltd.,Healthcare,VIJAYA,EQ,INE043W01024,,0.563758,0.800538,14.111644,18.986739,51.652244,41.225259,2.439896,16.546843,NSE_EQ|INE043W01024,OK
nifty500,Five-Star Business Finance Ltd.,Financial Services,FIVESTAR,EQ,INE128S01021,,1.189448,-3.255686,-3.273427,18.50146,19.875,-3.282296,2.439896,16.061565,NSE_EQ|INE128S01021,OK
nifty500,Kirloskar Brothers Ltd.,Capital Goods,KIRLOSBROS,EQ,INE732A01036,,-1.701343,-0.893826,2.205882,18.246825,19.543812,19.128059,2.439896,15.80693,NSE_EQ|INE732A01036,OK
nifty500,Newgen Software Technologies Ltd.,Information Technology,NEWGEN,EQ,INE619B01017,,1.423214,-2.774705,-1.087874,17.935816,9.956214,-37.599101,2.439896,15.49592,NSE_EQ|INE619B01017,OK
nifty500,eClerx Services Ltd.,Services,ECLERX,EQ,INE738I01010,,-1.53309,-3.455654,-7.298783,17.423552,-1.538462,-23.121486,2.439896,14.983657,NSE_EQ|INE738I01010,OK
niftylargemidcap250,InterGlobe Aviation Ltd.,Services,INDIGO,EQ,INE646L01027,,-0.539187,-3.817505,0.93805,17.306382,4.783738,2.085186,2.439896,14.866486,NSE_EQ|INE646L01027,OK
niftyinfra,InterGlobe Aviation Ltd.,Services,INDIGO,EQ,INE646L01027,,-0.539187,-3.817505,0.93805,17.306382,4.783738,2.085186,2.439896,14.866486,NSE_EQ|INE646L01027,OK
nifty200,InterGlobe Aviation Ltd.,Services,INDIGO,EQ,INE646L01027,,-0.539187,-3.817505,0.93805,17.306382,4.783738,2.085186,2.439896,14.866486,NSE_EQ|INE646L01027,OK
nifty50,InterGlobe Aviation Ltd.,Services,INDIGO,EQ,INE646L01027,,-0.539187,-3.817505,0.93805,17.306382,4.783738,2.085186,2.439896,14.866486,NSE_EQ|INE646L01027,OK
nifty500,InterGlobe Aviation Ltd.,Services,INDIGO,EQ,INE646L01027,,-0.539187,-3.817505,0.93805,17.306382,4.783738,2.085186,2.439896,14.866486,NSE_EQ|INE646L01027,OK
nifty200,Aditya Birla Capital Ltd.,Financial Services,ABCAPITAL,EQ,INE674K01013,,3.282828,0.318862,2.096855,17.057813,21.653778,14.341627,2.439896,14.617918,NSE_EQ|INE674K01013,OK
niftyfinancialservicesexbank,Aditya Birla Capital Ltd.,Financial Services,ABCAPITAL,EQ,INE674K01013,,3.282828,0.318862,2.096855,17.057813,21.653778,14.341627,2.439896,14.617918,NSE_EQ|INE674K01013,OK
nifty500,Aditya Birla Capital Ltd.,Financial Services,ABCAPITAL,EQ,INE674K01013,,3.282828,0.318862,2.096855,17.057813,21.653778,14.341627,2.439896,14.617918,NSE_EQ|INE674K01013,OK
niftylargemidcap250,Aditya Birla Capital Ltd.,Financial Services,ABCAPITAL,EQ,INE674K01013,,3.282828,0.318862,2.096855,17.057813,21.653778,14.341627,2.439896,14.617918,NSE_EQ|INE674K01013,OK
niftymidsmallfinancailservice,Aditya Birla Capital Ltd.,Financial Services,ABCAPITAL,EQ,INE674K01013,,3.282828,0.318862,2.096855,17.057813,21.653778,14.341627,2.439896,14.617918,NSE_EQ|INE674K01013,OK
niftylargemidcap250,UNO Minda Ltd.,Automobile and Auto Components,UNOMINDA,EQ,INE405E01023,,-0.904088,1.653226,11.459899,16.810305,1.326367,-1.967647,2.439896,14.370409,NSE_EQ|INE405E01023,OK
nifty500,UNO Minda Ltd.,Automobile and Auto Components,UNOMINDA,EQ,INE405E01023,,-0.904088,1.653226,11.459899,16.810305,1.326367,-1.967647,2.439896,14.370409,NSE_EQ|INE405E01023,OK
niftyauto,UNO Minda Ltd.,Automobile and Auto Components,UNOMINDA,EQ,INE405E01023,,-0.904088,1.653226,11.459899,16.810305,1.326367,-1.967647,2.439896,14.370409,NSE_EQ|INE405E01023,OK
niftyevnewageautomotive,UNO Minda Ltd.,Automobile and Auto Components,UNOMINDA,EQ,INE405E01023,,-0.904088,1.653226,11.459899,16.810305,1.326367,-1.967647,2.439896,14.370409,NSE_EQ|INE405E01023,OK
niftyauto,Eicher Motors Ltd.,Automobile and Auto Components,EICHERMOT,EQ,INE066A01021,,0.644515,-0.716049,5.372117,16.686013,-0.285183,9.976068,2.439896,14.246117,NSE_EQ|INE066A01021,OK
nifty500,Eicher Motors Ltd.,Automobile and Auto Components,EICHERMOT,EQ,INE066A01021,,0.644515,-0.716049,5.372117,16.686013,-0.285183,9.976068,2.439896,14.246117,NSE_EQ|INE066A01021,OK
niftyevnewageautomotive,Eicher Motors Ltd.,Automobile and Auto Components,EICHERMOT,EQ,INE066A01021,,0.644515,-0.716049,5.372117,16.686013,-0.285183,9.976068,2.439896,14.246117,NSE_EQ|INE066A01021,OK
nifty50,Eicher Motors Ltd.,Automobile and Auto Components,EICHERMOT,EQ,INE066A01021,,0.644515,-0.716049,5.372117,16.686013,-0.285183,9.976068,2.439896,14.246117,NSE_EQ|INE066A01021,OK
nifty200,Eicher Motors Ltd.,Automobile and Auto Components,EICHERMOT,EQ,INE066A01021,,0.644515,-0.716049,5.372117,16.686013,-0.285183,9.976068,2.439896,14.246117,NSE_EQ|INE066A01021,OK
niftylargemidcap250,Eicher Motors Ltd.,Automobile and Auto Components,EICHERMOT,EQ,INE066A01021,,0.644515,-0.716049,5.372117,16.686013,-0.285183,9.976068,2.439896,14.246117,NSE_EQ|INE066A01021,OK
nifty200,L&T Finance Ltd.,Financial Services,LTF,EQ,INE498L01015,,-0.206088,-0.190265,2.893102,16.638873,10.39986,-0.379807,2.439896,14.198978,NSE_EQ|INE498L01015,OK
niftylargemidcap250,L&T Finance Ltd.,Financial Services,LTF,EQ,INE498L01015,,-0.206088,-0.190265,2.893102,16.638873,10.39986,-0.379807,2.439896,14.198978,NSE_EQ|INE498L01015,OK
niftyfinancialservicesexbank,L&T Finance Ltd.,Financial Services,LTF,EQ,INE498L01015,,-0.206088,-0.190265,2.893102,16.638873,10.39986,-0.379807,2.439896,14.198978,NSE_EQ|INE498L01015,OK
nifty500,L&T Finance Ltd.,Financial Services,LTF,EQ,INE498L01015,,-0.206088,-0.190265,2.893102,16.638873,10.39986,-0.379807,2.439896,14.198978,NSE_EQ|INE498L01015,OK
niftymidsmallfinancailservice,L&T Finance Ltd.,Financial Services,LTF,EQ,INE498L01015,,-0.206088,-0.190265,2.893102,16.638873,10.39986,-0.379807,2.439896,14.198978,NSE_EQ|INE498L01015,OK
niftychemicals,Sumitomo Chemical India Ltd.,Chemicals,SUMICHEM,EQ,INE258G01013,,-0.433057,1.620626,3.878012,16.548738,35.560742,17.154989,2.439896,14.108842,NSE_EQ|INE258G01013,OK
nifty500,Sumitomo Chemical India Ltd.,Chemicals,SUMICHEM,EQ,INE258G01013,,-0.433057,1.620626,3.878012,16.548738,35.560742,17.154989,2.439896,14.108842,NSE_EQ|INE258G01013,OK
nifty200,Jubilant Foodworks Ltd.,Consumer Services,JUBLFOOD,EQ,INE797F01020,,1.806141,3.20415,21.596357,16.446689,-4.839617,-9.183673,2.439896,14.006793,NSE_EQ|INE797F01020,OK
niftylargemidcap250,Jubilant Foodworks Ltd.,Consumer Services,JUBLFOOD,EQ,INE797F01020,,1.806141,3.20415,21.596357,16.446689,-4.839617,-9.183673,2.439896,14.006793,NSE_EQ|INE797F01020,OK
nifty500,Jubilant Foodworks Ltd.,Consumer Services,JUBLFOOD,EQ,INE797F01020,,1.806141,3.20415,21.596357,16.446689,-4.839617,-9.183673,2.439896,14.006793,NSE_EQ|INE797F01020,OK
niftylargemidcap250,Godrej Properties Ltd.,Realty,GODREJPROP,EQ,INE484J01027,,0.632691,-0.394477,-2.935947,16.299154,11.812244,0.778288,2.439896,13.859258,NSE_EQ|INE484J01027,OK
niftyinfra,Godrej Properties Ltd.,Realty,GODREJPROP,EQ,INE484J01027,,0.632691,-0.394477,-2.935947,16.299154,11.812244,0.778288,2.439896,13.859258,NSE_EQ|INE484J01027,OK
niftyrealty,Godrej Properties Ltd.,Realty,GODREJPROP,EQ,INE484J01027,,0.632691,-0.394477,-2.935947,16.299154,11.812244,0.778288,2.439896,13.859258,NSE_EQ|INE484J01027,OK
niftyhousing,Godrej Properties Ltd.,CONSTRUCTION,GODREJPROP,EQ,INE484J01027,,0.632691,-0.394477,-2.935947,16.299154,11.812244,0.778288,2.439896,13.859258,NSE_EQ|INE484J01027,OK
nifty200,Godrej Properties Ltd.,Realty,GODREJPROP,EQ,INE484J01027,,0.632691,-0.394477,-2.935947,16.299154,11.812244,0.778288,2.439896,13.859258,NSE_EQ|INE484J01027,OK
nifty500,Godrej Properties Ltd.,Realty,GODREJPROP,EQ,INE484J01027,,0.632691,-0.394477,-2.935947,16.299154,11.812244,0.778288,2.439896,13.859258,NSE_EQ|INE484J01027,OK
niftymidsmallhealthcare,Ajanta Pharmaceuticals Ltd.,Healthcare,AJANTPHARM,EQ,INE031B01049,,-1.062765,1.217285,5.773512,16.175537,25.29023,32.131894,2.439896,13.735641,NSE_EQ|INE031B01049,OK
niftypharma,Ajanta Pharmaceuticals Ltd.,Healthcare,AJANTPHARM,EQ,INE031B01049,,-1.062765,1.217285,5.773512,16.175537,25.29023,32.131894,2.439896,13.735641,NSE_EQ|INE031B01049,OK
nifty500healthcare,Ajanta Pharmaceuticals Ltd.,Healthcare,AJANTPHARM,EQ,INE031B01049,,-1.062765,1.217285,5.773512,16.175537,25.29023,32.131894,2.439896,13.735641,NSE_EQ|INE031B01049,OK
nifty500,Ajanta Pharmaceuticals Ltd.,Healthcare,AJANTPHARM,EQ,INE031B01049,,-1.062765,1.217285,5.773512,16.175537,25.29023,32.131894,2.439896,13.735641,NSE_EQ|INE031B01049,OK
niftylargemidcap250,Ajanta Pharmaceuticals Ltd.,Healthcare,AJANTPHARM,EQ,INE031B01049,,-1.062765,1.217285,5.773512,16.175537,25.29023,32.131894,2.439896,13.735641,NSE_EQ|INE031B01049,OK
niftyhealthcare,Ipca Laboratories Ltd.,Healthcare,IPCALAB,EQ,INE571A01038,,-0.189105,5.778545,6.239866,16.072083,27.918406,33.913595,2.439896,13.632187,NSE_EQ|INE571A01038,OK
niftylargemidcap250,Ipca Laboratories Ltd.,Healthcare,IPCALAB,EQ,INE571A01038,,-0.189105,5.778545,6.239866,16.072083,27.918406,33.913595,2.439896,13.632187,NSE_EQ|INE571A01038,OK
nifty500healthcare,Ipca Laboratories Ltd.,Healthcare,IPCALAB,EQ,INE571A01038,,-0.189105,5.778545,6.239866,16.072083,27.918406,33.913595,2.439896,13.632187,NSE_EQ|INE571A01038,OK
niftypharma,Ipca Laboratories Ltd.,Healthcare,IPCALAB,EQ,INE571A01038,,-0.189105,5.778545,6.239866,16.072083,27.918406,33.913595,2.439896,13.632187,NSE_EQ|INE571A01038,OK
nifty500,Ipca Laboratories Ltd.,Healthcare,IPCALAB,EQ,INE571A01038,,-0.189105,5.778545,6.239866,16.072083,27.918406,33.913595,2.439896,13.632187,NSE_EQ|INE571A01038,OK
niftymidsmallhealthcare,Ipca Laboratories Ltd.,Healthcare,IPCALAB,EQ,INE571A01038,,-0.189105,5.778545,6.239866,16.072083,27.918406,33.913595,2.439896,13.632187,NSE_EQ|INE571A01038,OK
niftyhousing,City Union Bank Ltd.,FINANCIAL SERVICES,CUB,EQ,INE491A01021,,-0.760078,4.194376,-1.869995,15.996827,2.932895,0.573132,2.439896,13.556931,NSE_EQ|INE491A01021,OK
nifty500,City Union Bank Ltd.,Financial Services,CUB,EQ,INE491A01021,,-0.760078,4.194376,-1.869995,15.996827,2.932895,0.573132,2.439896,13.556931,NSE_EQ|INE491A01021,OK
nifty500,Navin Fluorine International Ltd.,Chemicals,NAVINFLUOR,EQ,INE048G01026,,-0.25974,-0.458163,5.995635,15.97949,30.964467,39.459459,2.439896,13.539594,NSE_EQ|INE048G01026,OK
niftychemicals,Navin Fluorine International Ltd.,Chemicals,NAVINFLUOR,EQ,INE048G01026,,-0.25974,-0.458163,5.995635,15.97949,30.964467,39.459459,2.439896,13.539594,NSE_EQ|INE048G01026,OK
nifty500,Karur Vysya Bank Ltd.,Financial Services,KARURVYSYA,EQ,INE036D01028,,0.921311,-0.550677,-1.489017,15.966678,5.727848,26.634575,2.439896,13.526783,NSE_EQ|INE036D01028,OK
niftyindiarailwayspsu,Mangalore Refinery & Petrochemicals Ltd.,Oil Gas & Consumable Fuels,MRPL,EQ,INE103A01014,,-1.433347,-0.229384,-0.389328,15.855364,-6.260776,14.43794,2.439896,13.415468,NSE_EQ|INE103A01014,OK
nifty500,Mangalore Refinery & Petrochemicals Ltd.,Oil Gas & Consumable Fuels,MRPL,EQ,INE103A01014,,-1.433347,-0.229384,-0.389328,15.855364,-6.260776,14.43794,2.439896,13.415468,NSE_EQ|INE103A01014,OK
niftyhousing,Punjab National Bank,FINANCIAL SERVICES,PNB,EQ,INE160A01022,,0.442629,0.348669,6.56552,15.77708,-0.639946,-4.515294,2.439896,13.337184,NSE_EQ|INE160A01022,OK
niftybank,Punjab National Bank,Financial Services,PNB,EQ,INE160A01022,,0.442629,0.348669,6.56552,15.77708,-0.639946,-4.515294,2.439896,13.337184,NSE_EQ|INE160A01022,OK
niftypsubank,Punjab National Bank,Financial Services,PNB,EQ,INE160A01022,,0.442629,0.348669,6.56552,15.77708,-0.639946,-4.515294,2.439896,13.337184,NSE_EQ|INE160A01022,OK
nifty500,Punjab National Bank,Financial Services,PNB,EQ,INE160A01022,,0.442629,0.348669,6.56552,15.77708,-0.639946,-4.515294,2.439896,13.337184,NSE_EQ|INE160A01022,OK
nifty200,Punjab National Bank,Financial Services,PNB,EQ,INE160A01022,,0.442629,0.348669,6.56552,15.77708,-0.639946,-4.515294,2.439896,13.337184,NSE_EQ|INE160A01022,OK
niftylargemidcap250,Punjab National Bank,Financial Services,PNB,EQ,INE160A01022,,0.442629,0.348669,6.56552,15.77708,-0.639946,-4.515294,2.439896,13.337184,NSE_EQ|INE160A01022,OK
niftynext50,Punjab National Bank,Financial Services,PNB,EQ,INE160A01022,,0.442629,0.348669,6.56552,15.77708,-0.639946,-4.515294,2.439896,13.337184,NSE_EQ|INE160A01022,OK
nifty500,Kfin Technologies Ltd.,Financial Services,KFINTECH,EQ,INE138Y01010,,1.371308,3.444564,9.179732,15.574263,-0.733395,-11.182994,2.439896,13.134368,NSE_EQ|INE138Y01010,OK
niftyevnewageautomotive,Hero MotoCorp Ltd.,Automobile and Auto Components,HEROMOTOCO,EQ,INE158A01026,,0.542955,-1.871795,15.106976,15.514639,2.80265,-0.528505,2.439896,13.074744,NSE_EQ|INE158A01026,OK
niftylargemidcap250,Hero MotoCorp Ltd.,Automobile and Auto Components,HEROMOTOCO,EQ,INE158A01026,,0.542955,-1.871795,15.106976,15.514639,2.80265,-0.528505,2.439896,13.074744,NSE_EQ|INE158A01026,OK
nifty500,Hero MotoCorp Ltd.,Automobile and Auto Components,HEROMOTOCO,EQ,INE158A01026,,0.542955,-1.871795,15.106976,15.514639,2.80265,-0.528505,2.439896,13.074744,NSE_EQ|INE158A01026,OK
niftyauto,Hero MotoCorp Ltd.,Automobile and Auto Components,HEROMOTOCO,EQ,INE158A01026,,0.542955,-1.871795,15.106976,15.514639,2.80265,-0.528505,2.439896,13.074744,NSE_EQ|INE158A01026,OK
nifty200,Hero MotoCorp Ltd.,Automobile and Auto Components,HEROMOTOCO,EQ,INE158A01026,,0.542955,-1.871795,15.106976,15.514639,2.80265,-0.528505,2.439896,13.074744,NSE_EQ|INE158A01026,OK
nifty200,Motilal Oswal Financial Services Ltd.,Financial Services,MOTILALOFS,EQ,INE338I01027,,3.322365,8.456825,3.218281,15.441176,24.071124,13.748174,2.439896,13.001281,NSE_EQ|INE338I01027,OK
nifty500,Motilal Oswal Financial Services Ltd.,Financial Services,MOTILALOFS,EQ,INE338I01027,,3.322365,8.456825,3.218281,15.441176,24.071124,13.748174,2.439896,13.001281,NSE_EQ|INE338I01027,OK
Nifty India Internet Index,Motilal Oswal Financial Services Ltd.,Financial Services,MOTILALOFS,EQ,INE338I01027,,3.322365,8.456825,3.218281,15.441176,24.071124,13.748174,2.439896,13.001281,NSE_EQ|INE338I01027,OK
niftylargemidcap250,Motilal Oswal Financial Services Ltd.,Financial Services,MOTILALOFS,EQ,INE338I01027,,3.322365,8.456825,3.218281,15.441176,24.071124,13.748174,2.439896,13.001281,NSE_EQ|INE338I01027,OK
nifty500,Apollo Tyres Ltd.,Automobile and Auto Components,APOLLOTYRE,EQ,INE438A01022,,0.4563,-3.103487,0.632911,15.434257,-12.32513,-14.14,2.439896,12.994361,NSE_EQ|INE438A01022,OK
niftylargemidcap250,Apollo Tyres Ltd.,Automobile and Auto Components,APOLLOTYRE,EQ,INE438A01022,,0.4563,-3.103487,0.632911,15.434257,-12.32513,-14.14,2.439896,12.994361,NSE_EQ|INE438A01022,OK
nifty500,Adani Energy Solutions Ltd.,Power,ADANIENSOL,EQ,INE931S01010,,0.506263,-2.179406,-10.20065,15.370288,56.730769,50.7276,2.439896,12.930392,NSE_EQ|INE931S01010,OK
niftyenergy,Adani Energy Solutions Ltd.,Power,ADANIENSOL,EQ,INE931S01010,,0.506263,-2.179406,-10.20065,15.370288,56.730769,50.7276,2.439896,12.930392,NSE_EQ|INE931S01010,OK
nifty200,Adani Energy Solutions Ltd.,Power,ADANIENSOL,EQ,INE931S01010,,0.506263,-2.179406,-10.20065,15.370288,56.730769,50.7276,2.439896,12.930392,NSE_EQ|INE931S01010,OK
niftylargemidcap250,Adani Energy Solutions Ltd.,Power,ADANIENSOL,EQ,INE931S01010,,0.506263,-2.179406,-10.20065,15.370288,56.730769,50.7276,2.439896,12.930392,NSE_EQ|INE931S01010,OK
niftynext50,Adani Energy Solutions Ltd.,Power,ADANIENSOL,EQ,INE931S01010,,0.506263,-2.179406,-10.20065,15.370288,56.730769,50.7276,2.439896,12.930392,NSE_EQ|INE931S01010,OK
niftylargemidcap250,Union Bank of India,Financial Services,UNIONBANK,EQ,INE692A01016,,-1.187801,-0.975871,8.227848,15.338496,3.248169,20.109261,2.439896,12.8986,NSE_EQ|INE692A01016,OK
nifty500,Union Bank of India,Financial Services,UNIONBANK,EQ,INE692A01016,,-1.187801,-0.975871,8.227848,15.338496,3.248169,20.109261,2.439896,12.8986,NSE_EQ|INE692A01016,OK
nifty200,Union Bank of India,Financial Services,UNIONBANK,EQ,INE692A01016,,-1.187801,-0.975871,8.227848,15.338496,3.248169,20.109261,2.439896,12.8986,NSE_EQ|INE692A01016,OK
niftypsubank,Union Bank of India,Financial Services,UNIONBANK,EQ,INE692A01016,,-1.187801,-0.975871,8.227848,15.338496,3.248169,20.109261,2.439896,12.8986,NSE_EQ|INE692A01016,OK
niftymidsmallfinancailservice,Union Bank of India,Financial Services,UNIONBANK,EQ,INE692A01016,,-1.187801,-0.975871,8.227848,15.338496,3.248169,20.109261,2.439896,12.8986,NSE_EQ|INE692A01016,OK
niftybank,Union Bank of India,Financial Services,UNIONBANK,EQ,INE692A01016,,-1.187801,-0.975871,8.227848,15.338496,3.248169,20.109261,2.439896,12.8986,NSE_EQ|INE692A01016,OK
nifty500,Nuvama Wealth Management Ltd.,Financial Services,NUVAMA,EQ,INE531F01023,,-0.317295,1.349053,-8.207607,15.27018,32.946064,16.710571,2.439896,12.830284,NSE_EQ|INE531F01023,OK
nifty500,Aditya Birla Real Estate Ltd.,Forest Materials,ABREL,EQ,INE055A01016,,3.612644,3.709284,2.619622,15.206822,4.232766,-13.691187,2.439896,12.766927,NSE_EQ|INE055A01016,OK
niftylargemidcap250,Oberoi Realty Ltd.,Realty,OBEROIRLTY,EQ,INE093I01010,,1.871958,3.179848,2.873346,15.129352,23.074438,14.012929,2.439896,12.689456,NSE_EQ|INE093I01010,OK
nifty200,Oberoi Realty Ltd.,Realty,OBEROIRLTY,EQ,INE093I01010,,1.871958,3.179848,2.873346,15.129352,23.074438,14.012929,2.439896,12.689456,NSE_EQ|INE093I01010,OK
niftyhousing,Oberoi Realty Ltd.,CONSTRUCTION,OBEROIRLTY,EQ,INE093I01010,,1.871958,3.179848,2.873346,15.129352,23.074438,14.012929,2.439896,12.689456,NSE_EQ|INE093I01010,OK
niftyrealty,Oberoi Realty Ltd.,Realty,OBEROIRLTY,EQ,INE093I01010,,1.871958,3.179848,2.873346,15.129352,23.074438,14.012929,2.439896,12.689456,NSE_EQ|INE093I01010,OK
nifty500,Oberoi Realty Ltd.,Realty,OBEROIRLTY,EQ,INE093I01010,,1.871958,3.179848,2.873346,15.129352,23.074438,14.012929,2.439896,12.689456,NSE_EQ|INE093I01010,OK
nifty200,Bajaj Finserv Ltd.,Financial Services,BAJAJFINSV,EQ,INE918I01026,,0.198807,-0.444444,7.439778,15.055359,-0.355872,-1.171626,2.439896,12.615463,NSE_EQ|INE918I01026,OK
niftyfinance,Bajaj Finserv Ltd.,Financial Services,BAJAJFINSV,EQ,INE918I01026,,0.198807,-0.444444,7.439778,15.055359,-0.355872,-1.171626,2.439896,12.615463,NSE_EQ|INE918I01026,OK
nifty50,Bajaj Finserv Ltd.,Financial Services,BAJAJFINSV,EQ,INE918I01026,,0.198807,-0.444444,7.439778,15.055359,-0.355872,-1.171626,2.439896,12.615463,NSE_EQ|INE918I01026,OK
niftyfinancialservicesexbank,Bajaj Finserv Ltd.,Financial Services,BAJAJFINSV,EQ,INE918I01026,,0.198807,-0.444444,7.439778,15.055359,-0.355872,-1.171626,2.439896,12.615463,NSE_EQ|INE918I01026,OK
nifty500,Bajaj Finserv Ltd.,Financial Services,BAJAJFINSV,EQ,INE918I01026,,0.198807,-0.444444,7.439778,15.055359,-0.355872,-1.171626,2.439896,12.615463,NSE_EQ|INE918I01026,OK
niftyfinancialservices25-50,Bajaj Finserv Ltd.,Financial Services,BAJAJFINSV,EQ,INE918I01026,,0.198807,-0.444444,7.439778,15.055359,-0.355872,-1.171626,2.439896,12.615463,NSE_EQ|INE918I01026,OK
niftylargemidcap250,Bajaj Finserv Ltd.,Financial Services,BAJAJFINSV,EQ,INE918I01026,,0.198807,-0.444444,7.439778,15.055359,-0.355872,-1.171626,2.439896,12.615463,NSE_EQ|INE918I01026,OK
nifty500,Kajaria Ceramics Ltd.,Consumer Durables,KAJARIACER,EQ,INE217B01036,,0.976094,-3.188199,-0.723813,15.019316,29.86861,26.040268,2.439896,12.57942,NSE_EQ|INE217B01036,OK
niftyconsumerdurables,Kajaria Ceramics Ltd.,Consumer Durables,KAJARIACER,EQ,INE217B01036,,0.976094,-3.188199,-0.723813,15.019316,29.86861,26.040268,2.439896,12.57942,NSE_EQ|INE217B01036,OK
niftyhousing,Kajaria Ceramics Ltd.,CONSUMER GOODS,KAJARIACER,EQ,INE217B01036,,0.976094,-3.188199,-0.723813,15.019316,29.86861,26.040268,2.439896,12.57942,NSE_EQ|INE217B01036,OK
nifty200,APL Apollo Tubes Ltd.,Capital Goods,APLAPOLLO,EQ,INE702C01027,,0.857762,3.667103,17.395359,15.016661,-4.715259,11.807732,2.439896,12.576766,NSE_EQ|INE702C01027,OK
niftymetal,APL Apollo Tubes Ltd.,Capital Goods,APLAPOLLO,EQ,INE702C01027,,0.857762,3.667103,17.395359,15.016661,-4.715259,11.807732,2.439896,12.576766,NSE_EQ|INE702C01027,OK
nifty500,APL Apollo Tubes Ltd.,Capital Goods,APLAPOLLO,EQ,INE702C01027,,0.857762,3.667103,17.395359,15.016661,-4.715259,11.807732,2.439896,12.576766,NSE_EQ|INE702C01027,OK
niftylargemidcap250,APL Apollo Tubes Ltd.,Capital Goods,APLAPOLLO,EQ,INE702C01027,,0.857762,3.667103,17.395359,15.016661,-4.715259,11.807732,2.439896,12.576766,NSE_EQ|INE702C01027,OK
niftyinfra,DLF Ltd.,Realty,DLF,EQ,INE271C01023,,0.932975,1.829819,3.783576,15.001276,7.942209,-1.636602,2.439896,12.56138,NSE_EQ|INE271C01023,OK
niftyrealty,DLF Ltd.,Realty,DLF,EQ,INE271C01023,,0.932975,1.829819,3.783576,15.001276,7.942209,-1.636602,2.439896,12.56138,NSE_EQ|INE271C01023,OK
niftylargemidcap250,DLF Ltd.,Realty,DLF,EQ,INE271C01023,,0.932975,1.829819,3.783576,15.001276,7.942209,-1.636602,2.439896,12.56138,NSE_EQ|INE271C01023,OK
niftyhousing,DLF Ltd.,CONSTRUCTION,DLF,EQ,INE271C01023,,0.932975,1.829819,3.783576,15.001276,7.942209,-1.636602,2.439896,12.56138,NSE_EQ|INE271C01023,OK
niftynext50,DLF Ltd.,Realty,DLF,EQ,INE271C01023,,0.932975,1.829819,3.783576,15.001276,7.942209,-1.636602,2.439896,12.56138,NSE_EQ|INE271C01023,OK
nifty200,DLF Ltd.,Realty,DLF,EQ,INE271C01023,,0.932975,1.829819,3.783576,15.001276,7.942209,-1.636602,2.439896,12.56138,NSE_EQ|INE271C01023,OK
nifty500,DLF Ltd.,Realty,DLF,EQ,INE271C01023,,0.932975,1.829819,3.783576,15.001276,7.942209,-1.636602,2.439896,12.56138,NSE_EQ|INE271C01023,OK
niftylargemidcap250,Endurance Technologies Ltd.,Automobile and Auto Components,ENDURANCE,EQ,INE913H01037,,0.438332,0.887305,9.62311,14.437667,20.831656,15.900228,2.439896,11.997771,NSE_EQ|INE913H01037,OK
nifty500,Endurance Technologies Ltd.,Automobile and Auto Components,ENDURANCE,EQ,INE913H01037,,0.438332,0.887305,9.62311,14.437667,20.831656,15.900228,2.439896,11.997771,NSE_EQ|INE913H01037,OK
niftylargemidcap250,Prestige Estates Projects Ltd.,Realty,PRESTIGE,EQ,INE811K01011,,0.233911,-2.063129,-4.665985,14.426963,4.371009,-0.583145,2.439896,11.987067,NSE_EQ|INE811K01011,OK
nifty200,Prestige Estates Projects Ltd.,Realty,PRESTIGE,EQ,INE811K01011,,0.233911,-2.063129,-4.665985,14.426963,4.371009,-0.583145,2.439896,11.987067,NSE_EQ|INE811K01011,OK
nifty500,Prestige Estates Projects Ltd.,Realty,PRESTIGE,EQ,INE811K01011,,0.233911,-2.063129,-4.665985,14.426963,4.371009,-0.583145,2.439896,11.987067,NSE_EQ|INE811K01011,OK
niftyrealty,Prestige Estates Projects Ltd.,Realty,PRESTIGE,EQ,INE811K01011,,0.233911,-2.063129,-4.665985,14.426963,4.371009,-0.583145,2.439896,11.987067,NSE_EQ|INE811K01011,OK
niftymidsmallhealthcare,Wockhardt Ltd.,Healthcare,WOCKPHARMA,EQ,INE049B01025,,0.251917,-4.302368,-1.659952,14.426803,31.244623,26.580003,2.439896,11.986908,NSE_EQ|INE049B01025,OK
nifty500,Wockhardt Ltd.,Healthcare,WOCKPHARMA,EQ,INE049B01025,,0.251917,-4.302368,-1.659952,14.426803,31.244623,26.580003,2.439896,11.986908,NSE_EQ|INE049B01025,OK
niftypharma,Wockhardt Ltd.,Healthcare,WOCKPHARMA,EQ,INE049B01025,,0.251917,-4.302368,-1.659952,14.426803,31.244623,26.580003,2.439896,11.986908,NSE_EQ|INE049B01025,OK
nifty200,Hindustan Aeronautics Ltd.,Capital Goods,HAL,EQ,INE066F01020,,-0.378712,1.07179,9.250678,14.360242,18.649701,13.883382,2.439896,11.920346,NSE_EQ|INE066F01020,OK
nifty500,Hindustan Aeronautics Ltd.,Capital Goods,HAL,EQ,INE066F01020,,-0.378712,1.07179,9.250678,14.360242,18.649701,13.883382,2.439896,11.920346,NSE_EQ|INE066F01020,OK
niftylargemidcap250,Hindustan Aeronautics Ltd.,Capital Goods,HAL,EQ,INE066F01020,,-0.378712,1.07179,9.250678,14.360242,18.649701,13.883382,2.439896,11.920346,NSE_EQ|INE066F01020,OK
niftyindiadefence,Hindustan Aeronautics Ltd.,Capital Goods,HAL,EQ,INE066F01020,,-0.378712,1.07179,9.250678,14.360242,18.649701,13.883382,2.439896,11.920346,NSE_EQ|INE066F01020,OK
niftynext50,Hindustan Aeronautics Ltd.,Capital Goods,HAL,EQ,INE066F01020,,-0.378712,1.07179,9.250678,14.360242,18.649701,13.883382,2.439896,11.920346,NSE_EQ|INE066F01020,OK
niftylargemidcap250,Nippon Life India Asset Management Ltd.,Financial Services,NAM-INDIA,EQ,INE298J01013,,1.273624,4.715378,7.36998,14.247312,35.083297,40.112545,2.439896,11.807416,NSE_EQ|INE298J01013,OK
nifty500,Nippon Life India Asset Management Ltd.,Financial Services,NAM-INDIA,EQ,INE298J01013,,1.273624,4.715378,7.36998,14.247312,35.083297,40.112545,2.439896,11.807416,NSE_EQ|INE298J01013,OK
niftymidsmallhealthcare,Poly Medicure Ltd.,Healthcare,POLYMED,EQ,INE205C01021,,-0.039541,-2.383054,5.685619,14.123565,37.263419,-0.231155,2.439896,11.683669,NSE_EQ|INE205C01021,OK
nifty500,Poly Medicure Ltd.,Healthcare,POLYMED,EQ,INE205C01021,,-0.039541,-2.383054,5.685619,14.123565,37.263419,-0.231155,2.439896,11.683669,NSE_EQ|INE205C01021,OK
nifty500healthcare,Poly Medicure Ltd.,Healthcare,POLYMED,EQ,INE205C01021,,-0.039541,-2.383054,5.685619,14.123565,37.263419,-0.231155,2.439896,11.683669,NSE_EQ|INE205C01021,OK
nifty500,ICICI Bank Ltd.,Financial Services,ICICIBANK,EQ,INE090A01021,,0.706134,0.362525,-1.999028,13.606373,-0.190867,5.138134,2.439896,11.166477,NSE_EQ|INE090A01021,OK
niftyprivatebank,ICICI Bank Ltd.,Financial Services,ICICIBANK,EQ,INE090A01021,,0.706134,0.362525,-1.999028,13.606373,-0.190867,5.138134,2.439896,11.166477,NSE_EQ|INE090A01021,OK
niftyfinance,ICICI Bank Ltd.,Financial Services,ICICIBANK,EQ,INE090A01021,,0.706134,0.362525,-1.999028,13.606373,-0.190867,5.138134,2.439896,11.166477,NSE_EQ|INE090A01021,OK
nifty200,ICICI Bank Ltd.,Financial Services,ICICIBANK,EQ,INE090A01021,,0.706134,0.362525,-1.999028,13.606373,-0.190867,5.138134,2.439896,11.166477,NSE_EQ|INE090A01021,OK
niftyfinancialservices25-50,ICICI Bank Ltd.,Financial Services,ICICIBANK,EQ,INE090A01021,,0.706134,0.362525,-1.999028,13.606373,-0.190867,5.138134,2.439896,11.166477,NSE_EQ|INE090A01021,OK
niftylargemidcap250,ICICI Bank Ltd.,Financial Services,ICICIBANK,EQ,INE090A01021,,0.706134,0.362525,-1.999028,13.606373,-0.190867,5.138134,2.439896,11.166477,NSE_EQ|INE090A01021,OK
nifty50,ICICI Bank Ltd.,Financial Services,ICICIBANK,EQ,INE090A01021,,0.706134,0.362525,-1.999028,13.606373,-0.190867,5.138134,2.439896,11.166477,NSE_EQ|INE090A01021,OK
niftybank,ICICI Bank Ltd.,Financial Services,ICICIBANK,EQ,INE090A01021,,0.706134,0.362525,-1.999028,13.606373,-0.190867,5.138134,2.439896,11.166477,NSE_EQ|INE090A01021,OK
niftyhousing,ICICI Bank Ltd.,FINANCIAL SERVICES,ICICIBANK,EQ,INE090A01021,,0.706134,0.362525,-1.999028,13.606373,-0.190867,5.138134,2.439896,11.166477,NSE_EQ|INE090A01021,OK
niftylargemidcap250,Global Health Ltd.,Healthcare,MEDANTA,EQ,INE474Q01031,,-0.635055,-0.155984,4.049062,13.546202,23.623914,18.695212,2.439896,11.106307,NSE_EQ|INE474Q01031,OK
nifty500healthcare,Global Health Ltd.,Healthcare,MEDANTA,EQ,INE474Q01031,,-0.635055,-0.155984,4.049062,13.546202,23.623914,18.695212,2.439896,11.106307,NSE_EQ|INE474Q01031,OK
niftymidsmallhealthcare,Global Health Ltd.,Healthcare,MEDANTA,EQ,INE474Q01031,,-0.635055,-0.155984,4.049062,13.546202,23.623914,18.695212,2.439896,11.106307,NSE_EQ|INE474Q01031,OK
nifty500,Global Health Ltd.,Healthcare,MEDANTA,EQ,INE474Q01031,,-0.635055,-0.155984,4.049062,13.546202,23.623914,18.695212,2.439896,11.106307,NSE_EQ|INE474Q01031,OK
niftychemicals,Gujarat Narmada Valley Fertilizers and Chemicals Ltd.,Chemicals,GNFC,EQ,INE113A01013,,-1.577287,7.703488,17.119431,13.519724,26.951494,20.060759,2.439896,11.079829,NSE_EQ|INE113A01013,OK
niftymidsmallfinancailservice,AU Small Finance Bank Ltd.,Financial Services,AUBANK,EQ,INE949L01017,,1.209302,-0.910747,10.997756,13.487014,9.357724,9.401709,2.439896,11.047118,NSE_EQ|INE949L01017,OK
nifty200,AU Small Finance Bank Ltd.,Financial Services,AUBANK,EQ,INE949L01017,,1.209302,-0.910747,10.997756,13.487014,9.357724,9.401709,2.439896,11.047118,NSE_EQ|INE949L01017,OK
nifty500,AU Small Finance Bank Ltd.,Financial Services,AUBANK,EQ,INE949L01017,,1.209302,-0.910747,10.997756,13.487014,9.357724,9.401709,2.439896,11.047118,NSE_EQ|INE949L01017,OK
niftylargemidcap250,AU Small Finance Bank Ltd.,Financial Services,AUBANK,EQ,INE949L01017,,1.209302,-0.910747,10.997756,13.487014,9.357724,9.401709,2.439896,11.047118,NSE_EQ|INE949L01017,OK
niftybank,AU Small Finance Bank Ltd.,Financial Services,AUBANK,EQ,INE949L01017,,1.209302,-0.910747,10.997756,13.487014,9.357724,9.401709,2.439896,11.047118,NSE_EQ|INE949L01017,OK
niftyindiadigital,Sonata Software Ltd.,Information Technology,SONATSOFTW,EQ,INE269A01021,,-0.584795,-6.25,3.518268,13.459399,9.638123,-14.964569,2.439896,11.019504,NSE_EQ|INE269A01021,OK
niftymidsmallitandtelecom,Sonata Software Ltd.,Information Technology,SONATSOFTW,EQ,INE269A01021,,-0.584795,-6.25,3.518268,13.459399,9.638123,-14.964569,2.439896,11.019504,NSE_EQ|INE269A01021,OK
nifty500,Sonata Software Ltd.,Information Technology,SONATSOFTW,EQ,INE269A01021,,-0.584795,-6.25,3.518268,13.459399,9.638123,-14.964569,2.439896,11.019504,NSE_EQ|INE269A01021,OK
nifty200,ABB India Ltd.,Capital Goods,ABB,EQ,INE117A01022,,0.659489,-2.996109,-0.359712,13.352531,29.383271,44.661509,2.439896,10.912635,NSE_EQ|INE117A01022,OK
niftynext50,ABB India Ltd.,Capital Goods,ABB,EQ,INE117A01022,,0.659489,-2.996109,-0.359712,13.352531,29.383271,44.661509,2.439896,10.912635,NSE_EQ|INE117A01022,OK
niftyenergy,ABB India Ltd.,Capital Goods,ABB,EQ,INE117A01022,,0.659489,-2.996109,-0.359712,13.352531,29.383271,44.661509,2.439896,10.912635,NSE_EQ|INE117A01022,OK
niftylargemidcap250,ABB India Ltd.,Capital Goods,ABB,EQ,INE117A01022,,0.659489,-2.996109,-0.359712,13.352531,29.383271,44.661509,2.439896,10.912635,NSE_EQ|INE117A01022,OK
nifty500,ABB India Ltd.,Capital Goods,ABB,EQ,INE117A01022,,0.659489,-2.996109,-0.359712,13.352531,29.383271,44.661509,2.439896,10.912635,NSE_EQ|INE117A01022,OK
nifty500,Amara Raja Energy & Mobility Ltd.,Automobile and Auto Components,ARE&M,EQ,INE885A01032,,0.247698,-1.891863,3.181289,13.317913,10.611372,2.341817,2.439896,10.878018,NSE_EQ|INE885A01032,OK
niftyevnewageautomotive,Amara Raja Energy & Mobility Ltd.,Automobile and Auto Components,ARE&M,EQ,INE885A01032,,0.247698,-1.891863,3.181289,13.317913,10.611372,2.341817,2.439896,10.878018,NSE_EQ|INE885A01032,OK
nifty500,Cohance Lifesciences Ltd.,Healthcare,COHANCE,EQ,INE03QK01018,,6.422737,7.057632,8.548277,13.253156,50.681242,-10.035944,2.439896,10.81326,NSE_EQ|INE03QK01018,OK
nifty500healthcare,Cohance Lifesciences Ltd.,Healthcare,COHANCE,EQ,INE03QK01018,,6.422737,7.057632,8.548277,13.253156,50.681242,-10.035944,2.439896,10.81326,NSE_EQ|INE03QK01018,OK
niftymidsmallhealthcare,Cohance Lifesciences Ltd.,Healthcare,COHANCE,EQ,INE03QK01018,,6.422737,7.057632,8.548277,13.253156,50.681242,-10.035944,2.439896,10.81326,NSE_EQ|INE03QK01018,OK
nifty500,Persistent Systems Ltd.,Information Technology,PERSISTENT,EQ,INE262H01021,,2.976407,2.734021,11.281086,13.050408,3.559044,-9.534439,2.439896,10.610513,NSE_EQ|INE262H01021,OK
niftymidsmallitandtelecom,Persistent Systems Ltd.,Information Technology,PERSISTENT,EQ,INE262H01021,,2.976407,2.734021,11.281086,13.050408,3.559044,-9.534439,2.439896,10.610513,NSE_EQ|INE262H01021,OK
niftyit,Persistent Systems Ltd.,Information Technology,PERSISTENT,EQ,INE262H01021,,2.976407,2.734021,11.281086,13.050408,3.559044,-9.534439,2.439896,10.610513,NSE_EQ|INE262H01021,OK
nifty200,Persistent Systems Ltd.,Information Technology,PERSISTENT,EQ,INE262H01021,,2.976407,2.734021,11.281086,13.050408,3.559044,-9.534439,2.439896,10.610513,NSE_EQ|INE262H01021,OK
niftyindiadigital,Persistent Systems Ltd.,Information Technology,PERSISTENT,EQ,INE262H01021,,2.976407,2.734021,11.281086,13.050408,3.559044,-9.534439,2.439896,10.610513,NSE_EQ|INE262H01021,OK
niftylargemidcap250,Persistent Systems Ltd.,Information Technology,PERSISTENT,EQ,INE262H01021,,2.976407,2.734021,11.281086,13.050408,3.559044,-9.534439,2.439896,10.610513,NSE_EQ|INE262H01021,OK
niftylargemidcap250,HCL Technologies Ltd.,Information Technology,HCLTECH,EQ,INE860A01027,,-0.483092,-3.766423,6.554595,12.857387,-9.40077,-18.782727,2.439896,10.417492,NSE_EQ|INE860A01027,OK
nifty50,HCL Technologies Ltd.,Information Technology,HCLTECH,EQ,INE860A01027,,-0.483092,-3.766423,6.554595,12.857387,-9.40077,-18.782727,2.439896,10.417492,NSE_EQ|INE860A01027,OK
nifty500,HCL Technologies Ltd.,Information Technology,HCLTECH,EQ,INE860A01027,,-0.483092,-3.766423,6.554595,12.857387,-9.40077,-18.782727,2.439896,10.417492,NSE_EQ|INE860A01027,OK
niftyit,HCL Technologies Ltd.,Information Technology,HCLTECH,EQ,INE860A01027,,-0.483092,-3.766423,6.554595,12.857387,-9.40077,-18.782727,2.439896,10.417492,NSE_EQ|INE860A01027,OK
niftyindiadigital,HCL Technologies Ltd.,Information Technology,HCLTECH,EQ,INE860A01027,,-0.483092,-3.766423,6.554595,12.857387,-9.40077,-18.782727,2.439896,10.417492,NSE_EQ|INE860A01027,OK
nifty200,HCL Technologies Ltd.,Information Technology,HCLTECH,EQ,INE860A01027,,-0.483092,-3.766423,6.554595,12.857387,-9.40077,-18.782727,2.439896,10.417492,NSE_EQ|INE860A01027,OK
nifty500,Ceat Ltd.,Automobile and Auto Components,CEATLTD,EQ,INE482A01020,,1.510694,-2.929798,7.254521,12.822287,-9.509999,-5.885747,2.439896,10.382391,NSE_EQ|INE482A01020,OK
nifty500,Titagarh Rail Systems Ltd.,Capital Goods,TITAGARH,EQ,INE615H01020,,2.110009,-0.170438,3.611077,12.803825,11.04864,-4.781658,2.439896,10.36393,NSE_EQ|INE615H01020,OK
nifty500,Maharashtra Scooters Ltd.,Financial Services,MAHSCOOTER,EQ,INE288A01013,,-1.565895,-1.514243,2.352758,12.753175,-2.493692,-7.628489,2.439896,10.31328,NSE_EQ|INE288A01013,OK
niftychemicals,Pidilite Industries Ltd.,Chemicals,PIDILITIND,EQ,INE318A01026,,0.606061,-2.128412,3.195325,12.710483,12.215237,11.980572,2.439896,10.270588,NSE_EQ|INE318A01026,OK
niftynext50,Pidilite Industries Ltd.,Chemicals,PIDILITIND,EQ,INE318A01026,,0.606061,-2.128412,3.195325,12.710483,12.215237,11.980572,2.439896,10.270588,NSE_EQ|INE318A01026,OK
nifty200,Pidilite Industries Ltd.,Chemicals,PIDILITIND,EQ,INE318A01026,,0.606061,-2.128412,3.195325,12.710483,12.215237,11.980572,2.439896,10.270588,NSE_EQ|INE318A01026,OK
nifty500,Pidilite Industries Ltd.,Chemicals,PIDILITIND,EQ,INE318A01026,,0.606061,-2.128412,3.195325,12.710483,12.215237,11.980572,2.439896,10.270588,NSE_EQ|INE318A01026,OK
niftylargemidcap250,Pidilite Industries Ltd.,Chemicals,PIDILITIND,EQ,INE318A01026,,0.606061,-2.128412,3.195325,12.710483,12.215237,11.980572,2.439896,10.270588,NSE_EQ|INE318A01026,OK
nifty200,Ashok Leyland Ltd.,Capital Goods,ASHOKLEY,EQ,INE208A01029,,0.404391,-1.37888,13.974687,12.506473,-15.066217,-3.00798,2.439896,10.066578,NSE_EQ|INE208A01029,OK
nifty500,Ashok Leyland Ltd.,Capital Goods,ASHOKLEY,EQ,INE208A01029,,0.404391,-1.37888,13.974687,12.506473,-15.066217,-3.00798,2.439896,10.066578,NSE_EQ|INE208A01029,OK
niftyauto,Ashok Leyland Ltd.,Capital Goods,ASHOKLEY,EQ,INE208A01029,,0.404391,-1.37888,13.974687,12.506473,-15.066217,-3.00798,2.439896,10.066578,NSE_EQ|INE208A01029,OK
niftylargemidcap250,Ashok Leyland Ltd.,Capital Goods,ASHOKLEY,EQ,INE208A01029,,0.404391,-1.37888,13.974687,12.506473,-15.066217,-3.00798,2.439896,10.066578,NSE_EQ|INE208A01029,OK
niftyevnewageautomotive,Ashok Leyland Ltd.,Capital Goods,ASHOKLEY,EQ,INE208A01029,,0.404391,-1.37888,13.974687,12.506473,-15.066217,-3.00798,2.439896,10.066578,NSE_EQ|INE208A01029,OK
niftyinfra,Ashok Leyland Ltd.,Capital Goods,ASHOKLEY,EQ,INE208A01029,,0.404391,-1.37888,13.974687,12.506473,-15.066217,-3.00798,2.439896,10.066578,NSE_EQ|INE208A01029,OK
nifty500,C.E. Info Systems Ltd.,Information Technology,MAPMYINDIA,EQ,INE0BV301023,,-0.039698,1.358559,-3.561854,12.416988,-18.392481,-41.685966,2.439896,9.977092,NSE_EQ|INE0BV301023,OK
nifty500healthcare,Dr. Lal Path Labs Ltd.,Healthcare,LALPATHLAB,EQ,INE600L01024,,0.116575,-4.013412,11.206592,12.410757,35.082577,27.438284,2.439896,9.970861,NSE_EQ|INE600L01024,OK
niftymidsmallhealthcare,Dr. Lal Path Labs Ltd.,Healthcare,LALPATHLAB,EQ,INE600L01024,,0.116575,-4.013412,11.206592,12.410757,35.082577,27.438284,2.439896,9.970861,NSE_EQ|INE600L01024,OK
nifty500,Dr. Lal Path Labs Ltd.,Healthcare,LALPATHLAB,EQ,INE600L01024,,0.116575,-4.013412,11.206592,12.410757,35.082577,27.438284,2.439896,9.970861,NSE_EQ|INE600L01024,OK
nifty500,Central Depository Services (India) Ltd.,Financial Services,CDSL,EQ,INE736A01011,,1.271633,-0.303704,0.46279,12.17703,0.793829,-6.767803,2.439896,9.737134,NSE_EQ|INE736A01011,OK
niftyfinancialservicesexbank,Central Depository Services (India) Ltd.,Financial Services,CDSL,EQ,INE736A01011,,1.271633,-0.303704,0.46279,12.17703,0.793829,-6.767803,2.439896,9.737134,NSE_EQ|INE736A01011,OK
niftymidsmallfinancailservice,Central Depository Services (India) Ltd.,Financial Services,CDSL,EQ,INE736A01011,,1.271633,-0.303704,0.46279,12.17703,0.793829,-6.767803,2.439896,9.737134,NSE_EQ|INE736A01011,OK
niftylargemidcap250,IDBI Bank Ltd.,Financial Services,IDBI,EQ,INE008A01015,,1.263627,-1.375483,-4.876062,12.1262,-26.194131,-20.633071,2.439896,9.686305,NSE_EQ|INE008A01015,OK
nifty500,IDBI Bank Ltd.,Financial Services,IDBI,EQ,INE008A01015,,1.263627,-1.375483,-4.876062,12.1262,-26.194131,-20.633071,2.439896,9.686305,NSE_EQ|INE008A01015,OK
nifty500,Tech Mahindra Ltd.,Information Technology,TECHM,EQ,INE669C01036,,0.144672,-2.861501,2.018454,12.119718,3.760428,0.075429,2.439896,9.679823,NSE_EQ|INE669C01036,OK
nifty50,Tech Mahindra Ltd.,Information Technology,TECHM,EQ,INE669C01036,,0.144672,-2.861501,2.018454,12.119718,3.760428,0.075429,2.439896,9.679823,NSE_EQ|INE669C01036,OK
nifty200,Tech Mahindra Ltd.,Information Technology,TECHM,EQ,INE669C01036,,0.144672,-2.861501,2.018454,12.119718,3.760428,0.075429,2.439896,9.679823,NSE_EQ|INE669C01036,OK
niftyindiadigital,Tech Mahindra Ltd.,Information Technology,TECHM,EQ,INE669C01036,,0.144672,-2.861501,2.018454,12.119718,3.760428,0.075429,2.439896,9.679823,NSE_EQ|INE669C01036,OK
niftylargemidcap250,Tech Mahindra Ltd.,Information Technology,TECHM,EQ,INE669C01036,,0.144672,-2.861501,2.018454,12.119718,3.760428,0.075429,2.439896,9.679823,NSE_EQ|INE669C01036,OK
niftyit,Tech Mahindra Ltd.,Information Technology,TECHM,EQ,INE669C01036,,0.144672,-2.861501,2.018454,12.119718,3.760428,0.075429,2.439896,9.679823,NSE_EQ|INE669C01036,OK
niftyprivatebank,IndusInd Bank Ltd.,Financial Services,INDUSINDBK,EQ,INE095A01012,,-0.85571,-1.629745,-5.732722,12.006223,8.849414,16.639667,2.439896,9.566327,NSE_EQ|INE095A01012,OK
nifty500,IndusInd Bank Ltd.,Financial Services,INDUSINDBK,EQ,INE095A01012,,-0.85571,-1.629745,-5.732722,12.006223,8.849414,16.639667,2.439896,9.566327,NSE_EQ|INE095A01012,OK
nifty200,IndusInd Bank Ltd.,Financial Services,INDUSINDBK,EQ,INE095A01012,,-0.85571,-1.629745,-5.732722,12.006223,8.849414,16.639667,2.439896,9.566327,NSE_EQ|INE095A01012,OK
niftyhousing,IndusInd Bank Ltd.,FINANCIAL SERVICES,INDUSINDBK,EQ,INE095A01012,,-0.85571,-1.629745,-5.732722,12.006223,8.849414,16.639667,2.439896,9.566327,NSE_EQ|INE095A01012,OK
niftymidsmallfinancailservice,IndusInd Bank Ltd.,Financial Services,INDUSINDBK,EQ,INE095A01012,,-0.85571,-1.629745,-5.732722,12.006223,8.849414,16.639667,2.439896,9.566327,NSE_EQ|INE095A01012,OK
niftybank,IndusInd Bank Ltd.,Financial Services,INDUSINDBK,EQ,INE095A01012,,-0.85571,-1.629745,-5.732722,12.006223,8.849414,16.639667,2.439896,9.566327,NSE_EQ|INE095A01012,OK
niftylargemidcap250,IndusInd Bank Ltd.,Financial Services,INDUSINDBK,EQ,INE095A01012,,-0.85571,-1.629745,-5.732722,12.006223,8.849414,16.639667,2.439896,9.566327,NSE_EQ|INE095A01012,OK
nifty500,Torrent Pharmaceuticals Ltd.,Healthcare,TORNTPHARM,EQ,INE685A01028,,-0.159585,1.841489,-0.564231,11.988723,22.731731,30.0,2.439896,9.548827,NSE_EQ|INE685A01028,OK
niftyhealthcare,Torrent Pharmaceuticals Ltd.,Healthcare,TORNTPHARM,EQ,INE685A01028,,-0.159585,1.841489,-0.564231,11.988723,22.731731,30.0,2.439896,9.548827,NSE_EQ|INE685A01028,OK
niftypharma,Torrent Pharmaceuticals Ltd.,Healthcare,TORNTPHARM,EQ,INE685A01028,,-0.159585,1.841489,-0.564231,11.988723,22.731731,30.0,2.439896,9.548827,NSE_EQ|INE685A01028,OK
nifty500healthcare,Torrent Pharmaceuticals Ltd.,Healthcare,TORNTPHARM,EQ,INE685A01028,,-0.159585,1.841489,-0.564231,11.988723,22.731731,30.0,2.439896,9.548827,NSE_EQ|INE685A01028,OK
nifty200,Torrent Pharmaceuticals Ltd.,Healthcare,TORNTPHARM,EQ,INE685A01028,,-0.159585,1.841489,-0.564231,11.988723,22.731731,30.0,2.439896,9.548827,NSE_EQ|INE685A01028,OK
niftylargemidcap250,Torrent Pharmaceuticals Ltd.,Healthcare,TORNTPHARM,EQ,INE685A01028,,-0.159585,1.841489,-0.564231,11.988723,22.731731,30.0,2.439896,9.548827,NSE_EQ|INE685A01028,OK
niftynext50,Torrent Pharmaceuticals Ltd.,Healthcare,TORNTPHARM,EQ,INE685A01028,,-0.159585,1.841489,-0.564231,11.988723,22.731731,30.0,2.439896,9.548827,NSE_EQ|INE685A01028,OK
niftymedia,Prime Focus Ltd,Media Entertainment & Publication,PFOCUS,EQ,INE367G01038,,1.217765,3.025884,-0.963729,11.965135,7.944996,19.964342,2.439896,9.525239,NSE_EQ|INE367G01038,OK
nifty500,Indian Hotels Co. Ltd.,Consumer Services,INDHOTEL,EQ,INE053A01029,,1.728071,1.953585,1.517555,11.933374,5.136448,-0.406036,2.439896,9.493478,NSE_EQ|INE053A01029,OK
niftylargemidcap250,Indian Hotels Co. Ltd.,Consumer Services,INDHOTEL,EQ,INE053A01029,,1.728071,1.953585,1.517555,11.933374,5.136448,-0.406036,2.439896,9.493478,NSE_EQ|INE053A01029,OK
niftyinfra,Indian Hotels Co. Ltd.,Consumer Services,INDHOTEL,EQ,INE053A01029,,1.728071,1.953585,1.517555,11.933374,5.136448,-0.406036,2.439896,9.493478,NSE_EQ|INE053A01029,OK
nifty200,Indian Hotels Co. Ltd.,Consumer Services,INDHOTEL,EQ,INE053A01029,,1.728071,1.953585,1.517555,11.933374,5.136448,-0.406036,2.439896,9.493478,NSE_EQ|INE053A01029,OK
niftynext50,Indian Hotels Co. Ltd.,Consumer Services,INDHOTEL,EQ,INE053A01029,,1.728071,1.953585,1.517555,11.933374,5.136448,-0.406036,2.439896,9.493478,NSE_EQ|INE053A01029,OK
nifty500,Asahi India Glass Ltd.,Automobile and Auto Components,ASAHIINDIA,EQ,INE439A01020,,-0.574683,5.610433,7.337845,11.592588,-0.683645,-6.251232,2.439896,9.152693,NSE_EQ|INE439A01020,OK
nifty500,Elgi Equipments Ltd.,Capital Goods,ELGIEQUIP,EQ,INE285A01027,,-0.838821,9.695603,8.444787,11.464575,24.119321,33.498681,2.439896,9.02468,NSE_EQ|INE285A01027,OK
nifty500,Happiest Minds Technologies Ltd.,Information Technology,HAPPSTMNDS,EQ,INE419U01012,,0.950292,4.93921,12.826797,11.445864,11.400914,-10.013032,2.439896,9.005968,NSE_EQ|INE419U01012,OK
nifty500,PNB Housing Finance Ltd.,Financial Services,PNBHOUSING,EQ,INE572E01012,,0.127768,0.918613,8.611291,11.32683,40.601639,23.541776,2.439896,8.886935,NSE_EQ|INE572E01012,OK
niftymidsmallfinancailservice,PNB Housing Finance Ltd.,Financial Services,PNBHOUSING,EQ,INE572E01012,,0.127768,0.918613,8.611291,11.32683,40.601639,23.541776,2.439896,8.886935,NSE_EQ|INE572E01012,OK
niftyfinancialservicesexbank,PNB Housing Finance Ltd.,Financial Services,PNBHOUSING,EQ,INE572E01012,,0.127768,0.918613,8.611291,11.32683,40.601639,23.541776,2.439896,8.886935,NSE_EQ|INE572E01012,OK
nifty500,Indegene Ltd.,Healthcare,INDGN,EQ,INE065X01017,,0.194484,-0.544051,14.867741,11.281296,19.380661,8.88654,2.439896,8.8414,NSE_EQ|INE065X01017,OK
nifty500healthcare,Indegene Ltd.,Healthcare,INDGN,EQ,INE065X01017,,0.194484,-0.544051,14.867741,11.281296,19.380661,8.88654,2.439896,8.8414,NSE_EQ|INE065X01017,OK
nifty200,Swiggy Ltd.,Consumer Services,SWIGGY,EQ,INE00H001014,,2.422907,-0.285919,5.741899,11.266201,-17.370058,-27.76699,2.439896,8.826306,NSE_EQ|INE00H001014,OK
niftyindiadigital,Swiggy Ltd.,Consumer Services,SWIGGY,EQ,INE00H001014,,2.422907,-0.285919,5.741899,11.266201,-17.370058,-27.76699,2.439896,8.826306,NSE_EQ|INE00H001014,OK
nifty500,Swiggy Ltd.,Consumer Services,SWIGGY,EQ,INE00H001014,,2.422907,-0.285919,5.741899,11.266201,-17.370058,-27.76699,2.439896,8.826306,NSE_EQ|INE00H001014,OK
niftylargemidcap250,Swiggy Ltd.,Consumer Services,SWIGGY,EQ,INE00H001014,,2.422907,-0.285919,5.741899,11.266201,-17.370058,-27.76699,2.439896,8.826306,NSE_EQ|INE00H001014,OK
Nifty India Internet Index,Swiggy Ltd.,Consumer Services,SWIGGY,EQ,INE00H001014,,2.422907,-0.285919,5.741899,11.266201,-17.370058,-27.76699,2.439896,8.826306,NSE_EQ|INE00H001014,OK
niftymetal,Adani Enterprises Ltd.,Metals & Mining,ADANIENT,EQ,INE423A01024,,0.153831,1.011839,-4.854338,11.020907,40.1713,33.718802,2.439896,8.581012,NSE_EQ|INE423A01024,OK
nifty50,Adani Enterprises Ltd.,Metals & Mining,ADANIENT,EQ,INE423A01024,,0.153831,1.011839,-4.854338,11.020907,40.1713,33.718802,2.439896,8.581012,NSE_EQ|INE423A01024,OK
nifty500,Adani Enterprises Ltd.,Metals & Mining,ADANIENT,EQ,INE423A01024,,0.153831,1.011839,-4.854338,11.020907,40.1713,33.718802,2.439896,8.581012,NSE_EQ|INE423A01024,OK
nifty200,Adani Enterprises Ltd.,Metals & Mining,ADANIENT,EQ,INE423A01024,,0.153831,1.011839,-4.854338,11.020907,40.1713,33.718802,2.439896,8.581012,NSE_EQ|INE423A01024,OK
niftylargemidcap250,Adani Enterprises Ltd.,Metals & Mining,ADANIENT,EQ,INE423A01024,,0.153831,1.011839,-4.854338,11.020907,40.1713,33.718802,2.439896,8.581012,NSE_EQ|INE423A01024,OK
Nifty India Internet Index,Physicswallah Ltd.,Consumer Services,PWL,EQ,INE0LP301011,,0.024606,3.155134,-7.550603,11.01502,13.621541,-8.177095,2.439896,8.575125,NSE_EQ|INE0LP301011,OK
nifty500,Home First Finance Company India Ltd.,Financial Services,HOMEFIRST,EQ,INE481N01025,,0.253293,1.029524,-2.998121,10.723611,0.686848,7.729995,2.439896,8.283715,NSE_EQ|INE481N01025,OK
niftyinfra,GAIL (India) Ltd.,Oil Gas & Consumable Fuels,GAIL,EQ,INE129A01019,,0.0,-1.932916,-0.294781,10.647851,6.685633,0.197491,2.439896,8.207956,NSE_EQ|INE129A01019,OK
nifty200,GAIL (India) Ltd.,Oil Gas & Consumable Fuels,GAIL,EQ,INE129A01019,,0.0,-1.932916,-0.294781,10.647851,6.685633,0.197491,2.439896,8.207956,NSE_EQ|INE129A01019,OK
niftyenergy,GAIL (India) Ltd.,Oil Gas & Consumable Fuels,GAIL,EQ,INE129A01019,,0.0,-1.932916,-0.294781,10.647851,6.685633,0.197491,2.439896,8.207956,NSE_EQ|INE129A01019,OK
nifty500,GAIL (India) Ltd.,Oil Gas & Consumable Fuels,GAIL,EQ,INE129A01019,,0.0,-1.932916,-0.294781,10.647851,6.685633,0.197491,2.439896,8.207956,NSE_EQ|INE129A01019,OK
niftylargemidcap250,GAIL (India) Ltd.,Oil Gas & Consumable Fuels,GAIL,EQ,INE129A01019,,0.0,-1.932916,-0.294781,10.647851,6.685633,0.197491,2.439896,8.207956,NSE_EQ|INE129A01019,OK
niftynext50,GAIL (India) Ltd.,Oil Gas & Consumable Fuels,GAIL,EQ,INE129A01019,,0.0,-1.932916,-0.294781,10.647851,6.685633,0.197491,2.439896,8.207956,NSE_EQ|INE129A01019,OK
niftyoilgas,GAIL (India) Ltd.,Oil Gas & Consumable Fuels,GAIL,EQ,INE129A01019,,0.0,-1.932916,-0.294781,10.647851,6.685633,0.197491,2.439896,8.207956,NSE_EQ|INE129A01019,OK
nifty500,Inventurus Knowledge Solutions Ltd.,Information Technology,IKS,EQ,INE115Q01022,,-1.142195,0.566938,-1.321877,10.647233,9.210607,8.070937,2.439896,8.207338,NSE_EQ|INE115Q01022,OK
niftyauto,Bajaj Auto Ltd.,Automobile and Auto Components,BAJAJ-AUTO,EQ,INE917I01010,,1.270932,1.131978,7.223712,10.55592,20.829918,26.222841,2.439896,8.116024,NSE_EQ|INE917I01010,OK
niftyevnewageautomotive,Bajaj Auto Ltd.,Automobile and Auto Components,BAJAJ-AUTO,EQ,INE917I01010,,1.270932,1.131978,7.223712,10.55592,20.829918,26.222841,2.439896,8.116024,NSE_EQ|INE917I01010,OK
nifty50,Bajaj Auto Ltd.,Automobile and Auto Components,BAJAJ-AUTO,EQ,INE917I01010,,1.270932,1.131978,7.223712,10.55592,20.829918,26.222841,2.439896,8.116024,NSE_EQ|INE917I01010,OK
nifty500,Bajaj Auto Ltd.,Automobile and Auto Components,BAJAJ-AUTO,EQ,INE917I01010,,1.270932,1.131978,7.223712,10.55592,20.829918,26.222841,2.439896,8.116024,NSE_EQ|INE917I01010,OK
niftylargemidcap250,Bajaj Auto Ltd.,Automobile and Auto Components,BAJAJ-AUTO,EQ,INE917I01010,,1.270932,1.131978,7.223712,10.55592,20.829918,26.222841,2.439896,8.116024,NSE_EQ|INE917I01010,OK
nifty200,Bajaj Auto Ltd.,Automobile and Auto Components,BAJAJ-AUTO,EQ,INE917I01010,,1.270932,1.131978,7.223712,10.55592,20.829918,26.222841,2.439896,8.116024,NSE_EQ|INE917I01010,OK
nifty200,Mahindra & Mahindra Ltd.,Automobile and Auto Components,M&M,EQ,INE101A01026,,0.286969,-0.099177,7.857525,10.513069,-3.073527,-7.667422,2.439896,8.073173,NSE_EQ|INE101A01026,OK
niftyevnewageautomotive,Mahindra & Mahindra Ltd.,Automobile and Auto Components,M&M,EQ,INE101A01026,,0.286969,-0.099177,7.857525,10.513069,-3.073527,-7.667422,2.439896,8.073173,NSE_EQ|INE101A01026,OK
niftylargemidcap250,Mahindra & Mahindra Ltd.,Automobile and Auto Components,M&M,EQ,INE101A01026,,0.286969,-0.099177,7.857525,10.513069,-3.073527,-7.667422,2.439896,8.073173,NSE_EQ|INE101A01026,OK
nifty50,Mahindra & Mahindra Ltd.,Automobile and Auto Components,M&M,EQ,INE101A01026,,0.286969,-0.099177,7.857525,10.513069,-3.073527,-7.667422,2.439896,8.073173,NSE_EQ|INE101A01026,OK
nifty500,Mahindra & Mahindra Ltd.,Automobile and Auto Components,M&M,EQ,INE101A01026,,0.286969,-0.099177,7.857525,10.513069,-3.073527,-7.667422,2.439896,8.073173,NSE_EQ|INE101A01026,OK
niftyauto,Mahindra & Mahindra Ltd.,Automobile and Auto Components,M&M,EQ,INE101A01026,,0.286969,-0.099177,7.857525,10.513069,-3.073527,-7.667422,2.439896,8.073173,NSE_EQ|INE101A01026,OK
nifty500,V-Guard Industries Ltd.,Consumer Durables,VGUARD,EQ,INE951I01027,,1.049948,1.552608,14.225161,10.478846,3.837855,2.698171,2.439896,8.03895,NSE_EQ|INE951I01027,OK
niftyconsumerdurables,V-Guard Industries Ltd.,Consumer Durables,VGUARD,EQ,INE951I01027,,1.049948,1.552608,14.225161,10.478846,3.837855,2.698171,2.439896,8.03895,NSE_EQ|INE951I01027,OK
nifty500,Alkyl Amines Chemicals Ltd.,Chemicals,ALKYLAMINE,EQ,INE150B01039,,-1.651245,0.0364,5.506197,10.410927,26.324775,20.531295,2.439896,7.971032,NSE_EQ|INE150B01039,OK
nifty500,Lloyds Metals And Energy Ltd.,Metals & Mining,LLOYDSME,EQ,INE281B01032,,-1.438249,-0.368732,1.052519,10.343621,58.887769,43.146901,2.439896,7.903725,NSE_EQ|INE281B01032,OK
niftylargemidcap250,Lloyds Metals And Energy Ltd.,Metals & Mining,LLOYDSME,EQ,INE281B01032,,-1.438249,-0.368732,1.052519,10.343621,58.887769,43.146901,2.439896,7.903725,NSE_EQ|INE281B01032,OK
niftymetal,Lloyds Metals And Energy Ltd.,Metals & Mining,LLOYDSME,EQ,INE281B01032,,-1.438249,-0.368732,1.052519,10.343621,58.887769,43.146901,2.439896,7.903725,NSE_EQ|INE281B01032,OK
niftynext50,LTMindtree Ltd.,Information Technology,LTM,EQ,INE214T01019,,-0.249759,-4.449108,14.328043,10.250139,-10.995993,-24.911355,2.439896,7.810244,NSE_EQ|INE214T01019,OK
niftyit,LTMindtree Ltd.,Information Technology,LTM,EQ,INE214T01019,,-0.249759,-4.449108,14.328043,10.250139,-10.995993,-24.911355,2.439896,7.810244,NSE_EQ|INE214T01019,OK
nifty200,LTMindtree Ltd.,Information Technology,LTM,EQ,INE214T01019,,-0.249759,-4.449108,14.328043,10.250139,-10.995993,-24.911355,2.439896,7.810244,NSE_EQ|INE214T01019,OK
niftyindiadigital,LTMindtree Ltd.,Information Technology,LTM,EQ,INE214T01019,,-0.249759,-4.449108,14.328043,10.250139,-10.995993,-24.911355,2.439896,7.810244,NSE_EQ|INE214T01019,OK
niftylargemidcap250,LTMindtree Ltd.,Information Technology,LTM,EQ,INE214T01019,,-0.249759,-4.449108,14.328043,10.250139,-10.995993,-24.911355,2.439896,7.810244,NSE_EQ|INE214T01019,OK
nifty500,LTMindtree Ltd.,Information Technology,LTM,EQ,INE214T01019,,-0.249759,-4.449108,14.328043,10.250139,-10.995993,-24.911355,2.439896,7.810244,NSE_EQ|INE214T01019,OK
niftychemicals,PCBL Chemical Ltd.,Chemicals,PCBL,EQ,INE602A01031,,-2.096725,1.636479,-0.698541,10.236085,6.191899,6.086235,2.439896,7.796189,NSE_EQ|INE602A01031,OK
nifty500,PCBL Chemical Ltd.,Chemicals,PCBL,EQ,INE602A01031,,-2.096725,1.636479,-0.698541,10.236085,6.191899,6.086235,2.439896,7.796189,NSE_EQ|INE602A01031,OK
niftylargemidcap250,The New India Assurance Company Ltd.,Financial Services,NIACL,EQ,INE470Y01017,,-1.400259,1.345143,4.533516,10.236031,21.664009,17.494545,2.439896,7.796135,NSE_EQ|INE470Y01017,OK
nifty500,The New India Assurance Company Ltd.,Financial Services,NIACL,EQ,INE470Y01017,,-1.400259,1.345143,4.533516,10.236031,21.664009,17.494545,2.439896,7.796135,NSE_EQ|INE470Y01017,OK
nifty200,State Bank of India,Financial Services,SBIN,EQ,INE062A01020,,-0.057219,-3.231764,2.243902,10.211379,-12.564659,6.699247,2.439896,7.771483,NSE_EQ|INE062A01020,OK
niftyfinance,State Bank of India,Financial Services,SBIN,EQ,INE062A01020,,-0.057219,-3.231764,2.243902,10.211379,-12.564659,6.699247,2.439896,7.771483,NSE_EQ|INE062A01020,OK
niftypsubank,State Bank of India,Financial Services,SBIN,EQ,INE062A01020,,-0.057219,-3.231764,2.243902,10.211379,-12.564659,6.699247,2.439896,7.771483,NSE_EQ|INE062A01020,OK
niftyfinancialservices25-50,State Bank of India,Financial Services,SBIN,EQ,INE062A01020,,-0.057219,-3.231764,2.243902,10.211379,-12.564659,6.699247,2.439896,7.771483,NSE_EQ|INE062A01020,OK
niftyhousing,State Bank of India,FINANCIAL SERVICES,SBIN,EQ,INE062A01020,,-0.057219,-3.231764,2.243902,10.211379,-12.564659,6.699247,2.439896,7.771483,NSE_EQ|INE062A01020,OK
niftybank,State Bank of India,Financial Services,SBIN,EQ,INE062A01020,,-0.057219,-3.231764,2.243902,10.211379,-12.564659,6.699247,2.439896,7.771483,NSE_EQ|INE062A01020,OK
niftylargemidcap250,State Bank of India,Financial Services,SBIN,EQ,INE062A01020,,-0.057219,-3.231764,2.243902,10.211379,-12.564659,6.699247,2.439896,7.771483,NSE_EQ|INE062A01020,OK
nifty500,State Bank of India,Financial Services,SBIN,EQ,INE062A01020,,-0.057219,-3.231764,2.243902,10.211379,-12.564659,6.699247,2.439896,7.771483,NSE_EQ|INE062A01020,OK
nifty50,State Bank of India,Financial Services,SBIN,EQ,INE062A01020,,-0.057219,-3.231764,2.243902,10.211379,-12.564659,6.699247,2.439896,7.771483,NSE_EQ|INE062A01020,OK
niftymidsmallhealthcare,Granules India Ltd.,Healthcare,GRANULES,EQ,INE101D01020,,0.053498,-1.85995,-1.428906,10.128239,49.657686,40.618212,2.439896,7.688343,NSE_EQ|INE101D01020,OK
nifty500,Granules India Ltd.,Healthcare,GRANULES,EQ,INE101D01020,,0.053498,-1.85995,-1.428906,10.128239,49.657686,40.618212,2.439896,7.688343,NSE_EQ|INE101D01020,OK
nifty500healthcare,Granules India Ltd.,Healthcare,GRANULES,EQ,INE101D01020,,0.053498,-1.85995,-1.428906,10.128239,49.657686,40.618212,2.439896,7.688343,NSE_EQ|INE101D01020,OK
niftylargemidcap250,Godrej Industries Ltd.,Diversified,GODREJIND,EQ,INE233A01035,,0.44335,-2.564511,-9.705513,10.072428,26.632854,22.047087,2.439896,7.632532,NSE_EQ|INE233A01035,OK
nifty500,Godrej Industries Ltd.,Diversified,GODREJIND,EQ,INE233A01035,,0.44335,-2.564511,-9.705513,10.072428,26.632854,22.047087,2.439896,7.632532,NSE_EQ|INE233A01035,OK
nifty500,Clean Science and Technology Ltd.,Chemicals,CLEAN,EQ,INE227W01023,,1.879653,-0.197286,13.125974,9.727882,10.475812,-4.72005,2.439896,7.287987,NSE_EQ|INE227W01023,OK
nifty500,Tejas Networks Ltd.,Telecommunication,TEJASNET,EQ,INE010J01012,,-0.068688,-5.738615,-2.180386,9.340777,54.936863,13.243634,2.439896,6.900882,NSE_EQ|INE010J01012,OK
niftylargemidcap250,Bajaj Holdings & Investment Ltd.,Financial Services,BAJAJHLDNG,EQ,INE118A01012,,-0.105448,-1.147826,9.045564,9.286676,4.475692,0.353107,2.439896,6.84678,NSE_EQ|INE118A01012,OK
niftynext50,Bajaj Holdings & Investment Ltd.,Financial Services,BAJAJHLDNG,EQ,INE118A01012,,-0.105448,-1.147826,9.045564,9.286676,4.475692,0.353107,2.439896,6.84678,NSE_EQ|INE118A01012,OK
nifty200,Bajaj Holdings & Investment Ltd.,Financial Services,BAJAJHLDNG,EQ,INE118A01012,,-0.105448,-1.147826,9.045564,9.286676,4.475692,0.353107,2.439896,6.84678,NSE_EQ|INE118A01012,OK
nifty500,Bajaj Holdings & Investment Ltd.,Financial Services,BAJAJHLDNG,EQ,INE118A01012,,-0.105448,-1.147826,9.045564,9.286676,4.475692,0.353107,2.439896,6.84678,NSE_EQ|INE118A01012,OK
nifty500,Star Health and Allied Insurance Company Ltd.,Financial Services,STARHEALTH,EQ,INE575P01011,,-1.252574,-1.55662,-0.767308,9.27561,23.009512,26.483516,2.439896,6.835714,NSE_EQ|INE575P01011,OK
Nifty India Internet Index,Thomas Cook (India) Ltd.,Consumer Services,THOMASCOOK,EQ,INE332A01027,,1.024366,-5.944444,-0.382465,9.143655,-10.114149,-31.701741,2.439896,6.70376,NSE_EQ|INE332A01027,OK
nifty200,MphasiS Ltd.,Information Technology,MPHASIS,EQ,INE356A01018,,0.226851,-4.368359,6.869558,9.086012,-1.155223,-12.940671,2.439896,6.646116,NSE_EQ|INE356A01018,OK
niftymidsmallitandtelecom,MphasiS Ltd.,Information Technology,MPHASIS,EQ,INE356A01018,,0.226851,-4.368359,6.869558,9.086012,-1.155223,-12.940671,2.439896,6.646116,NSE_EQ|INE356A01018,OK
nifty500,MphasiS Ltd.,Information Technology,MPHASIS,EQ,INE356A01018,,0.226851,-4.368359,6.869558,9.086012,-1.155223,-12.940671,2.439896,6.646116,NSE_EQ|INE356A01018,OK
niftyindiadigital,MphasiS Ltd.,Information Technology,MPHASIS,EQ,INE356A01018,,0.226851,-4.368359,6.869558,9.086012,-1.155223,-12.940671,2.439896,6.646116,NSE_EQ|INE356A01018,OK
niftylargemidcap250,MphasiS Ltd.,Information Technology,MPHASIS,EQ,INE356A01018,,0.226851,-4.368359,6.869558,9.086012,-1.155223,-12.940671,2.439896,6.646116,NSE_EQ|INE356A01018,OK
niftyit,MphasiS Ltd.,Information Technology,MPHASIS,EQ,INE356A01018,,0.226851,-4.368359,6.869558,9.086012,-1.155223,-12.940671,2.439896,6.646116,NSE_EQ|INE356A01018,OK
niftylargemidcap250,AIA Engineering Ltd.,Capital Goods,AIAENG,EQ,INE212H01026,,-0.622591,-1.747424,-5.812169,9.065425,12.838573,8.465464,2.439896,6.62553,NSE_EQ|INE212H01026,OK
nifty500,AIA Engineering Ltd.,Capital Goods,AIAENG,EQ,INE212H01026,,-0.622591,-1.747424,-5.812169,9.065425,12.838573,8.465464,2.439896,6.62553,NSE_EQ|INE212H01026,OK
nifty500,Gravita India Ltd.,Metals & Mining,GRAVITA,EQ,INE024L01027,,-0.016731,-1.478266,-0.011154,9.064363,8.417997,-3.498762,2.439896,6.624467,NSE_EQ|INE024L01027,OK
Nifty India Internet Index,Meesho Ltd.,Consumer Services,MEESHO,EQ,INE0VDM01015,,6.415075,8.206797,10.34392,8.842018,37.069022,16.252358,2.439896,6.402122,NSE_EQ|INE0VDM01015,OK
nifty500healthcare,Alembic Pharmaceuticals Ltd.,Healthcare,APLLTD,EQ,INE901L01018,,-0.415902,-2.057267,0.233933,8.706102,5.741005,-3.787744,2.439896,6.266207,NSE_EQ|INE901L01018,OK
nifty500,Alembic Pharmaceuticals Ltd.,Healthcare,APLLTD,EQ,INE901L01018,,-0.415902,-2.057267,0.233933,8.706102,5.741005,-3.787744,2.439896,6.266207,NSE_EQ|INE901L01018,OK
nifty500,Kalpataru Projects International Ltd.,Construction,KPIL,EQ,INE220B01022,,0.79907,1.648231,5.121212,8.677945,26.50196,15.402528,2.439896,6.238049,NSE_EQ|INE220B01022,OK
niftyauto,Bharat Forge Ltd.,Automobile and Auto Components,BHARATFORG,EQ,INE465A01025,,-0.338328,-1.245211,-5.650881,8.594902,18.587532,40.23395,2.439896,6.155006,NSE_EQ|INE465A01025,OK
nifty500,Bharat Forge Ltd.,Automobile and Auto Components,BHARATFORG,EQ,INE465A01025,,-0.338328,-1.245211,-5.650881,8.594902,18.587532,40.23395,2.439896,6.155006,NSE_EQ|INE465A01025,OK
niftyindiadefence,Bharat Forge Ltd.,Automobile and Auto Components,BHARATFORG,EQ,INE465A01025,,-0.338328,-1.245211,-5.650881,8.594902,18.587532,40.23395,2.439896,6.155006,NSE_EQ|INE465A01025,OK
niftylargemidcap250,Bharat Forge Ltd.,Automobile and Auto Components,BHARATFORG,EQ,INE465A01025,,-0.338328,-1.245211,-5.650881,8.594902,18.587532,40.23395,2.439896,6.155006,NSE_EQ|INE465A01025,OK
niftyinfra,Bharat Forge Ltd.,Automobile and Auto Components,BHARATFORG,EQ,INE465A01025,,-0.338328,-1.245211,-5.650881,8.594902,18.587532,40.23395,2.439896,6.155006,NSE_EQ|INE465A01025,OK
nifty200,Bharat Forge Ltd.,Automobile and Auto Components,BHARATFORG,EQ,INE465A01025,,-0.338328,-1.245211,-5.650881,8.594902,18.587532,40.23395,2.439896,6.155006,NSE_EQ|INE465A01025,OK
niftyevnewageautomotive,Bharat Forge Ltd.,Automobile and Auto Components,BHARATFORG,EQ,INE465A01025,,-0.338328,-1.245211,-5.650881,8.594902,18.587532,40.23395,2.439896,6.155006,NSE_EQ|INE465A01025,OK
niftylargemidcap250,Dalmia Bharat Ltd.,Construction Materials,DALBHARAT,EQ,INE00R701025,,1.173333,3.401286,1.759468,8.536446,-11.367565,-10.976583,2.439896,6.09655,NSE_EQ|INE00R701025,OK
nifty500,Dalmia Bharat Ltd.,Construction Materials,DALBHARAT,EQ,INE00R701025,,1.173333,3.401286,1.759468,8.536446,-11.367565,-10.976583,2.439896,6.09655,NSE_EQ|INE00R701025,OK
niftyhousing,Dalmia Bharat Ltd.,CEMENT & CEMENT PRODUCTS,DALBHARAT,EQ,INE00R701025,,1.173333,3.401286,1.759468,8.536446,-11.367565,-10.976583,2.439896,6.09655,NSE_EQ|INE00R701025,OK
nifty500,KEI Industries Ltd.,Capital Goods,KEI,EQ,INE878B01027,,-0.107374,-1.969252,14.16214,8.363567,24.266445,27.236447,2.439896,5.923671,NSE_EQ|INE878B01027,OK
niftyevnewageautomotive,KEI Industries Ltd.,Capital Goods,KEI,EQ,INE878B01027,,-0.107374,-1.969252,14.16214,8.363567,24.266445,27.236447,2.439896,5.923671,NSE_EQ|INE878B01027,OK
nifty200,KEI Industries Ltd.,Capital Goods,KEI,EQ,INE878B01027,,-0.107374,-1.969252,14.16214,8.363567,24.266445,27.236447,2.439896,5.923671,NSE_EQ|INE878B01027,OK
niftylargemidcap250,KEI Industries Ltd.,Capital Goods,KEI,EQ,INE878B01027,,-0.107374,-1.969252,14.16214,8.363567,24.266445,27.236447,2.439896,5.923671,NSE_EQ|INE878B01027,OK
niftymidsmallfinancailservice,Manappuram Finance Ltd.,Financial Services,MANAPPURAM,EQ,INE522D01027,,2.720588,0.243972,-0.271274,8.328164,15.397324,13.190731,2.439896,5.888268,NSE_EQ|INE522D01027,OK
nifty500,Manappuram Finance Ltd.,Financial Services,MANAPPURAM,EQ,INE522D01027,,2.720588,0.243972,-0.271274,8.328164,15.397324,13.190731,2.439896,5.888268,NSE_EQ|INE522D01027,OK
nifty500,Hexaware Technologies Ltd.,Information Technology,HEXT,EQ,INE093A01041,,-1.644677,-5.282395,-1.180316,8.212368,-3.098291,-28.913853,2.439896,5.772473,NSE_EQ|INE093A01041,OK
niftylargemidcap250,Hexaware Technologies Ltd.,Information Technology,HEXT,EQ,INE093A01041,,-1.644677,-5.282395,-1.180316,8.212368,-3.098291,-28.913853,2.439896,5.772473,NSE_EQ|INE093A01041,OK
niftymidsmallitandtelecom,Hexaware Technologies Ltd.,Information Technology,HEXT,EQ,INE093A01041,,-1.644677,-5.282395,-1.180316,8.212368,-3.098291,-28.913853,2.439896,5.772473,NSE_EQ|INE093A01041,OK
niftyfinancialservicesexbank,360 ONE WAM Ltd.,Financial Services,360ONE,EQ,INE466L01038,,1.905972,1.690617,10.003658,8.202914,6.762513,1.092437,2.439896,5.763019,NSE_EQ|INE466L01038,OK
nifty500,360 ONE WAM Ltd.,Financial Services,360ONE,EQ,INE466L01038,,1.905972,1.690617,10.003658,8.202914,6.762513,1.092437,2.439896,5.763019,NSE_EQ|INE466L01038,OK
niftymidsmallfinancailservice,360 ONE WAM Ltd.,Financial Services,360ONE,EQ,INE466L01038,,1.905972,1.690617,10.003658,8.202914,6.762513,1.092437,2.439896,5.763019,NSE_EQ|INE466L01038,OK
nifty200,360 ONE WAM Ltd.,Financial Services,360ONE,EQ,INE466L01038,,1.905972,1.690617,10.003658,8.202914,6.762513,1.092437,2.439896,5.763019,NSE_EQ|INE466L01038,OK
niftylargemidcap250,360 ONE WAM Ltd.,Financial Services,360ONE,EQ,INE466L01038,,1.905972,1.690617,10.003658,8.202914,6.762513,1.092437,2.439896,5.763019,NSE_EQ|INE466L01038,OK
nifty500,Rainbow Childrens Medicare Ltd.,Healthcare,RAINBOW,EQ,INE961O01016,,-0.567793,0.034412,-2.443117,8.082986,22.544473,10.113636,2.439896,5.643091,NSE_EQ|INE961O01016,OK
niftymidsmallhealthcare,Rainbow Childrens Medicare Ltd.,Healthcare,RAINBOW,EQ,INE961O01016,,-0.567793,0.034412,-2.443117,8.082986,22.544473,10.113636,2.439896,5.643091,NSE_EQ|INE961O01016,OK
nifty500healthcare,Rainbow Childrens Medicare Ltd.,Healthcare,RAINBOW,EQ,INE961O01016,,-0.567793,0.034412,-2.443117,8.082986,22.544473,10.113636,2.439896,5.643091,NSE_EQ|INE961O01016,OK
niftyhousing,Mahanagar Gas Ltd.,OIL & GAS,MGL,EQ,INE002S01010,,0.868794,1.065909,5.166836,7.971152,2.773011,0.149635,2.439896,5.531256,NSE_EQ|INE002S01010,OK
niftyenergy,Mahanagar Gas Ltd.,Oil Gas & Consumable Fuels,MGL,EQ,INE002S01010,,0.868794,1.065909,5.166836,7.971152,2.773011,0.149635,2.439896,5.531256,NSE_EQ|INE002S01010,OK
nifty500,Mahanagar Gas Ltd.,Oil Gas & Consumable Fuels,MGL,EQ,INE002S01010,,0.868794,1.065909,5.166836,7.971152,2.773011,0.149635,2.439896,5.531256,NSE_EQ|INE002S01010,OK
niftyoilgas,Mahanagar Gas Ltd.,Oil Gas & Consumable Fuels,MGL,EQ,INE002S01010,,0.868794,1.065909,5.166836,7.971152,2.773011,0.149635,2.439896,5.531256,NSE_EQ|INE002S01010,OK
niftyoilgas,Petronet LNG Ltd.,Oil Gas & Consumable Fuels,PETRONET,EQ,INE347G01014,,1.127885,4.332259,4.201681,7.965913,0.344353,2.569518,2.439896,5.526018,NSE_EQ|INE347G01014,OK
niftyhousing,Petronet LNG Ltd.,OIL & GAS,PETRONET,EQ,INE347G01014,,1.127885,4.332259,4.201681,7.965913,0.344353,2.569518,2.439896,5.526018,NSE_EQ|INE347G01014,OK
niftylargemidcap250,Petronet LNG Ltd.,Oil Gas & Consumable Fuels,PETRONET,EQ,INE347G01014,,1.127885,4.332259,4.201681,7.965913,0.344353,2.569518,2.439896,5.526018,NSE_EQ|INE347G01014,OK
niftyenergy,Petronet LNG Ltd.,Oil Gas & Consumable Fuels,PETRONET,EQ,INE347G01014,,1.127885,4.332259,4.201681,7.965913,0.344353,2.569518,2.439896,5.526018,NSE_EQ|INE347G01014,OK
nifty500,Petronet LNG Ltd.,Oil Gas & Consumable Fuels,PETRONET,EQ,INE347G01014,,1.127885,4.332259,4.201681,7.965913,0.344353,2.569518,2.439896,5.526018,NSE_EQ|INE347G01014,OK
nifty500,Balkrishna Industries Ltd.,Automobile and Auto Components,BALKRISIND,EQ,INE787D01026,,0.490196,-1.327801,18.032461,7.826245,-8.951681,2.513256,2.439896,5.386349,NSE_EQ|INE787D01026,OK
niftylargemidcap250,Balkrishna Industries Ltd.,Automobile and Auto Components,BALKRISIND,EQ,INE787D01026,,0.490196,-1.327801,18.032461,7.826245,-8.951681,2.513256,2.439896,5.386349,NSE_EQ|INE787D01026,OK
nifty500,Aarti Industries Ltd.,Chemicals,AARTIIND,EQ,INE769A01020,,-1.328147,-3.372352,4.859361,7.726567,16.498656,39.087991,2.439896,5.286671,NSE_EQ|INE769A01020,OK
niftychemicals,Aarti Industries Ltd.,Chemicals,AARTIIND,EQ,INE769A01020,,-1.328147,-3.372352,4.859361,7.726567,16.498656,39.087991,2.439896,5.286671,NSE_EQ|INE769A01020,OK
Nifty India Internet Index,Pine Labs Ltd.,Financial Services,PINELABS,EQ,INE15B701018,,1.338663,-4.112138,8.741235,7.692826,-20.654712,-33.259516,2.439896,5.252931,NSE_EQ|INE15B701018,OK
nifty500,BASF India Ltd.,Chemicals,BASF,EQ,INE373A01013,,-1.877863,-6.724396,2.427752,7.615885,5.545216,-2.576929,2.439896,5.175989,NSE_EQ|INE373A01013,OK
niftyindiadefence,Dynamatic Technologies Ltd.,Capital Goods,DYNAMATECH,EQ,INE221B01012,,0.255646,8.834413,15.785848,7.609988,24.543482,25.533504,2.439896,5.170092,NSE_EQ|INE221B01012,OK
nifty500,ITC Hotels Ltd.,Consumer Services,ITCHOTELS,EQ,INE379A01028,,1.608661,-0.520989,1.39779,7.521036,-7.777716,-15.858785,2.439896,5.08114,NSE_EQ|INE379A01028,OK
niftylargemidcap250,ITC Hotels Ltd.,Consumer Services,ITCHOTELS,EQ,INE379A01028,,1.608661,-0.520989,1.39779,7.521036,-7.777716,-15.858785,2.439896,5.08114,NSE_EQ|INE379A01028,OK
nifty200,ITC Hotels Ltd.,Consumer Services,ITCHOTELS,EQ,INE379A01028,,1.608661,-0.520989,1.39779,7.521036,-7.777716,-15.858785,2.439896,5.08114,NSE_EQ|INE379A01028,OK
nifty200,Solar Industries India Ltd.,Chemicals,SOLARINDS,EQ,INE343H01029,,0.197759,-2.775044,4.79423,7.438017,51.498888,61.279791,2.439896,4.998121,NSE_EQ|INE343H01029,OK
niftyindiadefence,Solar Industries India Ltd.,Chemicals,SOLARINDS,EQ,INE343H01029,,0.197759,-2.775044,4.79423,7.438017,51.498888,61.279791,2.439896,4.998121,NSE_EQ|INE343H01029,OK
nifty500,Solar Industries India Ltd.,Chemicals,SOLARINDS,EQ,INE343H01029,,0.197759,-2.775044,4.79423,7.438017,51.498888,61.279791,2.439896,4.998121,NSE_EQ|INE343H01029,OK
niftynext50,Solar Industries India Ltd.,Chemicals,SOLARINDS,EQ,INE343H01029,,0.197759,-2.775044,4.79423,7.438017,51.498888,61.279791,2.439896,4.998121,NSE_EQ|INE343H01029,OK
niftylargemidcap250,Solar Industries India Ltd.,Chemicals,SOLARINDS,EQ,INE343H01029,,0.197759,-2.775044,4.79423,7.438017,51.498888,61.279791,2.439896,4.998121,NSE_EQ|INE343H01029,OK
niftychemicals,Solar Industries India Ltd.,Chemicals,SOLARINDS,EQ,INE343H01029,,0.197759,-2.775044,4.79423,7.438017,51.498888,61.279791,2.439896,4.998121,NSE_EQ|INE343H01029,OK
nifty500,Emcure Pharmaceuticals Ltd.,Healthcare,EMCURE,EQ,INE168P01015,,-0.507668,-6.379379,-0.412873,7.4165,26.37872,37.882008,2.439896,4.976604,NSE_EQ|INE168P01015,OK
nifty500healthcare,Emcure Pharmaceuticals Ltd.,Healthcare,EMCURE,EQ,INE168P01015,,-0.507668,-6.379379,-0.412873,7.4165,26.37872,37.882008,2.439896,4.976604,NSE_EQ|INE168P01015,OK
Nifty India Internet Index,AvenuesAI Ltd.,Financial Services,CCAVENUE,EQ,INE483S01020,,0.402955,-4.411765,-10.692951,7.399425,-20.899471,-10.264106,2.439896,4.95953,NSE_EQ|INE483S01020,OK
nifty500,CRISIL Ltd.,Financial Services,CRISIL,EQ,INE007A01025,,-0.462284,0.273151,-0.369283,7.312982,0.796723,3.632914,2.439896,4.873087,NSE_EQ|INE007A01025,OK
niftylargemidcap250,CRISIL Ltd.,Financial Services,CRISIL,EQ,INE007A01025,,-0.462284,0.273151,-0.369283,7.312982,0.796723,3.632914,2.439896,4.873087,NSE_EQ|INE007A01025,OK
nifty500,Firstsource Solutions Ltd.,Services,FSL,EQ,INE684F01012,,-0.292987,0.018369,3.101568,7.282185,7.121778,-18.924955,2.439896,4.842289,NSE_EQ|INE684F01012,OK
nifty500,Phoenix Mills Ltd.,Realty,PHOENIXLTD,EQ,INE211B01039,,0.312663,1.395839,-6.353376,7.200535,10.919044,3.857567,2.439896,4.760639,NSE_EQ|INE211B01039,OK
niftylargemidcap250,Phoenix Mills Ltd.,Realty,PHOENIXLTD,EQ,INE211B01039,,0.312663,1.395839,-6.353376,7.200535,10.919044,3.857567,2.439896,4.760639,NSE_EQ|INE211B01039,OK
nifty200,Phoenix Mills Ltd.,Realty,PHOENIXLTD,EQ,INE211B01039,,0.312663,1.395839,-6.353376,7.200535,10.919044,3.857567,2.439896,4.760639,NSE_EQ|INE211B01039,OK
niftyrealty,Phoenix Mills Ltd.,Realty,PHOENIXLTD,EQ,INE211B01039,,0.312663,1.395839,-6.353376,7.200535,10.919044,3.857567,2.439896,4.760639,NSE_EQ|INE211B01039,OK
nifty500,LT Foods Ltd.,Fast Moving Consumer Goods,LTFOODS,EQ,INE818H01020,,0.349243,2.876238,13.825432,7.13398,-0.873965,10.668892,2.439896,4.694084,NSE_EQ|INE818H01020,OK
nifty500,Carborundum Universal Ltd.,Capital Goods,CARBORUNIV,EQ,INE120A01034,,4.635762,-3.967584,6.427168,7.078313,37.807389,32.912723,2.439896,4.638418,NSE_EQ|INE120A01034,OK
nifty500,Usha Martin Ltd.,Capital Goods,USHAMART,EQ,INE228A01035,,-1.176353,-0.341812,-0.221439,6.878706,21.215456,9.174009,2.439896,4.438811,NSE_EQ|INE228A01035,OK
niftypharma,Zydus Lifesciences Ltd.,Healthcare,ZYDUSLIFE,EQ,INE010B01027,,0.289724,-5.1058,-1.651425,6.874427,22.438377,21.146169,2.439896,4.434531,NSE_EQ|INE010B01027,OK
nifty200,Zydus Lifesciences Ltd.,Healthcare,ZYDUSLIFE,EQ,INE010B01027,,0.289724,-5.1058,-1.651425,6.874427,22.438377,21.146169,2.439896,4.434531,NSE_EQ|INE010B01027,OK
niftynext50,Zydus Lifesciences Ltd.,Healthcare,ZYDUSLIFE,EQ,INE010B01027,,0.289724,-5.1058,-1.651425,6.874427,22.438377,21.146169,2.439896,4.434531,NSE_EQ|INE010B01027,OK
niftylargemidcap250,Zydus Lifesciences Ltd.,Healthcare,ZYDUSLIFE,EQ,INE010B01027,,0.289724,-5.1058,-1.651425,6.874427,22.438377,21.146169,2.439896,4.434531,NSE_EQ|INE010B01027,OK
nifty500healthcare,Zydus Lifesciences Ltd.,Healthcare,ZYDUSLIFE,EQ,INE010B01027,,0.289724,-5.1058,-1.651425,6.874427,22.438377,21.146169,2.439896,4.434531,NSE_EQ|INE010B01027,OK
nifty500,Zydus Lifesciences Ltd.,Healthcare,ZYDUSLIFE,EQ,INE010B01027,,0.289724,-5.1058,-1.651425,6.874427,22.438377,21.146169,2.439896,4.434531,NSE_EQ|INE010B01027,OK
niftyhealthcare,Zydus Lifesciences Ltd.,Healthcare,ZYDUSLIFE,EQ,INE010B01027,,0.289724,-5.1058,-1.651425,6.874427,22.438377,21.146169,2.439896,4.434531,NSE_EQ|INE010B01027,OK
nifty200,Trent Ltd.,Consumer Services,TRENT,EQ,INE849A01020,,0.575686,-0.668896,2.864268,6.819163,4.769296,4.108245,2.439896,4.379267,NSE_EQ|INE849A01020,OK
nifty50,Trent Ltd.,Consumer Services,TRENT,EQ,INE849A01020,,0.575686,-0.668896,2.864268,6.819163,4.769296,4.108245,2.439896,4.379267,NSE_EQ|INE849A01020,OK
niftylargemidcap250,Trent Ltd.,Consumer Services,TRENT,EQ,INE849A01020,,0.575686,-0.668896,2.864268,6.819163,4.769296,4.108245,2.439896,4.379267,NSE_EQ|INE849A01020,OK
nifty500,Trent Ltd.,Consumer Services,TRENT,EQ,INE849A01020,,0.575686,-0.668896,2.864268,6.819163,4.769296,4.108245,2.439896,4.379267,NSE_EQ|INE849A01020,OK
niftyevnewageautomotive,Olectra Greentech Ltd.,Automobile and Auto Components,OLECTRA,EQ,INE260D01016,,-1.102941,-7.341227,-4.057066,6.649046,26.476638,7.689741,2.439896,4.20915,NSE_EQ|INE260D01016,OK
nifty500,Olectra Greentech Ltd.,Automobile and Auto Components,OLECTRA,EQ,INE260D01016,,-1.102941,-7.341227,-4.057066,6.649046,26.476638,7.689741,2.439896,4.20915,NSE_EQ|INE260D01016,OK
nifty500,Shyam Metalics and Energy Ltd.,Capital Goods,SHYAMMETL,EQ,INE810G01011,,0.69704,1.849392,-3.237393,6.638139,13.343567,17.595706,2.439896,4.198243,NSE_EQ|INE810G01011,OK
nifty500,RITES Ltd.,Construction,RITES,EQ,INE320J01015,,0.691435,-2.681992,1.120267,6.634123,-0.100613,-10.036654,2.439896,4.194227,NSE_EQ|INE320J01015,OK
niftyindiarailwayspsu,RITES Ltd.,Construction,RITES,EQ,INE320J01015,,0.691435,-2.681992,1.120267,6.634123,-0.100613,-10.036654,2.439896,4.194227,NSE_EQ|INE320J01015,OK
niftyindiarailwayspsu,BEML Ltd.,Capital Goods,BEML,EQ,INE258A01024,,-0.20845,2.732126,13.031961,6.587021,13.071029,5.532556,2.439896,4.147126,NSE_EQ|INE258A01024,OK
nifty500,BEML Ltd.,Capital Goods,BEML,EQ,INE258A01024,,-0.20845,2.732126,13.031961,6.587021,13.071029,5.532556,2.439896,4.147126,NSE_EQ|INE258A01024,OK
niftyindiadefence,BEML Ltd.,Capital Goods,BEML,EQ,INE258A01024,,-0.20845,2.732126,13.031961,6.587021,13.071029,5.532556,2.439896,4.147126,NSE_EQ|INE258A01024,OK
Nifty India Internet Index,Billionbrains Garage Ventures Ltd.,Financial Services,GROWW,EQ,INE0HOQ01053,,3.389307,1.378858,-1.559588,6.556246,16.076799,28.526606,2.439896,4.11635,NSE_EQ|INE0HOQ01053,OK
nifty500,Ola Electric Mobility Ltd.,Automobile and Auto Components,OLAELEC,EQ,INE0LXG01040,,1.448498,-4.663474,3.136079,6.50521,22.434445,4.359823,2.439896,4.065314,NSE_EQ|INE0LXG01040,OK
niftyevnewageautomotive,Ola Electric Mobility Ltd.,Automobile and Auto Components,OLAELEC,EQ,INE0LXG01040,,1.448498,-4.663474,3.136079,6.50521,22.434445,4.359823,2.439896,4.065314,NSE_EQ|INE0LXG01040,OK
nifty200,Coromandel International Ltd.,Chemicals,COROMANDEL,EQ,INE169A01031,,-1.633875,-4.021448,-1.691757,6.485367,-12.050888,-11.542534,2.439896,4.045471,NSE_EQ|INE169A01031,OK
niftylargemidcap250,Coromandel International Ltd.,Chemicals,COROMANDEL,EQ,INE169A01031,,-1.633875,-4.021448,-1.691757,6.485367,-12.050888,-11.542534,2.439896,4.045471,NSE_EQ|INE169A01031,OK
nifty500,Coromandel International Ltd.,Chemicals,COROMANDEL,EQ,INE169A01031,,-1.633875,-4.021448,-1.691757,6.485367,-12.050888,-11.542534,2.439896,4.045471,NSE_EQ|INE169A01031,OK
niftychemicals,Coromandel International Ltd.,Chemicals,COROMANDEL,EQ,INE169A01031,,-1.633875,-4.021448,-1.691757,6.485367,-12.050888,-11.542534,2.439896,4.045471,NSE_EQ|INE169A01031,OK
niftylargemidcap250,Escorts Kubota Ltd.,Capital Goods,ESCORTS,EQ,INE042A01014,,1.217716,-0.042025,4.87383,6.473606,-13.787431,-16.874563,2.439896,4.033711,NSE_EQ|INE042A01014,OK
nifty500,Escorts Kubota Ltd.,Capital Goods,ESCORTS,EQ,INE042A01014,,1.217716,-0.042025,4.87383,6.473606,-13.787431,-16.874563,2.439896,4.033711,NSE_EQ|INE042A01014,OK
nifty500,Chalet Hotels Ltd.,Consumer Services,CHALET,EQ,INE427F01016,,0.5719,3.538695,3.702353,6.426254,-0.640727,-2.027454,2.439896,3.986358,NSE_EQ|INE427F01016,OK
nifty200,Indian Bank,Financial Services,INDIANB,EQ,INE562A01011,,-0.246235,-2.898551,5.250438,6.355699,-0.309031,4.031054,2.439896,3.915804,NSE_EQ|INE562A01011,OK
niftylargemidcap250,Indian Bank,Financial Services,INDIANB,EQ,INE562A01011,,-0.246235,-2.898551,5.250438,6.355699,-0.309031,4.031054,2.439896,3.915804,NSE_EQ|INE562A01011,OK
niftymidsmallfinancailservice,Indian Bank,Financial Services,INDIANB,EQ,INE562A01011,,-0.246235,-2.898551,5.250438,6.355699,-0.309031,4.031054,2.439896,3.915804,NSE_EQ|INE562A01011,OK
nifty500,Indian Bank,Financial Services,INDIANB,EQ,INE562A01011,,-0.246235,-2.898551,5.250438,6.355699,-0.309031,4.031054,2.439896,3.915804,NSE_EQ|INE562A01011,OK
niftypsubank,Indian Bank,Financial Services,INDIANB,EQ,INE562A01011,,-0.246235,-2.898551,5.250438,6.355699,-0.309031,4.031054,2.439896,3.915804,NSE_EQ|INE562A01011,OK
nifty500,Akzo Nobel India Ltd.,Consumer Durables,AKZOINDIA,EQ,INE133A01011,,-0.26178,-1.197375,1.008084,6.332908,4.581653,-2.870362,2.439896,3.893013,NSE_EQ|INE133A01011,OK
niftylargemidcap250,MRF Ltd.,Automobile and Auto Components,MRF,EQ,INE883A01011,,0.276884,2.30179,0.793561,6.290156,-10.729156,-12.33522,2.439896,3.850261,NSE_EQ|INE883A01011,OK
nifty500,MRF Ltd.,Automobile and Auto Components,MRF,EQ,INE883A01011,,0.276884,2.30179,0.793561,6.290156,-10.729156,-12.33522,2.439896,3.850261,NSE_EQ|INE883A01011,OK
nifty200,MRF Ltd.,Automobile and Auto Components,MRF,EQ,INE883A01011,,0.276884,2.30179,0.793561,6.290156,-10.729156,-12.33522,2.439896,3.850261,NSE_EQ|INE883A01011,OK
niftyauto,Maruti Suzuki India Ltd.,Automobile and Auto Components,MARUTI,EQ,INE585B01010,,0.869248,-0.690399,1.949059,6.14143,-9.371924,-17.29652,2.439896,3.701534,NSE_EQ|INE585B01010,OK
nifty50,Maruti Suzuki India Ltd.,Automobile and Auto Components,MARUTI,EQ,INE585B01010,,0.869248,-0.690399,1.949059,6.14143,-9.371924,-17.29652,2.439896,3.701534,NSE_EQ|INE585B01010,OK
nifty200,Maruti Suzuki India Ltd.,Automobile and Auto Components,MARUTI,EQ,INE585B01010,,0.869248,-0.690399,1.949059,6.14143,-9.371924,-17.29652,2.439896,3.701534,NSE_EQ|INE585B01010,OK
nifty500,Maruti Suzuki India Ltd.,Automobile and Auto Components,MARUTI,EQ,INE585B01010,,0.869248,-0.690399,1.949059,6.14143,-9.371924,-17.29652,2.439896,3.701534,NSE_EQ|INE585B01010,OK
niftylargemidcap250,Maruti Suzuki India Ltd.,Automobile and Auto Components,MARUTI,EQ,INE585B01010,,0.869248,-0.690399,1.949059,6.14143,-9.371924,-17.29652,2.439896,3.701534,NSE_EQ|INE585B01010,OK
niftyevnewageautomotive,Maruti Suzuki India Ltd.,Automobile and Auto Components,MARUTI,EQ,INE585B01010,,0.869248,-0.690399,1.949059,6.14143,-9.371924,-17.29652,2.439896,3.701534,NSE_EQ|INE585B01010,OK
nifty500,ZF Commercial Vehicle Control Systems India Ltd.,Automobile and Auto Components,ZFCVINDIA,EQ,INE342J01019,,0.175781,0.202584,10.74265,6.004852,-0.850983,5.705645,2.439896,3.564957,NSE_EQ|INE342J01019,OK
nifty500,Berger Paints India Ltd.,Consumer Durables,BERGEPAINT,EQ,INE463A01038,,-1.371525,-3.257985,6.465908,5.847602,14.404762,-1.491007,2.439896,3.407706,NSE_EQ|INE463A01038,OK
niftyhousing,Berger Paints India Ltd.,CONSUMER GOODS,BERGEPAINT,EQ,INE463A01038,,-1.371525,-3.257985,6.465908,5.847602,14.404762,-1.491007,2.439896,3.407706,NSE_EQ|INE463A01038,OK
niftylargemidcap250,Berger Paints India Ltd.,Consumer Durables,BERGEPAINT,EQ,INE463A01038,,-1.371525,-3.257985,6.465908,5.847602,14.404762,-1.491007,2.439896,3.407706,NSE_EQ|INE463A01038,OK
nifty500,Deepak Fertilisers & Petrochemicals Corp. Ltd.,Chemicals,DEEPAKFERT,EQ,INE501A01019,,-0.812898,0.528665,-8.424542,5.817735,42.045014,13.759615,2.439896,3.377839,NSE_EQ|INE501A01019,OK
nifty500,Jammu & Kashmir Bank Ltd.,Financial Services,J&KBANK,EQ,INE168A01041,,-0.510238,-6.078083,-17.589812,5.804655,45.655593,47.74676,2.439896,3.364759,NSE_EQ|INE168A01041,OK
niftymidsmallhealthcare,Pfizer Ltd.,Healthcare,PFIZER,EQ,INE182A01018,,0.010164,-1.410709,5.929466,5.77688,-2.330567,-1.357339,2.439896,3.336984,NSE_EQ|INE182A01018,OK
nifty500,Pfizer Ltd.,Healthcare,PFIZER,EQ,INE182A01018,,0.010164,-1.410709,5.929466,5.77688,-2.330567,-1.357339,2.439896,3.336984,NSE_EQ|INE182A01018,OK
nifty500healthcare,Pfizer Ltd.,Healthcare,PFIZER,EQ,INE182A01018,,0.010164,-1.410709,5.929466,5.77688,-2.330567,-1.357339,2.439896,3.336984,NSE_EQ|INE182A01018,OK
niftyconsumerdurables,Havells India Ltd.,Consumer Durables,HAVELLS,EQ,INE176B01034,,-0.699301,0.629921,5.873581,5.646028,-8.974359,-10.309495,2.439896,3.206132,NSE_EQ|INE176B01034,OK
niftylargemidcap250,Havells India Ltd.,Consumer Durables,HAVELLS,EQ,INE176B01034,,-0.699301,0.629921,5.873581,5.646028,-8.974359,-10.309495,2.439896,3.206132,NSE_EQ|INE176B01034,OK
niftynext50,Havells India Ltd.,Consumer Durables,HAVELLS,EQ,INE176B01034,,-0.699301,0.629921,5.873581,5.646028,-8.974359,-10.309495,2.439896,3.206132,NSE_EQ|INE176B01034,OK
niftyhousing,Havells India Ltd.,CONSUMER GOODS,HAVELLS,EQ,INE176B01034,,-0.699301,0.629921,5.873581,5.646028,-8.974359,-10.309495,2.439896,3.206132,NSE_EQ|INE176B01034,OK
nifty200,Havells India Ltd.,Consumer Durables,HAVELLS,EQ,INE176B01034,,-0.699301,0.629921,5.873581,5.646028,-8.974359,-10.309495,2.439896,3.206132,NSE_EQ|INE176B01034,OK
nifty500,Havells India Ltd.,Consumer Durables,HAVELLS,EQ,INE176B01034,,-0.699301,0.629921,5.873581,5.646028,-8.974359,-10.309495,2.439896,3.206132,NSE_EQ|INE176B01034,OK
niftyprivatebank,Yes Bank Ltd.,Financial Services,YESBANK,EQ,INE528G01035,,0.0,-1.044386,-2.151463,5.4242,9.012464,5.277778,2.439896,2.984305,NSE_EQ|INE528G01035,OK
niftyhousing,Yes Bank Ltd.,FINANCIAL SERVICES,YESBANK,EQ,INE528G01035,,0.0,-1.044386,-2.151463,5.4242,9.012464,5.277778,2.439896,2.984305,NSE_EQ|INE528G01035,OK
nifty500,Yes Bank Ltd.,Financial Services,YESBANK,EQ,INE528G01035,,0.0,-1.044386,-2.151463,5.4242,9.012464,5.277778,2.439896,2.984305,NSE_EQ|INE528G01035,OK
nifty200,Yes Bank Ltd.,Financial Services,YESBANK,EQ,INE528G01035,,0.0,-1.044386,-2.151463,5.4242,9.012464,5.277778,2.439896,2.984305,NSE_EQ|INE528G01035,OK
niftybank,Yes Bank Ltd.,Financial Services,YESBANK,EQ,INE528G01035,,0.0,-1.044386,-2.151463,5.4242,9.012464,5.277778,2.439896,2.984305,NSE_EQ|INE528G01035,OK
niftylargemidcap250,Yes Bank Ltd.,Financial Services,YESBANK,EQ,INE528G01035,,0.0,-1.044386,-2.151463,5.4242,9.012464,5.277778,2.439896,2.984305,NSE_EQ|INE528G01035,OK
niftymidsmallfinancailservice,Yes Bank Ltd.,Financial Services,YESBANK,EQ,INE528G01035,,0.0,-1.044386,-2.151463,5.4242,9.012464,5.277778,2.439896,2.984305,NSE_EQ|INE528G01035,OK
nifty200,Supreme Industries Ltd.,Capital Goods,SUPREMEIND,EQ,INE195A01028,,1.108033,4.375179,5.711307,5.296561,-3.308697,8.831773,2.439896,2.856666,NSE_EQ|INE195A01028,OK
niftylargemidcap250,Supreme Industries Ltd.,Capital Goods,SUPREMEIND,EQ,INE195A01028,,1.108033,4.375179,5.711307,5.296561,-3.308697,8.831773,2.439896,2.856666,NSE_EQ|INE195A01028,OK
nifty500,Supreme Industries Ltd.,Capital Goods,SUPREMEIND,EQ,INE195A01028,,1.108033,4.375179,5.711307,5.296561,-3.308697,8.831773,2.439896,2.856666,NSE_EQ|INE195A01028,OK
niftylargemidcap250,Apollo Hospitals Enterprise Ltd.,Healthcare,APOLLOHOSP,EQ,INE437A01024,,-0.171429,1.569767,-2.271202,5.133297,15.810408,24.032659,2.439896,2.693402,NSE_EQ|INE437A01024,OK
niftyinfra,Apollo Hospitals Enterprise Ltd.,Healthcare,APOLLOHOSP,EQ,INE437A01024,,-0.171429,1.569767,-2.271202,5.133297,15.810408,24.032659,2.439896,2.693402,NSE_EQ|INE437A01024,OK
nifty500,Apollo Hospitals Enterprise Ltd.,Healthcare,APOLLOHOSP,EQ,INE437A01024,,-0.171429,1.569767,-2.271202,5.133297,15.810408,24.032659,2.439896,2.693402,NSE_EQ|INE437A01024,OK
nifty200,Apollo Hospitals Enterprise Ltd.,Healthcare,APOLLOHOSP,EQ,INE437A01024,,-0.171429,1.569767,-2.271202,5.133297,15.810408,24.032659,2.439896,2.693402,NSE_EQ|INE437A01024,OK
niftyhealthcare,Apollo Hospitals Enterprise Ltd.,Healthcare,APOLLOHOSP,EQ,INE437A01024,,-0.171429,1.569767,-2.271202,5.133297,15.810408,24.032659,2.439896,2.693402,NSE_EQ|INE437A01024,OK
nifty500healthcare,Apollo Hospitals Enterprise Ltd.,Healthcare,APOLLOHOSP,EQ,INE437A01024,,-0.171429,1.569767,-2.271202,5.133297,15.810408,24.032659,2.439896,2.693402,NSE_EQ|INE437A01024,OK
nifty50,Apollo Hospitals Enterprise Ltd.,Healthcare,APOLLOHOSP,EQ,INE437A01024,,-0.171429,1.569767,-2.271202,5.133297,15.810408,24.032659,2.439896,2.693402,NSE_EQ|INE437A01024,OK
nifty500,Honeywell Automation India Ltd.,Capital Goods,HONAUT,EQ,INE671A01010,,1.591035,-1.277225,-3.622523,5.005005,17.01992,11.918915,2.439896,2.565109,NSE_EQ|INE671A01010,OK
niftylargemidcap250,Honeywell Automation India Ltd.,Capital Goods,HONAUT,EQ,INE671A01010,,1.591035,-1.277225,-3.622523,5.005005,17.01992,11.918915,2.439896,2.565109,NSE_EQ|INE671A01010,OK
nifty200,Life Insurance Corporation of India,Financial Services,LICI,EQ,INE0J1Y01017,,1.428226,1.662016,-1.015828,4.723819,-2.829314,-1.976839,2.439896,2.283923,NSE_EQ|INE0J1Y01017,OK
nifty500,Life Insurance Corporation of India,Financial Services,LICI,EQ,INE0J1Y01017,,1.428226,1.662016,-1.015828,4.723819,-2.829314,-1.976839,2.439896,2.283923,NSE_EQ|INE0J1Y01017,OK
niftyfinancialservicesexbank,Life Insurance Corporation of India,Financial Services,LICI,EQ,INE0J1Y01017,,1.428226,1.662016,-1.015828,4.723819,-2.829314,-1.976839,2.439896,2.283923,NSE_EQ|INE0J1Y01017,OK
niftylargemidcap250,Life Insurance Corporation of India,Financial Services,LICI,EQ,INE0J1Y01017,,1.428226,1.662016,-1.015828,4.723819,-2.829314,-1.976839,2.439896,2.283923,NSE_EQ|INE0J1Y01017,OK
niftynext50,Life Insurance Corporation of India,Financial Services,LICI,EQ,INE0J1Y01017,,1.428226,1.662016,-1.015828,4.723819,-2.829314,-1.976839,2.439896,2.283923,NSE_EQ|INE0J1Y01017,OK
niftynext50,Mazagoan Dock Shipbuilders Ltd.,Capital Goods,MAZDOCK,EQ,INE249Z01020,,0.241829,-0.038895,11.380775,4.692847,9.352396,3.204562,2.439896,2.252951,NSE_EQ|INE249Z01020,OK
nifty500,Mazagoan Dock Shipbuilders Ltd.,Capital Goods,MAZDOCK,EQ,INE249Z01020,,0.241829,-0.038895,11.380775,4.692847,9.352396,3.204562,2.439896,2.252951,NSE_EQ|INE249Z01020,OK
niftylargemidcap250,Mazagoan Dock Shipbuilders Ltd.,Capital Goods,MAZDOCK,EQ,INE249Z01020,,0.241829,-0.038895,11.380775,4.692847,9.352396,3.204562,2.439896,2.252951,NSE_EQ|INE249Z01020,OK
nifty200,Mazagoan Dock Shipbuilders Ltd.,Capital Goods,MAZDOCK,EQ,INE249Z01020,,0.241829,-0.038895,11.380775,4.692847,9.352396,3.204562,2.439896,2.252951,NSE_EQ|INE249Z01020,OK
niftyindiadefence,Mazagoan Dock Shipbuilders Ltd.,Capital Goods,MAZDOCK,EQ,INE249Z01020,,0.241829,-0.038895,11.380775,4.692847,9.352396,3.204562,2.439896,2.252951,NSE_EQ|INE249Z01020,OK
nifty200,Grasim Industries Ltd.,Construction Materials,GRASIM,EQ,INE047A01021,,0.917431,1.320233,4.222594,4.612458,14.265928,16.648993,2.439896,2.172563,NSE_EQ|INE047A01021,OK
niftyhousing,Grasim Industries Ltd.,CEMENT & CEMENT PRODUCTS,GRASIM,EQ,INE047A01021,,0.917431,1.320233,4.222594,4.612458,14.265928,16.648993,2.439896,2.172563,NSE_EQ|INE047A01021,OK
niftyinfra,Grasim Industries Ltd.,Construction Materials,GRASIM,EQ,INE047A01021,,0.917431,1.320233,4.222594,4.612458,14.265928,16.648993,2.439896,2.172563,NSE_EQ|INE047A01021,OK
nifty500,Grasim Industries Ltd.,Construction Materials,GRASIM,EQ,INE047A01021,,0.917431,1.320233,4.222594,4.612458,14.265928,16.648993,2.439896,2.172563,NSE_EQ|INE047A01021,OK
nifty50,Grasim Industries Ltd.,Construction Materials,GRASIM,EQ,INE047A01021,,0.917431,1.320233,4.222594,4.612458,14.265928,16.648993,2.439896,2.172563,NSE_EQ|INE047A01021,OK
niftylargemidcap250,Grasim Industries Ltd.,Construction Materials,GRASIM,EQ,INE047A01021,,0.917431,1.320233,4.222594,4.612458,14.265928,16.648993,2.439896,2.172563,NSE_EQ|INE047A01021,OK
nifty500,Dr. Agarwal's Health Care Ltd.,Healthcare,AGARWALEYE,EQ,INE943P01029,,0.249078,-1.061947,4.801583,4.572854,10.559279,-1.032753,2.439896,2.132958,NSE_EQ|INE943P01029,OK
niftyindiadefence,Mishra Dhatu Nigam Ltd.,Capital Goods,MIDHANI,EQ,INE099Z01011,,-1.786757,-5.473755,4.549975,4.510998,16.49813,22.434124,2.439896,2.071102,NSE_EQ|INE099Z01011,OK
niftylargemidcap250,Kotak Mahindra Bank Ltd.,Financial Services,KOTAKBANK,EQ,INE237A01036,,1.819347,1.261468,4.250295,4.332414,-5.539047,-9.734212,2.439896,1.892519,NSE_EQ|INE237A01036,OK
nifty500,Kotak Mahindra Bank Ltd.,Financial Services,KOTAKBANK,EQ,INE237A01036,,1.819347,1.261468,4.250295,4.332414,-5.539047,-9.734212,2.439896,1.892519,NSE_EQ|INE237A01036,OK
nifty50,Kotak Mahindra Bank Ltd.,Financial Services,KOTAKBANK,EQ,INE237A01036,,1.819347,1.261468,4.250295,4.332414,-5.539047,-9.734212,2.439896,1.892519,NSE_EQ|INE237A01036,OK
niftybank,Kotak Mahindra Bank Ltd.,Financial Services,KOTAKBANK,EQ,INE237A01036,,1.819347,1.261468,4.250295,4.332414,-5.539047,-9.734212,2.439896,1.892519,NSE_EQ|INE237A01036,OK
nifty200,Kotak Mahindra Bank Ltd.,Financial Services,KOTAKBANK,EQ,INE237A01036,,1.819347,1.261468,4.250295,4.332414,-5.539047,-9.734212,2.439896,1.892519,NSE_EQ|INE237A01036,OK
niftyfinance,Kotak Mahindra Bank Ltd.,Financial Services,KOTAKBANK,EQ,INE237A01036,,1.819347,1.261468,4.250295,4.332414,-5.539047,-9.734212,2.439896,1.892519,NSE_EQ|INE237A01036,OK
niftyfinancialservices25-50,Kotak Mahindra Bank Ltd.,Financial Services,KOTAKBANK,EQ,INE237A01036,,1.819347,1.261468,4.250295,4.332414,-5.539047,-9.734212,2.439896,1.892519,NSE_EQ|INE237A01036,OK
niftyprivatebank,Kotak Mahindra Bank Ltd.,Financial Services,KOTAKBANK,EQ,INE237A01036,,1.819347,1.261468,4.250295,4.332414,-5.539047,-9.734212,2.439896,1.892519,NSE_EQ|INE237A01036,OK
niftylargemidcap250,SBI Cards and Payment Services Ltd.,Financial Services,SBICARD,EQ,INE018E01016,,3.752105,0.943838,3.222462,4.329249,-14.940187,-24.910062,2.439896,1.889353,NSE_EQ|INE018E01016,OK
nifty200,SBI Cards and Payment Services Ltd.,Financial Services,SBICARD,EQ,INE018E01016,,3.752105,0.943838,3.222462,4.329249,-14.940187,-24.910062,2.439896,1.889353,NSE_EQ|INE018E01016,OK
niftymidsmallfinancailservice,SBI Cards and Payment Services Ltd.,Financial Services,SBICARD,EQ,INE018E01016,,3.752105,0.943838,3.222462,4.329249,-14.940187,-24.910062,2.439896,1.889353,NSE_EQ|INE018E01016,OK
nifty500,SBI Cards and Payment Services Ltd.,Financial Services,SBICARD,EQ,INE018E01016,,3.752105,0.943838,3.222462,4.329249,-14.940187,-24.910062,2.439896,1.889353,NSE_EQ|INE018E01016,OK
niftyfinancialservicesexbank,SBI Cards and Payment Services Ltd.,Financial Services,SBICARD,EQ,INE018E01016,,3.752105,0.943838,3.222462,4.329249,-14.940187,-24.910062,2.439896,1.889353,NSE_EQ|INE018E01016,OK
niftyfinance,SBI Cards and Payment Services Ltd.,Financial Services,SBICARD,EQ,INE018E01016,,3.752105,0.943838,3.222462,4.329249,-14.940187,-24.910062,2.439896,1.889353,NSE_EQ|INE018E01016,OK
niftyfinancialservices25-50,SBI Cards and Payment Services Ltd.,Financial Services,SBICARD,EQ,INE018E01016,,3.752105,0.943838,3.222462,4.329249,-14.940187,-24.910062,2.439896,1.889353,NSE_EQ|INE018E01016,OK
niftylargemidcap250,Siemens Ltd.,Capital Goods,SIEMENS,EQ,INE003A01024,,-0.484752,-2.683722,6.318847,4.284255,24.498636,26.660791,2.439896,1.84436,NSE_EQ|INE003A01024,OK
nifty200,Siemens Ltd.,Capital Goods,SIEMENS,EQ,INE003A01024,,-0.484752,-2.683722,6.318847,4.284255,24.498636,26.660791,2.439896,1.84436,NSE_EQ|INE003A01024,OK
nifty500,Siemens Ltd.,Capital Goods,SIEMENS,EQ,INE003A01024,,-0.484752,-2.683722,6.318847,4.284255,24.498636,26.660791,2.439896,1.84436,NSE_EQ|INE003A01024,OK
niftyenergy,Siemens Ltd.,Capital Goods,SIEMENS,EQ,INE003A01024,,-0.484752,-2.683722,6.318847,4.284255,24.498636,26.660791,2.439896,1.84436,NSE_EQ|INE003A01024,OK
niftynext50,Siemens Ltd.,Capital Goods,SIEMENS,EQ,INE003A01024,,-0.484752,-2.683722,6.318847,4.284255,24.498636,26.660791,2.439896,1.84436,NSE_EQ|INE003A01024,OK
nifty500,Blue Dart Express Ltd.,Services,BLUEDART,EQ,INE233B01017,,0.197355,-0.470496,5.513644,4.197024,-12.638734,-8.042021,2.439896,1.757128,NSE_EQ|INE233B01017,OK
nifty500,3M India Ltd.,Diversified,3MINDIA,EQ,INE470A01017,,0.134308,-7.230748,-6.088174,4.192547,-4.456785,-4.456785,2.439896,1.752651,NSE_EQ|INE470A01017,OK
niftylargemidcap250,3M India Ltd.,Diversified,3MINDIA,EQ,INE470A01017,,0.134308,-7.230748,-6.088174,4.192547,-4.456785,-4.456785,2.439896,1.752651,NSE_EQ|INE470A01017,OK
Nifty India Internet Index,Le Travenues Technology Ltd.,Consumer Services,IXIGO,EQ,INE0HV901016,,0.983471,-0.525241,-10.931703,4.155209,-13.389228,-33.143754,2.439896,1.715314,NSE_EQ|INE0HV901016,OK
niftyenergy,Bharat Petroleum Corporation Ltd.,Oil Gas & Consumable Fuels,BPCL,EQ,INE029A01011,,0.553746,-2.0,-1.687898,4.149798,-17.481957,-19.609375,2.439896,1.709902,NSE_EQ|INE029A01011,OK
nifty200,Bharat Petroleum Corporation Ltd.,Oil Gas & Consumable Fuels,BPCL,EQ,INE029A01011,,0.553746,-2.0,-1.687898,4.149798,-17.481957,-19.609375,2.439896,1.709902,NSE_EQ|INE029A01011,OK
niftylargemidcap250,Bharat Petroleum Corporation Ltd.,Oil Gas & Consumable Fuels,BPCL,EQ,INE029A01011,,0.553746,-2.0,-1.687898,4.149798,-17.481957,-19.609375,2.439896,1.709902,NSE_EQ|INE029A01011,OK
niftynext50,Bharat Petroleum Corporation Ltd.,Oil Gas & Consumable Fuels,BPCL,EQ,INE029A01011,,0.553746,-2.0,-1.687898,4.149798,-17.481957,-19.609375,2.439896,1.709902,NSE_EQ|INE029A01011,OK
niftyoilgas,Bharat Petroleum Corporation Ltd.,Oil Gas & Consumable Fuels,BPCL,EQ,INE029A01011,,0.553746,-2.0,-1.687898,4.149798,-17.481957,-19.609375,2.439896,1.709902,NSE_EQ|INE029A01011,OK
niftyinfra,Bharat Petroleum Corporation Ltd.,Oil Gas & Consumable Fuels,BPCL,EQ,INE029A01011,,0.553746,-2.0,-1.687898,4.149798,-17.481957,-19.609375,2.439896,1.709902,NSE_EQ|INE029A01011,OK
nifty500,Bharat Petroleum Corporation Ltd.,Oil Gas & Consumable Fuels,BPCL,EQ,INE029A01011,,0.553746,-2.0,-1.687898,4.149798,-17.481957,-19.609375,2.439896,1.709902,NSE_EQ|INE029A01011,OK
nifty200,Britannia Industries Ltd.,Fast Moving Consumer Goods,BRITANNIA,EQ,INE216A01030,,1.74216,-1.193232,1.139367,4.031502,-7.231837,-8.008622,2.439896,1.591606,NSE_EQ|INE216A01030,OK
niftynext50,Britannia Industries Ltd.,Fast Moving Consumer Goods,BRITANNIA,EQ,INE216A01030,,1.74216,-1.193232,1.139367,4.031502,-7.231837,-8.008622,2.439896,1.591606,NSE_EQ|INE216A01030,OK
niftyfmcg,Britannia Industries Ltd.,Fast Moving Consumer Goods,BRITANNIA,EQ,INE216A01030,,1.74216,-1.193232,1.139367,4.031502,-7.231837,-8.008622,2.439896,1.591606,NSE_EQ|INE216A01030,OK
nifty500,Britannia Industries Ltd.,Fast Moving Consumer Goods,BRITANNIA,EQ,INE216A01030,,1.74216,-1.193232,1.139367,4.031502,-7.231837,-8.008622,2.439896,1.591606,NSE_EQ|INE216A01030,OK
niftylargemidcap250,Britannia Industries Ltd.,Fast Moving Consumer Goods,BRITANNIA,EQ,INE216A01030,,1.74216,-1.193232,1.139367,4.031502,-7.231837,-8.008622,2.439896,1.591606,NSE_EQ|INE216A01030,OK
nifty500,UCO Bank,Financial Services,UCOBANK,EQ,INE691A01018,,0.506231,-1.073208,-2.787194,3.988719,-8.247423,-12.359932,2.439896,1.548823,NSE_EQ|INE691A01018,OK
niftylargemidcap250,UCO Bank,Financial Services,UCOBANK,EQ,INE691A01018,,0.506231,-1.073208,-2.787194,3.988719,-8.247423,-12.359932,2.439896,1.548823,NSE_EQ|INE691A01018,OK
niftypsubank,UCO Bank,Financial Services,UCOBANK,EQ,INE691A01018,,0.506231,-1.073208,-2.787194,3.988719,-8.247423,-12.359932,2.439896,1.548823,NSE_EQ|INE691A01018,OK
niftymidsmallhealthcare,Aurobindo Pharma Ltd.,Healthcare,AUROPHARMA,EQ,INE406A01037,,-1.015697,-3.330528,4.85133,3.963277,40.363128,35.925613,2.439896,1.523381,NSE_EQ|INE406A01037,OK
niftypharma,Aurobindo Pharma Ltd.,Healthcare,AUROPHARMA,EQ,INE406A01037,,-1.015697,-3.330528,4.85133,3.963277,40.363128,35.925613,2.439896,1.523381,NSE_EQ|INE406A01037,OK
nifty200,Aurobindo Pharma Ltd.,Healthcare,AUROPHARMA,EQ,INE406A01037,,-1.015697,-3.330528,4.85133,3.963277,40.363128,35.925613,2.439896,1.523381,NSE_EQ|INE406A01037,OK
nifty500,Aurobindo Pharma Ltd.,Healthcare,AUROPHARMA,EQ,INE406A01037,,-1.015697,-3.330528,4.85133,3.963277,40.363128,35.925613,2.439896,1.523381,NSE_EQ|INE406A01037,OK
niftyhealthcare,Aurobindo Pharma Ltd.,Healthcare,AUROPHARMA,EQ,INE406A01037,,-1.015697,-3.330528,4.85133,3.963277,40.363128,35.925613,2.439896,1.523381,NSE_EQ|INE406A01037,OK
niftylargemidcap250,Aurobindo Pharma Ltd.,Healthcare,AUROPHARMA,EQ,INE406A01037,,-1.015697,-3.330528,4.85133,3.963277,40.363128,35.925613,2.439896,1.523381,NSE_EQ|INE406A01037,OK
nifty500healthcare,Aurobindo Pharma Ltd.,Healthcare,AUROPHARMA,EQ,INE406A01037,,-1.015697,-3.330528,4.85133,3.963277,40.363128,35.925613,2.439896,1.523381,NSE_EQ|INE406A01037,OK
niftyhousing,Larsen & Toubro Ltd.,CONSTRUCTION,LT,EQ,INE018A01030,,0.982357,0.253028,6.905223,3.881889,-2.225736,-0.061222,2.439896,1.441993,NSE_EQ|INE018A01030,OK
niftylargemidcap250,Larsen & Toubro Ltd.,Construction,LT,EQ,INE018A01030,,0.982357,0.253028,6.905223,3.881889,-2.225736,-0.061222,2.439896,1.441993,NSE_EQ|INE018A01030,OK
nifty200,Larsen & Toubro Ltd.,Construction,LT,EQ,INE018A01030,,0.982357,0.253028,6.905223,3.881889,-2.225736,-0.061222,2.439896,1.441993,NSE_EQ|INE018A01030,OK
nifty50,Larsen & Toubro Ltd.,Construction,LT,EQ,INE018A01030,,0.982357,0.253028,6.905223,3.881889,-2.225736,-0.061222,2.439896,1.441993,NSE_EQ|INE018A01030,OK
nifty500,Larsen & Toubro Ltd.,Construction,LT,EQ,INE018A01030,,0.982357,0.253028,6.905223,3.881889,-2.225736,-0.061222,2.439896,1.441993,NSE_EQ|INE018A01030,OK
niftyinfra,Larsen & Toubro Ltd.,Construction,LT,EQ,INE018A01030,,0.982357,0.253028,6.905223,3.881889,-2.225736,-0.061222,2.439896,1.441993,NSE_EQ|INE018A01030,OK
nifty200,Jio Financial Services Ltd.,Financial Services,JIOFIN,EQ,INE758E01017,,0.59634,-4.303599,4.173765,3.740775,-7.330934,-17.07069,2.439896,1.30088,NSE_EQ|INE758E01017,OK
nifty500,Jio Financial Services Ltd.,Financial Services,JIOFIN,EQ,INE758E01017,,0.59634,-4.303599,4.173765,3.740775,-7.330934,-17.07069,2.439896,1.30088,NSE_EQ|INE758E01017,OK
nifty50,Jio Financial Services Ltd.,Financial Services,JIOFIN,EQ,INE758E01017,,0.59634,-4.303599,4.173765,3.740775,-7.330934,-17.07069,2.439896,1.30088,NSE_EQ|INE758E01017,OK
niftylargemidcap250,Jio Financial Services Ltd.,Financial Services,JIOFIN,EQ,INE758E01017,,0.59634,-4.303599,4.173765,3.740775,-7.330934,-17.07069,2.439896,1.30088,NSE_EQ|INE758E01017,OK
niftyfinancialservicesexbank,Jio Financial Services Ltd.,Financial Services,JIOFIN,EQ,INE758E01017,,0.59634,-4.303599,4.173765,3.740775,-7.330934,-17.07069,2.439896,1.30088,NSE_EQ|INE758E01017,OK
niftyfinance,Jio Financial Services Ltd.,Financial Services,JIOFIN,EQ,INE758E01017,,0.59634,-4.303599,4.173765,3.740775,-7.330934,-17.07069,2.439896,1.30088,NSE_EQ|INE758E01017,OK
niftyfinancialservices25-50,Jio Financial Services Ltd.,Financial Services,JIOFIN,EQ,INE758E01017,,0.59634,-4.303599,4.173765,3.740775,-7.330934,-17.07069,2.439896,1.30088,NSE_EQ|INE758E01017,OK
niftylargemidcap250,Nestle India Ltd.,Fast Moving Consumer Goods,NESTLEIND,EQ,INE239A01024,,-0.477816,-3.245073,-2.383503,3.661571,13.675347,13.198758,2.439896,1.221676,NSE_EQ|INE239A01024,OK
nifty50,Nestle India Ltd.,Fast Moving Consumer Goods,NESTLEIND,EQ,INE239A01024,,-0.477816,-3.245073,-2.383503,3.661571,13.675347,13.198758,2.439896,1.221676,NSE_EQ|INE239A01024,OK
niftyfmcg,Nestle India Ltd.,Fast Moving Consumer Goods,NESTLEIND,EQ,INE239A01024,,-0.477816,-3.245073,-2.383503,3.661571,13.675347,13.198758,2.439896,1.221676,NSE_EQ|INE239A01024,OK
nifty200,Nestle India Ltd.,Fast Moving Consumer Goods,NESTLEIND,EQ,INE239A01024,,-0.477816,-3.245073,-2.383503,3.661571,13.675347,13.198758,2.439896,1.221676,NSE_EQ|INE239A01024,OK
nifty500,Nestle India Ltd.,Fast Moving Consumer Goods,NESTLEIND,EQ,INE239A01024,,-0.477816,-3.245073,-2.383503,3.661571,13.675347,13.198758,2.439896,1.221676,NSE_EQ|INE239A01024,OK
nifty200,GMR Airports Ltd.,Services,GMRAIRPORT,EQ,INE776C01039,,-2.039024,-2.514563,-8.576892,3.654382,6.785069,-3.794194,2.439896,1.214486,NSE_EQ|INE776C01039,OK
niftylargemidcap250,GMR Airports Ltd.,Services,GMRAIRPORT,EQ,INE776C01039,,-2.039024,-2.514563,-8.576892,3.654382,6.785069,-3.794194,2.439896,1.214486,NSE_EQ|INE776C01039,OK
nifty500,GMR Airports Ltd.,Services,GMRAIRPORT,EQ,INE776C01039,,-2.039024,-2.514563,-8.576892,3.654382,6.785069,-3.794194,2.439896,1.214486,NSE_EQ|INE776C01039,OK
niftymedia,Hathway Cable & Datacom Ltd.,Media Entertainment & Publication,HATHWAY,EQ,INE982F01036,,1.05465,-1.679104,-2.5878,3.638151,-6.227758,-15.205149,2.439896,1.198256,NSE_EQ|INE982F01036,OK
nifty500,MMTC Ltd.,Services,MMTC,EQ,INE123F01029,,6.629123,3.725153,6.423639,3.514527,3.757633,-1.427934,2.439896,1.074631,NSE_EQ|INE123F01029,OK
nifty200,Astral Ltd.,Capital Goods,ASTRAL,EQ,INE006I01046,,-0.835006,-3.768844,7.072966,3.513514,-4.040088,10.334894,2.439896,1.073618,NSE_EQ|INE006I01046,OK
niftylargemidcap250,Astral Ltd.,Capital Goods,ASTRAL,EQ,INE006I01046,,-0.835006,-3.768844,7.072966,3.513514,-4.040088,10.334894,2.439896,1.073618,NSE_EQ|INE006I01046,OK
nifty500,Astral Ltd.,Capital Goods,ASTRAL,EQ,INE006I01046,,-0.835006,-3.768844,7.072966,3.513514,-4.040088,10.334894,2.439896,1.073618,NSE_EQ|INE006I01046,OK
nifty500,Castrol India Ltd.,Oil Gas & Consumable Fuels,CASTROLIND,EQ,INE172A01027,,-0.095364,0.613595,1.501776,3.473442,1.819654,-2.066996,2.439896,1.033546,NSE_EQ|INE172A01027,OK
niftyenergy,Castrol India Ltd.,Oil Gas & Consumable Fuels,CASTROLIND,EQ,INE172A01027,,-0.095364,0.613595,1.501776,3.473442,1.819654,-2.066996,2.439896,1.033546,NSE_EQ|INE172A01027,OK
niftyoilgas,Castrol India Ltd.,Oil Gas & Consumable Fuels,CASTROLIND,EQ,INE172A01027,,-0.095364,0.613595,1.501776,3.473442,1.819654,-2.066996,2.439896,1.033546,NSE_EQ|INE172A01027,OK
nifty500,Bajaj Housing Finance Ltd.,Financial Services,BAJAJHFL,EQ,INE377Y01014,,0.682273,1.446012,0.152118,3.469536,-4.143801,-9.265345,2.439896,1.02964,NSE_EQ|INE377Y01014,OK
niftylargemidcap250,Bajaj Housing Finance Ltd.,Financial Services,BAJAJHFL,EQ,INE377Y01014,,0.682273,1.446012,0.152118,3.469536,-4.143801,-9.265345,2.439896,1.02964,NSE_EQ|INE377Y01014,OK
niftynext50,Bajaj Housing Finance Ltd.,Financial Services,BAJAJHFL,EQ,INE377Y01014,,0.682273,1.446012,0.152118,3.469536,-4.143801,-9.265345,2.439896,1.02964,NSE_EQ|INE377Y01014,OK
nifty200,Bajaj Housing Finance Ltd.,Financial Services,BAJAJHFL,EQ,INE377Y01014,,0.682273,1.446012,0.152118,3.469536,-4.143801,-9.265345,2.439896,1.02964,NSE_EQ|INE377Y01014,OK
nifty500,Bata India Ltd.,Consumer Durables,BATAINDIA,EQ,INE176A01028,,-1.40025,-2.260702,2.419355,3.252033,-16.550308,-24.581124,2.439896,0.812137,NSE_EQ|INE176A01028,OK
niftyconsumerdurables,Bata India Ltd.,Consumer Durables,BATAINDIA,EQ,INE176A01028,,-1.40025,-2.260702,2.419355,3.252033,-16.550308,-24.581124,2.439896,0.812137,NSE_EQ|INE176A01028,OK
niftyfmcg,Marico Ltd.,Fast Moving Consumer Goods,MARICO,EQ,INE196A01026,,0.982353,-0.705651,-0.498464,3.18567,12.918503,14.355183,2.439896,0.745775,NSE_EQ|INE196A01026,OK
niftylargemidcap250,Marico Ltd.,Fast Moving Consumer Goods,MARICO,EQ,INE196A01026,,0.982353,-0.705651,-0.498464,3.18567,12.918503,14.355183,2.439896,0.745775,NSE_EQ|INE196A01026,OK
nifty500,Marico Ltd.,Fast Moving Consumer Goods,MARICO,EQ,INE196A01026,,0.982353,-0.705651,-0.498464,3.18567,12.918503,14.355183,2.439896,0.745775,NSE_EQ|INE196A01026,OK
nifty200,Marico Ltd.,Fast Moving Consumer Goods,MARICO,EQ,INE196A01026,,0.982353,-0.705651,-0.498464,3.18567,12.918503,14.355183,2.439896,0.745775,NSE_EQ|INE196A01026,OK
niftylargemidcap250,Adani Total Gas Ltd.,Oil Gas & Consumable Fuels,ATGL,EQ,INE399L01023,,-0.993602,0.396916,-3.513791,3.063783,26.49548,16.049056,2.439896,0.623887,NSE_EQ|INE399L01023,OK
niftyoilgas,Adani Total Gas Ltd.,Oil Gas & Consumable Fuels,ATGL,EQ,INE399L01023,,-0.993602,0.396916,-3.513791,3.063783,26.49548,16.049056,2.439896,0.623887,NSE_EQ|INE399L01023,OK
nifty500,Adani Total Gas Ltd.,Oil Gas & Consumable Fuels,ATGL,EQ,INE399L01023,,-0.993602,0.396916,-3.513791,3.063783,26.49548,16.049056,2.439896,0.623887,NSE_EQ|INE399L01023,OK
niftyhousing,Adani Total Gas Ltd.,OIL & GAS,ATGL,BE,INE399L01023,,-0.993602,0.396916,-3.513791,3.063783,26.49548,16.049056,2.439896,0.623887,NSE_EQ|INE399L01023,OK
niftyenergy,Adani Total Gas Ltd.,Oil Gas & Consumable Fuels,ATGL,EQ,INE399L01023,,-0.993602,0.396916,-3.513791,3.063783,26.49548,16.049056,2.439896,0.623887,NSE_EQ|INE399L01023,OK
nifty200,Adani Total Gas Ltd.,Oil Gas & Consumable Fuels,ATGL,EQ,INE399L01023,,-0.993602,0.396916,-3.513791,3.063783,26.49548,16.049056,2.439896,0.623887,NSE_EQ|INE399L01023,OK
niftylargemidcap250,Vodafone Idea Ltd.,Telecommunication,IDEA,EQ,INE669E01016,,-0.284293,3.849001,3.618907,3.010279,24.159292,30.390335,2.439896,0.570383,NSE_EQ|INE669E01016,OK
nifty500,Vodafone Idea Ltd.,Telecommunication,IDEA,EQ,INE669E01016,,-0.284293,3.849001,3.618907,3.010279,24.159292,30.390335,2.439896,0.570383,NSE_EQ|INE669E01016,OK
nifty200,Vodafone Idea Ltd.,Telecommunication,IDEA,EQ,INE669E01016,,-0.284293,3.849001,3.618907,3.010279,24.159292,30.390335,2.439896,0.570383,NSE_EQ|INE669E01016,OK
niftymidsmallitandtelecom,Vodafone Idea Ltd.,Telecommunication,IDEA,EQ,INE669E01016,,-0.284293,3.849001,3.618907,3.010279,24.159292,30.390335,2.439896,0.570383,NSE_EQ|INE669E01016,OK
niftyindiadigital,Vodafone Idea Ltd.,Telecommunication,IDEA,EQ,INE669E01016,,-0.284293,3.849001,3.618907,3.010279,24.159292,30.390335,2.439896,0.570383,NSE_EQ|INE669E01016,OK
niftylargemidcap250,Bharti Airtel Ltd.,Telecommunication,BHARTIARTL,EQ,INE397D01024,,1.024974,0.134083,-0.374551,2.991566,-3.142615,-7.784005,2.439896,0.551671,NSE_EQ|INE397D01024,OK
niftyindiadigital,Bharti Airtel Ltd.,Telecommunication,BHARTIARTL,EQ,INE397D01024,,1.024974,0.134083,-0.374551,2.991566,-3.142615,-7.784005,2.439896,0.551671,NSE_EQ|INE397D01024,OK
nifty50,Bharti Airtel Ltd.,Telecommunication,BHARTIARTL,EQ,INE397D01024,,1.024974,0.134083,-0.374551,2.991566,-3.142615,-7.784005,2.439896,0.551671,NSE_EQ|INE397D01024,OK
nifty200,Bharti Airtel Ltd.,Telecommunication,BHARTIARTL,EQ,INE397D01024,,1.024974,0.134083,-0.374551,2.991566,-3.142615,-7.784005,2.439896,0.551671,NSE_EQ|INE397D01024,OK
nifty500,Bharti Airtel Ltd.,Telecommunication,BHARTIARTL,EQ,INE397D01024,,1.024974,0.134083,-0.374551,2.991566,-3.142615,-7.784005,2.439896,0.551671,NSE_EQ|INE397D01024,OK
niftyinfra,Bharti Airtel Ltd.,Telecommunication,BHARTIARTL,EQ,INE397D01024,,1.024974,0.134083,-0.374551,2.991566,-3.142615,-7.784005,2.439896,0.551671,NSE_EQ|INE397D01024,OK
niftyindiadigital,Bharti Hexacom Ltd.,Telecommunication,BHARTIHEXA,EQ,INE343G01021,,1.209046,3.200256,-1.19863,2.976608,-3.182118,-11.313608,2.439896,0.536712,NSE_EQ|INE343G01021,OK
nifty200,Bharti Hexacom Ltd.,Telecommunication,BHARTIHEXA,EQ,INE343G01021,,1.209046,3.200256,-1.19863,2.976608,-3.182118,-11.313608,2.439896,0.536712,NSE_EQ|INE343G01021,OK
nifty500,Bharti Hexacom Ltd.,Telecommunication,BHARTIHEXA,EQ,INE343G01021,,1.209046,3.200256,-1.19863,2.976608,-3.182118,-11.313608,2.439896,0.536712,NSE_EQ|INE343G01021,OK
niftymidsmallitandtelecom,Bharti Hexacom Ltd.,Telecommunication,BHARTIHEXA,EQ,INE343G01021,,1.209046,3.200256,-1.19863,2.976608,-3.182118,-11.313608,2.439896,0.536712,NSE_EQ|INE343G01021,OK
niftylargemidcap250,Bharti Hexacom Ltd.,Telecommunication,BHARTIHEXA,EQ,INE343G01021,,1.209046,3.200256,-1.19863,2.976608,-3.182118,-11.313608,2.439896,0.536712,NSE_EQ|INE343G01021,OK
nifty500,Sagility Ltd.,Information Technology,SAGILITY,EQ,INE0W2G01015,,0.471254,-0.046882,3.595724,2.920589,-9.909149,-18.031526,2.439896,0.480693,NSE_EQ|INE0W2G01015,OK
nifty500,SBFC Finance Ltd.,Financial Services,SBFC,EQ,INE423Y01016,,1.31508,-0.602792,1.786875,2.833698,-2.852713,-9.668429,2.439896,0.393802,NSE_EQ|INE423Y01016,OK
niftymidsmallhealthcare,Krishna Institute of Medical Sciences Ltd.,Healthcare,KIMS,EQ,INE967H01025,,0.171179,-2.17324,0.707502,2.710785,14.959255,29.806112,2.439896,0.270889,NSE_EQ|INE967H01025,OK
nifty500healthcare,Krishna Institute of Medical Sciences Ltd.,Healthcare,KIMS,EQ,INE967H01025,,0.171179,-2.17324,0.707502,2.710785,14.959255,29.806112,2.439896,0.270889,NSE_EQ|INE967H01025,OK
nifty500,Krishna Institute of Medical Sciences Ltd.,Healthcare,KIMS,EQ,INE967H01025,,0.171179,-2.17324,0.707502,2.710785,14.959255,29.806112,2.439896,0.270889,NSE_EQ|INE967H01025,OK
niftychemicals,E.I.D. Parry (India) Ltd.,Chemicals,EIDPARRY,EQ,INE126A01031,,2.947716,3.838267,5.852766,2.628246,-10.681806,-21.692278,2.439896,0.18835,NSE_EQ|INE126A01031,OK
nifty500,E.I.D. Parry (India) Ltd.,Fast Moving Consumer Goods,EIDPARRY,EQ,INE126A01031,,2.947716,3.838267,5.852766,2.628246,-10.681806,-21.692278,2.439896,0.18835,NSE_EQ|INE126A01031,OK
niftyindiarailwayspsu,Container Corporation of India Ltd.,Services,CONCOR,EQ,INE111A01025,,0.904054,-2.745245,7.810553,2.589445,4.154124,-1.133441,2.439896,0.149549,NSE_EQ|INE111A01025,OK
nifty200,Container Corporation of India Ltd.,Services,CONCOR,EQ,INE111A01025,,0.904054,-2.745245,7.810553,2.589445,4.154124,-1.133441,2.439896,0.149549,NSE_EQ|INE111A01025,OK
niftylargemidcap250,Container Corporation of India Ltd.,Services,CONCOR,EQ,INE111A01025,,0.904054,-2.745245,7.810553,2.589445,4.154124,-1.133441,2.439896,0.149549,NSE_EQ|INE111A01025,OK
nifty500,Container Corporation of India Ltd.,Services,CONCOR,EQ,INE111A01025,,0.904054,-2.745245,7.810553,2.589445,4.154124,-1.133441,2.439896,0.149549,NSE_EQ|INE111A01025,OK
nifty500healthcare,Cipla Ltd.,Healthcare,CIPLA,EQ,INE059A01026,,1.125176,-1.425829,1.61826,2.575077,7.998498,-4.850129,2.439896,0.135181,NSE_EQ|INE059A01026,OK
nifty50,Cipla Ltd.,Healthcare,CIPLA,EQ,INE059A01026,,1.125176,-1.425829,1.61826,2.575077,7.998498,-4.850129,2.439896,0.135181,NSE_EQ|INE059A01026,OK
niftylargemidcap250,Cipla Ltd.,Healthcare,CIPLA,EQ,INE059A01026,,1.125176,-1.425829,1.61826,2.575077,7.998498,-4.850129,2.439896,0.135181,NSE_EQ|INE059A01026,OK
niftypharma,Cipla Ltd.,Healthcare,CIPLA,EQ,INE059A01026,,1.125176,-1.425829,1.61826,2.575077,7.998498,-4.850129,2.439896,0.135181,NSE_EQ|INE059A01026,OK
niftyhealthcare,Cipla Ltd.,Healthcare,CIPLA,EQ,INE059A01026,,1.125176,-1.425829,1.61826,2.575077,7.998498,-4.850129,2.439896,0.135181,NSE_EQ|INE059A01026,OK
nifty200,Cipla Ltd.,Healthcare,CIPLA,EQ,INE059A01026,,1.125176,-1.425829,1.61826,2.575077,7.998498,-4.850129,2.439896,0.135181,NSE_EQ|INE059A01026,OK
nifty500,Cipla Ltd.,Healthcare,CIPLA,EQ,INE059A01026,,1.125176,-1.425829,1.61826,2.575077,7.998498,-4.850129,2.439896,0.135181,NSE_EQ|INE059A01026,OK
nifty500,Bank of India,Financial Services,BANKINDIA,EQ,INE084A01016,,0.776288,-1.428867,-0.826446,2.564103,-11.737437,-0.729927,2.439896,0.124207,NSE_EQ|INE084A01016,OK
niftypsubank,Bank of India,Financial Services,BANKINDIA,EQ,INE084A01016,,0.776288,-1.428867,-0.826446,2.564103,-11.737437,-0.729927,2.439896,0.124207,NSE_EQ|INE084A01016,OK
niftylargemidcap250,Bank of India,Financial Services,BANKINDIA,EQ,INE084A01016,,0.776288,-1.428867,-0.826446,2.564103,-11.737437,-0.729927,2.439896,0.124207,NSE_EQ|INE084A01016,OK
nifty200,Bank of India,Financial Services,BANKINDIA,EQ,INE084A01016,,0.776288,-1.428867,-0.826446,2.564103,-11.737437,-0.729927,2.439896,0.124207,NSE_EQ|INE084A01016,OK
niftymidsmallfinancailservice,Bank of India,Financial Services,BANKINDIA,EQ,INE084A01016,,0.776288,-1.428867,-0.826446,2.564103,-11.737437,-0.729927,2.439896,0.124207,NSE_EQ|INE084A01016,OK
nifty500,JK Tyre & Industries Ltd.,Automobile and Auto Components,JKTYRE,EQ,INE573A01042,,-0.386821,-2.633638,-4.537901,2.469813,-36.491198,-25.721106,2.439896,0.029918,NSE_EQ|INE573A01042,OK
niftylargemidcap250,Premier Energies Ltd.,Capital Goods,PREMIERENE,EQ,INE0BS701011,,3.792415,0.405484,1.77121,2.45296,36.986301,23.493439,2.439896,0.013065,NSE_EQ|INE0BS701011,OK
nifty500,Premier Energies Ltd.,Capital Goods,PREMIERENE,EQ,INE0BS701011,,3.792415,0.405484,1.77121,2.45296,36.986301,23.493439,2.439896,0.013065,NSE_EQ|INE0BS701011,OK
nifty200,Premier Energies Ltd.,Capital Goods,PREMIERENE,EQ,INE0BS701011,,3.792415,0.405484,1.77121,2.45296,36.986301,23.493439,2.439896,0.013065,NSE_EQ|INE0BS701011,OK
nifty500healthcare,Metropolis Healthcare Ltd.,Healthcare,METROPOLIS,EQ,INE112L01020,,-2.558559,-3.169203,-5.139449,2.269289,11.047228,12.152634,2.439896,-0.170607,NSE_EQ|INE112L01020,OK
nifty500,Metropolis Healthcare Ltd.,Healthcare,METROPOLIS,EQ,INE112L01020,,-2.558559,-3.169203,-5.139449,2.269289,11.047228,12.152634,2.439896,-0.170607,NSE_EQ|INE112L01020,OK
nifty500,BLS International Services Ltd.,Consumer Services,BLS,EQ,INE153T01027,,0.939676,1.200724,18.785776,1.96166,1.715559,-14.693242,2.439896,-0.478236,NSE_EQ|INE153T01027,OK
niftymetal,Hindustan Copper Ltd.,Metals & Mining,HINDCOPPER,EQ,INE531E01026,,0.946202,2.87446,14.481349,1.439826,-5.332545,8.064827,2.439896,-1.00007,NSE_EQ|INE531E01026,OK
nifty500,Hindustan Copper Ltd.,Metals & Mining,HINDCOPPER,EQ,INE531E01026,,0.946202,2.87446,14.481349,1.439826,-5.332545,8.064827,2.439896,-1.00007,NSE_EQ|INE531E01026,OK
nifty50,JSW Steel Ltd.,Metals & Mining,JSWSTEEL,EQ,INE019A01038,,1.081039,1.937255,2.588997,1.436042,5.49513,11.581387,2.439896,-1.003854,NSE_EQ|INE019A01038,OK
niftylargemidcap250,JSW Steel Ltd.,Metals & Mining,JSWSTEEL,EQ,INE019A01038,,1.081039,1.937255,2.588997,1.436042,5.49513,11.581387,2.439896,-1.003854,NSE_EQ|INE019A01038,OK
niftymetal,JSW Steel Ltd.,Metals & Mining,JSWSTEEL,EQ,INE019A01038,,1.081039,1.937255,2.588997,1.436042,5.49513,11.581387,2.439896,-1.003854,NSE_EQ|INE019A01038,OK
niftyhousing,JSW Steel Ltd.,METALS,JSWSTEEL,EQ,INE019A01038,,1.081039,1.937255,2.588997,1.436042,5.49513,11.581387,2.439896,-1.003854,NSE_EQ|INE019A01038,OK
nifty500,JSW Steel Ltd.,Metals & Mining,JSWSTEEL,EQ,INE019A01038,,1.081039,1.937255,2.588997,1.436042,5.49513,11.581387,2.439896,-1.003854,NSE_EQ|INE019A01038,OK
nifty200,JSW Steel Ltd.,Metals & Mining,JSWSTEEL,EQ,INE019A01038,,1.081039,1.937255,2.588997,1.436042,5.49513,11.581387,2.439896,-1.003854,NSE_EQ|INE019A01038,OK
niftylargemidcap250,CG Power and Industrial Solutions Ltd.,Capital Goods,CGPOWER,EQ,INE067A01029,,1.535253,-1.156167,-4.003944,1.318071,28.839227,35.252354,2.439896,-1.121824,NSE_EQ|INE067A01029,OK
niftyinfra,CG Power and Industrial Solutions Ltd.,Capital Goods,CGPOWER,EQ,INE067A01029,,1.535253,-1.156167,-4.003944,1.318071,28.839227,35.252354,2.439896,-1.121824,NSE_EQ|INE067A01029,OK
niftynext50,CG Power and Industrial Solutions Ltd.,Capital Goods,CGPOWER,EQ,INE067A01029,,1.535253,-1.156167,-4.003944,1.318071,28.839227,35.252354,2.439896,-1.121824,NSE_EQ|INE067A01029,OK
niftyevnewageautomotive,CG Power and Industrial Solutions Ltd.,Capital Goods,CGPOWER,EQ,INE067A01029,,1.535253,-1.156167,-4.003944,1.318071,28.839227,35.252354,2.439896,-1.121824,NSE_EQ|INE067A01029,OK
nifty200,CG Power and Industrial Solutions Ltd.,Capital Goods,CGPOWER,EQ,INE067A01029,,1.535253,-1.156167,-4.003944,1.318071,28.839227,35.252354,2.439896,-1.121824,NSE_EQ|INE067A01029,OK
nifty500,CG Power and Industrial Solutions Ltd.,Capital Goods,CGPOWER,EQ,INE067A01029,,1.535253,-1.156167,-4.003944,1.318071,28.839227,35.252354,2.439896,-1.121824,NSE_EQ|INE067A01029,OK
niftyenergy,CG Power and Industrial Solutions Ltd.,Capital Goods,CGPOWER,EQ,INE067A01029,,1.535253,-1.156167,-4.003944,1.318071,28.839227,35.252354,2.439896,-1.121824,NSE_EQ|INE067A01029,OK
nifty200,Bharat Heavy Electricals Ltd.,Capital Goods,BHEL,EQ,INE257A01026,,-1.500715,-1.547619,-0.708368,1.310793,61.681329,43.851105,2.439896,-1.129103,NSE_EQ|INE257A01026,OK
niftyindiarailwayspsu,Bharat Heavy Electricals Ltd.,Capital Goods,BHEL,EQ,INE257A01026,,-1.500715,-1.547619,-0.708368,1.310793,61.681329,43.851105,2.439896,-1.129103,NSE_EQ|INE257A01026,OK
niftyenergy,Bharat Heavy Electricals Ltd.,Capital Goods,BHEL,EQ,INE257A01026,,-1.500715,-1.547619,-0.708368,1.310793,61.681329,43.851105,2.439896,-1.129103,NSE_EQ|INE257A01026,OK
niftylargemidcap250,Bharat Heavy Electricals Ltd.,Capital Goods,BHEL,EQ,INE257A01026,,-1.500715,-1.547619,-0.708368,1.310793,61.681329,43.851105,2.439896,-1.129103,NSE_EQ|INE257A01026,OK
nifty500,Bharat Heavy Electricals Ltd.,Capital Goods,BHEL,EQ,INE257A01026,,-1.500715,-1.547619,-0.708368,1.310793,61.681329,43.851105,2.439896,-1.129103,NSE_EQ|INE257A01026,OK
niftynext50,Canara Bank,Financial Services,CANBK,EQ,INE476A01022,,0.402851,-1.669196,2.482999,1.273736,-8.584327,-16.338519,2.439896,-1.16616,NSE_EQ|INE476A01022,OK
nifty200,Canara Bank,Financial Services,CANBK,EQ,INE476A01022,,0.402851,-1.669196,2.482999,1.273736,-8.584327,-16.338519,2.439896,-1.16616,NSE_EQ|INE476A01022,OK
niftypsubank,Canara Bank,Financial Services,CANBK,EQ,INE476A01022,,0.402851,-1.669196,2.482999,1.273736,-8.584327,-16.338519,2.439896,-1.16616,NSE_EQ|INE476A01022,OK
niftylargemidcap250,Canara Bank,Financial Services,CANBK,EQ,INE476A01022,,0.402851,-1.669196,2.482999,1.273736,-8.584327,-16.338519,2.439896,-1.16616,NSE_EQ|INE476A01022,OK
niftybank,Canara Bank,Financial Services,CANBK,EQ,INE476A01022,,0.402851,-1.669196,2.482999,1.273736,-8.584327,-16.338519,2.439896,-1.16616,NSE_EQ|INE476A01022,OK
nifty500,Canara Bank,Financial Services,CANBK,EQ,INE476A01022,,0.402851,-1.669196,2.482999,1.273736,-8.584327,-16.338519,2.439896,-1.16616,NSE_EQ|INE476A01022,OK
nifty500,Cera Sanitaryware Ltd,Consumer Durables,CERA,EQ,INE739E01017,,2.9342,-1.130706,-4.045533,1.218037,14.607379,11.899532,2.439896,-1.221858,NSE_EQ|INE739E01017,OK
niftyconsumerdurables,Cera Sanitaryware Ltd,Consumer Durables,CERA,EQ,INE739E01017,,2.9342,-1.130706,-4.045533,1.218037,14.607379,11.899532,2.439896,-1.221858,NSE_EQ|INE739E01017,OK
niftyhousing,Asian Paints Ltd.,CONSUMER GOODS,ASIANPAINT,EQ,INE021A01026,,-0.212863,-4.728724,-2.510398,1.015853,10.936444,-5.210327,2.439896,-1.424042,NSE_EQ|INE021A01026,OK
niftylargemidcap250,Asian Paints Ltd.,Consumer Durables,ASIANPAINT,EQ,INE021A01026,,-0.212863,-4.728724,-2.510398,1.015853,10.936444,-5.210327,2.439896,-1.424042,NSE_EQ|INE021A01026,OK
nifty200,Asian Paints Ltd.,Consumer Durables,ASIANPAINT,EQ,INE021A01026,,-0.212863,-4.728724,-2.510398,1.015853,10.936444,-5.210327,2.439896,-1.424042,NSE_EQ|INE021A01026,OK
nifty50,Asian Paints Ltd.,Consumer Durables,ASIANPAINT,EQ,INE021A01026,,-0.212863,-4.728724,-2.510398,1.015853,10.936444,-5.210327,2.439896,-1.424042,NSE_EQ|INE021A01026,OK
nifty500,Asian Paints Ltd.,Consumer Durables,ASIANPAINT,EQ,INE021A01026,,-0.212863,-4.728724,-2.510398,1.015853,10.936444,-5.210327,2.439896,-1.424042,NSE_EQ|INE021A01026,OK
niftyindiadefence,Bharat Dynamics Ltd.,Capital Goods,BDL,EQ,INE171Z01026,,-2.372128,-4.252999,5.402161,1.012425,5.902219,-10.19434,2.439896,-1.42747,NSE_EQ|INE171Z01026,OK
niftylargemidcap250,Bharat Dynamics Ltd.,Capital Goods,BDL,EQ,INE171Z01026,,-2.372128,-4.252999,5.402161,1.012425,5.902219,-10.19434,2.439896,-1.42747,NSE_EQ|INE171Z01026,OK
nifty500,Bharat Dynamics Ltd.,Capital Goods,BDL,EQ,INE171Z01026,,-2.372128,-4.252999,5.402161,1.012425,5.902219,-10.19434,2.439896,-1.42747,NSE_EQ|INE171Z01026,OK
nifty200,Bharat Dynamics Ltd.,Capital Goods,BDL,EQ,INE171Z01026,,-2.372128,-4.252999,5.402161,1.012425,5.902219,-10.19434,2.439896,-1.42747,NSE_EQ|INE171Z01026,OK
nifty500,Authum Investment & Infrastructure Ltd.,Financial Services,AIIL,EQ,INE206F01022,,-3.306085,-8.081506,-1.843998,0.967375,9.447928,-15.063029,2.439896,-1.472521,NSE_EQ|INE206F01022,OK
nifty500,Jyothy Labs Ltd.,Fast Moving Consumer Goods,JYOTHYLAB,EQ,INE668F01031,,0.279007,4.240424,3.887172,0.924716,-14.660007,-26.24801,2.439896,-1.51518,NSE_EQ|INE668F01031,OK
nifty200,UltraTech Cement Ltd.,Construction Materials,ULTRACEMCO,EQ,INE481G01011,,1.091703,-1.119084,-2.673842,0.880251,-10.707398,-1.773591,2.439896,-1.559645,NSE_EQ|INE481G01011,OK
niftyhousing,UltraTech Cement Ltd.,CEMENT & CEMENT PRODUCTS,ULTRACEMCO,EQ,INE481G01011,,1.091703,-1.119084,-2.673842,0.880251,-10.707398,-1.773591,2.439896,-1.559645,NSE_EQ|INE481G01011,OK
nifty500,UltraTech Cement Ltd.,Construction Materials,ULTRACEMCO,EQ,INE481G01011,,1.091703,-1.119084,-2.673842,0.880251,-10.707398,-1.773591,2.439896,-1.559645,NSE_EQ|INE481G01011,OK
nifty50,UltraTech Cement Ltd.,Construction Materials,ULTRACEMCO,EQ,INE481G01011,,1.091703,-1.119084,-2.673842,0.880251,-10.707398,-1.773591,2.439896,-1.559645,NSE_EQ|INE481G01011,OK
niftylargemidcap250,UltraTech Cement Ltd.,Construction Materials,ULTRACEMCO,EQ,INE481G01011,,1.091703,-1.119084,-2.673842,0.880251,-10.707398,-1.773591,2.439896,-1.559645,NSE_EQ|INE481G01011,OK
niftyinfra,UltraTech Cement Ltd.,Construction Materials,ULTRACEMCO,EQ,INE481G01011,,1.091703,-1.119084,-2.673842,0.880251,-10.707398,-1.773591,2.439896,-1.559645,NSE_EQ|INE481G01011,OK
niftymidsmallhealthcare,Aster DM Healthcare Ltd.,Healthcare,ASTERDM,EQ,INE914M01019,,-4.317671,-7.115128,-4.233896,0.842937,27.629605,24.122558,2.439896,-1.596959,NSE_EQ|INE914M01019,OK
nifty500,Aster DM Healthcare Ltd.,Healthcare,ASTERDM,EQ,INE914M01019,,-4.317671,-7.115128,-4.233896,0.842937,27.629605,24.122558,2.439896,-1.596959,NSE_EQ|INE914M01019,OK
nifty500healthcare,Aster DM Healthcare Ltd.,Healthcare,ASTERDM,EQ,INE914M01019,,-4.317671,-7.115128,-4.233896,0.842937,27.629605,24.122558,2.439896,-1.596959,NSE_EQ|INE914M01019,OK
nifty500,Century Plyboards (India) Ltd.,Consumer Durables,CENTURYPLY,EQ,INE348B01021,,3.447122,1.18502,-1.302765,0.815395,0.933908,-6.76279,2.439896,-1.624501,NSE_EQ|INE348B01021,OK
niftyconsumerdurables,Century Plyboards (India) Ltd.,Consumer Durables,CENTURYPLY,EQ,INE348B01021,,3.447122,1.18502,-1.302765,0.815395,0.933908,-6.76279,2.439896,-1.624501,NSE_EQ|INE348B01021,OK
nifty500healthcare,Sun Pharmaceutical Industries Ltd.,Healthcare,SUNPHARMA,EQ,INE044A01036,,0.210526,-1.449275,-2.007205,0.671496,12.164948,10.716986,2.439896,-1.7684,NSE_EQ|INE044A01036,OK
niftylargemidcap250,Sun Pharmaceutical Industries Ltd.,Healthcare,SUNPHARMA,EQ,INE044A01036,,0.210526,-1.449275,-2.007205,0.671496,12.164948,10.716986,2.439896,-1.7684,NSE_EQ|INE044A01036,OK
niftyhealthcare,Sun Pharmaceutical Industries Ltd.,Healthcare,SUNPHARMA,EQ,INE044A01036,,0.210526,-1.449275,-2.007205,0.671496,12.164948,10.716986,2.439896,-1.7684,NSE_EQ|INE044A01036,OK
niftypharma,Sun Pharmaceutical Industries Ltd.,Healthcare,SUNPHARMA,EQ,INE044A01036,,0.210526,-1.449275,-2.007205,0.671496,12.164948,10.716986,2.439896,-1.7684,NSE_EQ|INE044A01036,OK
nifty200,Sun Pharmaceutical Industries Ltd.,Healthcare,SUNPHARMA,EQ,INE044A01036,,0.210526,-1.449275,-2.007205,0.671496,12.164948,10.716986,2.439896,-1.7684,NSE_EQ|INE044A01036,OK
nifty500,Sun Pharmaceutical Industries Ltd.,Healthcare,SUNPHARMA,EQ,INE044A01036,,0.210526,-1.449275,-2.007205,0.671496,12.164948,10.716986,2.439896,-1.7684,NSE_EQ|INE044A01036,OK
nifty50,Sun Pharmaceutical Industries Ltd.,Healthcare,SUNPHARMA,EQ,INE044A01036,,0.210526,-1.449275,-2.007205,0.671496,12.164948,10.716986,2.439896,-1.7684,NSE_EQ|INE044A01036,OK
niftylargemidcap250,Bank of Maharashtra,Financial Services,MAHABANK,EQ,INE457A01014,,0.576297,-1.677893,1.402046,0.651956,22.677262,29.379533,2.439896,-1.78794,NSE_EQ|INE457A01014,OK
niftypsubank,Bank of Maharashtra,Financial Services,MAHABANK,EQ,INE457A01014,,0.576297,-1.677893,1.402046,0.651956,22.677262,29.379533,2.439896,-1.78794,NSE_EQ|INE457A01014,OK
nifty500,Bank of Maharashtra,Financial Services,MAHABANK,EQ,INE457A01014,,0.576297,-1.677893,1.402046,0.651956,22.677262,29.379533,2.439896,-1.78794,NSE_EQ|INE457A01014,OK
nifty500,United Breweries Ltd.,Fast Moving Consumer Goods,UBL,EQ,INE686F01025,,-1.20313,-3.684248,-6.464011,0.563486,-17.822937,-17.463156,2.439896,-1.87641,NSE_EQ|INE686F01025,OK
niftyfmcg,United Breweries Ltd.,Fast Moving Consumer Goods,UBL,EQ,INE686F01025,,-1.20313,-3.684248,-6.464011,0.563486,-17.822937,-17.463156,2.439896,-1.87641,NSE_EQ|INE686F01025,OK
niftylargemidcap250,United Breweries Ltd.,Fast Moving Consumer Goods,UBL,EQ,INE686F01025,,-1.20313,-3.684248,-6.464011,0.563486,-17.822937,-17.463156,2.439896,-1.87641,NSE_EQ|INE686F01025,OK
niftylargemidcap250,Sundaram Finance Ltd.,Financial Services,SUNDARMFIN,EQ,INE660A01013,,0.408018,-0.937088,1.886878,0.44609,-14.861518,-14.75354,2.439896,-1.993806,NSE_EQ|INE660A01013,OK
nifty500,Sundaram Finance Ltd.,Financial Services,SUNDARMFIN,EQ,INE660A01013,,0.408018,-0.937088,1.886878,0.44609,-14.861518,-14.75354,2.439896,-1.993806,NSE_EQ|INE660A01013,OK
nifty500,CCL Products (I) Ltd.,Fast Moving Consumer Goods,CCL,EQ,INE421D01022,,-1.08483,-2.677165,-7.546543,0.433369,11.911469,17.814022,2.439896,-2.006526,NSE_EQ|INE421D01022,OK
niftymidsmallitandtelecom,Cyient Ltd.,Information Technology,CYIENT,EQ,INE136B01020,,0.955841,2.660149,7.08526,0.088667,-9.259445,-19.211845,2.439896,-2.351228,NSE_EQ|INE136B01020,OK
nifty500,Cyient Ltd.,Information Technology,CYIENT,EQ,INE136B01020,,0.955841,2.660149,7.08526,0.088667,-9.259445,-19.211845,2.439896,-2.351228,NSE_EQ|INE136B01020,OK
niftyindiadigital,Cyient Ltd.,Information Technology,CYIENT,EQ,INE136B01020,,0.955841,2.660149,7.08526,0.088667,-9.259445,-19.211845,2.439896,-2.351228,NSE_EQ|INE136B01020,OK
nifty500,Trident Ltd.,Textiles,TRIDENT,EQ,INE064C01022,,0.571662,-0.121655,-3.222004,0.081268,-7.683658,-7.856341,2.439896,-2.358628,NSE_EQ|INE064C01022,OK
nifty500,Aadhar Housing Finance Ltd.,Financial Services,AADHARHFC,EQ,INE883F01010,,0.115936,-5.61407,-6.918177,0.052665,1.778635,-2.08226,2.439896,-2.387231,NSE_EQ|INE883F01010,OK
nifty500,The Ramco Cements Ltd.,Construction Materials,RAMCOCEM,EQ,INE331A01037,,0.526491,-0.203565,-0.005513,0.038606,-20.769634,-14.163354,2.439896,-2.40129,NSE_EQ|INE331A01037,OK
niftyhousing,The Ramco Cements Ltd.,CEMENT & CEMENT PRODUCTS,RAMCOCEM,EQ,INE331A01037,,0.526491,-0.203565,-0.005513,0.038606,-20.769634,-14.163354,2.439896,-2.40129,NSE_EQ|INE331A01037,OK
nifty500,Engineers India Ltd.,Construction,ENGINERSIN,EQ,INE510A01028,,0.130857,-1.400781,5.244243,0.004216,17.622849,17.87418,2.439896,-2.43568,NSE_EQ|INE510A01028,OK
nifty50,Axis Bank Ltd.,Financial Services,AXISBANK,EQ,INE238A01034,,1.295547,2.389917,1.017442,-0.183516,-6.102229,-1.449504,2.439896,-2.623411,NSE_EQ|INE238A01034,OK
niftybank,Axis Bank Ltd.,Financial Services,AXISBANK,EQ,INE238A01034,,1.295547,2.389917,1.017442,-0.183516,-6.102229,-1.449504,2.439896,-2.623411,NSE_EQ|INE238A01034,OK
nifty200,Axis Bank Ltd.,Financial Services,AXISBANK,EQ,INE238A01034,,1.295547,2.389917,1.017442,-0.183516,-6.102229,-1.449504,2.439896,-2.623411,NSE_EQ|INE238A01034,OK
niftyhousing,Axis Bank Ltd.,FINANCIAL SERVICES,AXISBANK,EQ,INE238A01034,,1.295547,2.389917,1.017442,-0.183516,-6.102229,-1.449504,2.439896,-2.623411,NSE_EQ|INE238A01034,OK
niftyfinancialservices25-50,Axis Bank Ltd.,Financial Services,AXISBANK,EQ,INE238A01034,,1.295547,2.389917,1.017442,-0.183516,-6.102229,-1.449504,2.439896,-2.623411,NSE_EQ|INE238A01034,OK
niftyfinance,Axis Bank Ltd.,Financial Services,AXISBANK,EQ,INE238A01034,,1.295547,2.389917,1.017442,-0.183516,-6.102229,-1.449504,2.439896,-2.623411,NSE_EQ|INE238A01034,OK
nifty500,Axis Bank Ltd.,Financial Services,AXISBANK,EQ,INE238A01034,,1.295547,2.389917,1.017442,-0.183516,-6.102229,-1.449504,2.439896,-2.623411,NSE_EQ|INE238A01034,OK
niftyprivatebank,Axis Bank Ltd.,Financial Services,AXISBANK,EQ,INE238A01034,,1.295547,2.389917,1.017442,-0.183516,-6.102229,-1.449504,2.439896,-2.623411,NSE_EQ|INE238A01034,OK
niftylargemidcap250,Axis Bank Ltd.,Financial Services,AXISBANK,EQ,INE238A01034,,1.295547,2.389917,1.017442,-0.183516,-6.102229,-1.449504,2.439896,-2.623411,NSE_EQ|INE238A01034,OK
nifty500,L&T Technology Services Ltd.,Information Technology,LTTS,EQ,INE010V01017,,1.078822,-0.710184,7.377295,-0.228584,1.989001,-19.790686,2.439896,-2.66848,NSE_EQ|INE010V01017,OK
niftylargemidcap250,L&T Technology Services Ltd.,Information Technology,LTTS,EQ,INE010V01017,,1.078822,-0.710184,7.377295,-0.228584,1.989001,-19.790686,2.439896,-2.66848,NSE_EQ|INE010V01017,OK
niftyevnewageautomotive,L&T Technology Services Ltd.,Information Technology,LTTS,EQ,INE010V01017,,1.078822,-0.710184,7.377295,-0.228584,1.989001,-19.790686,2.439896,-2.66848,NSE_EQ|INE010V01017,OK
niftymidsmallitandtelecom,L&T Technology Services Ltd.,Information Technology,LTTS,EQ,INE010V01017,,1.078822,-0.710184,7.377295,-0.228584,1.989001,-19.790686,2.439896,-2.66848,NSE_EQ|INE010V01017,OK
niftyindiadigital,L&T Technology Services Ltd.,Information Technology,LTTS,EQ,INE010V01017,,1.078822,-0.710184,7.377295,-0.228584,1.989001,-19.790686,2.439896,-2.66848,NSE_EQ|INE010V01017,OK
nifty500,Can Fin Homes Ltd.,Financial Services,CANFINHOME,EQ,INE477A01020,,3.088118,2.561295,2.81776,-0.295718,-4.676279,-9.370464,2.439896,-2.735614,NSE_EQ|INE477A01020,OK
nifty500,JM Financial Ltd.,Financial Services,JMFINANCIL,EQ,INE780C01023,,2.26445,-0.162325,3.834713,-0.377941,-5.377289,-13.9507,2.439896,-2.817836,NSE_EQ|INE780C01023,OK
nifty500,Delhivery Ltd.,Services,DELHIVERY,EQ,INE148O01028,,0.022222,-3.618844,-3.742515,-0.585312,7.026513,11.452272,2.439896,-3.025208,NSE_EQ|INE148O01028,OK
nifty500,Aavas Financiers Ltd.,Financial Services,AAVAS,EQ,INE216P01012,,-0.575466,-4.67244,-5.477839,-0.720105,6.085808,-6.769126,2.439896,-3.16,NSE_EQ|INE216P01012,OK
niftylargemidcap250,Polycab India Ltd.,Capital Goods,POLYCAB,EQ,INE455K01017,,-0.164114,-1.850059,0.379517,-0.745092,20.263591,19.766374,2.439896,-3.184987,NSE_EQ|INE455K01017,OK
nifty500,Polycab India Ltd.,Capital Goods,POLYCAB,EQ,INE455K01017,,-0.164114,-1.850059,0.379517,-0.745092,20.263591,19.766374,2.439896,-3.184987,NSE_EQ|INE455K01017,OK
nifty200,Polycab India Ltd.,Capital Goods,POLYCAB,EQ,INE455K01017,,-0.164114,-1.850059,0.379517,-0.745092,20.263591,19.766374,2.439896,-3.184987,NSE_EQ|INE455K01017,OK
nifty500,Niva Bupa Health Insurance Company Ltd.,Financial Services,NIVABUPA,EQ,INE995S01015,,-1.286327,-1.54431,-2.252624,-0.884956,8.709339,9.920424,2.439896,-3.324851,NSE_EQ|INE995S01015,OK
niftyevnewageautomotive,Schaeffler India Ltd.,Automobile and Auto Components,SCHAEFFLER,EQ,INE513A01022,,-1.354479,-1.505643,-3.569728,-0.968476,7.348692,4.390307,2.439896,-3.408371,NSE_EQ|INE513A01022,OK
niftylargemidcap250,Schaeffler India Ltd.,Automobile and Auto Components,SCHAEFFLER,EQ,INE513A01022,,-1.354479,-1.505643,-3.569728,-0.968476,7.348692,4.390307,2.439896,-3.408371,NSE_EQ|INE513A01022,OK
nifty500,Schaeffler India Ltd.,Automobile and Auto Components,SCHAEFFLER,EQ,INE513A01022,,-1.354479,-1.505643,-3.569728,-0.968476,7.348692,4.390307,2.439896,-3.408371,NSE_EQ|INE513A01022,OK
niftymidsmallitandtelecom,Zensar Technolgies Ltd.,Information Technology,ZENSARTECH,EQ,INE520A01027,,1.485822,-2.747418,-2.512815,-1.000306,-17.574573,-31.080793,2.439896,-3.440202,NSE_EQ|INE520A01027,OK
nifty500,Zensar Technolgies Ltd.,Information Technology,ZENSARTECH,EQ,INE520A01027,,1.485822,-2.747418,-2.512815,-1.000306,-17.574573,-31.080793,2.439896,-3.440202,NSE_EQ|INE520A01027,OK
nifty500,Godrej Agrovet Ltd.,Fast Moving Consumer Goods,GODREJAGRO,EQ,INE850D01014,,1.447632,3.459623,2.169331,-1.063106,-10.680283,1.829482,2.439896,-3.503002,NSE_EQ|INE850D01014,OK
niftymedia,D.B.Corp Ltd.,Media Entertainment & Publication,DBCORP,EQ,INE950I01011,,-0.535146,-2.176387,-3.714939,-1.173596,-12.268243,-21.46555,2.439896,-3.613492,NSE_EQ|INE950I01011,OK
niftyenergy,JSW Energy Ltd.,Power,JSWENERGY,EQ,INE121E01018,,-0.358489,-2.971715,-3.50721,-1.176042,14.177375,12.343248,2.439896,-3.615937,NSE_EQ|INE121E01018,OK
niftylargemidcap250,JSW Energy Ltd.,Power,JSWENERGY,EQ,INE121E01018,,-0.358489,-2.971715,-3.50721,-1.176042,14.177375,12.343248,2.439896,-3.615937,NSE_EQ|INE121E01018,OK
nifty500,JSW Energy Ltd.,Power,JSWENERGY,EQ,INE121E01018,,-0.358489,-2.971715,-3.50721,-1.176042,14.177375,12.343248,2.439896,-3.615937,NSE_EQ|INE121E01018,OK
nifty200,JSW Energy Ltd.,Power,JSWENERGY,EQ,INE121E01018,,-0.358489,-2.971715,-3.50721,-1.176042,14.177375,12.343248,2.439896,-3.615937,NSE_EQ|INE121E01018,OK
niftynext50,JSW Energy Ltd.,Power,JSWENERGY,EQ,INE121E01018,,-0.358489,-2.971715,-3.50721,-1.176042,14.177375,12.343248,2.439896,-3.615937,NSE_EQ|INE121E01018,OK
niftymedia,Tips Music Ltd.,Media Entertainment & Publication,TIPSMUSIC,EQ,INE716B01029,,-0.099739,-3.11035,4.527575,-1.183881,12.931483,17.890448,2.439896,-3.623777,NSE_EQ|INE716B01029,OK
niftylargemidcap250,Shree Cement Ltd.,Construction Materials,SHREECEM,EQ,INE070A01015,,-0.164339,-3.743316,-9.056886,-1.239585,-7.003444,-8.560677,2.439896,-3.679481,NSE_EQ|INE070A01015,OK
nifty200,Shree Cement Ltd.,Construction Materials,SHREECEM,EQ,INE070A01015,,-0.164339,-3.743316,-9.056886,-1.239585,-7.003444,-8.560677,2.439896,-3.679481,NSE_EQ|INE070A01015,OK
niftynext50,Shree Cement Ltd.,Construction Materials,SHREECEM,EQ,INE070A01015,,-0.164339,-3.743316,-9.056886,-1.239585,-7.003444,-8.560677,2.439896,-3.679481,NSE_EQ|INE070A01015,OK
niftyinfra,Shree Cement Ltd.,Construction Materials,SHREECEM,EQ,INE070A01015,,-0.164339,-3.743316,-9.056886,-1.239585,-7.003444,-8.560677,2.439896,-3.679481,NSE_EQ|INE070A01015,OK
niftyhousing,Shree Cement Ltd.,CEMENT & CEMENT PRODUCTS,SHREECEM,EQ,INE070A01015,,-0.164339,-3.743316,-9.056886,-1.239585,-7.003444,-8.560677,2.439896,-3.679481,NSE_EQ|INE070A01015,OK
nifty500,Shree Cement Ltd.,Construction Materials,SHREECEM,EQ,INE070A01015,,-0.164339,-3.743316,-9.056886,-1.239585,-7.003444,-8.560677,2.439896,-3.679481,NSE_EQ|INE070A01015,OK
niftylargemidcap250,Tata Consultancy Services Ltd.,Information Technology,TCS,EQ,INE467B01029,,0.393185,-3.242105,4.061948,-1.254727,-14.6423,-28.326368,2.439896,-3.694622,NSE_EQ|INE467B01029,OK
niftyit,Tata Consultancy Services Ltd.,Information Technology,TCS,EQ,INE467B01029,,0.393185,-3.242105,4.061948,-1.254727,-14.6423,-28.326368,2.439896,-3.694622,NSE_EQ|INE467B01029,OK
nifty500,Tata Consultancy Services Ltd.,Information Technology,TCS,EQ,INE467B01029,,0.393185,-3.242105,4.061948,-1.254727,-14.6423,-28.326368,2.439896,-3.694622,NSE_EQ|INE467B01029,OK
nifty200,Tata Consultancy Services Ltd.,Information Technology,TCS,EQ,INE467B01029,,0.393185,-3.242105,4.061948,-1.254727,-14.6423,-28.326368,2.439896,-3.694622,NSE_EQ|INE467B01029,OK
nifty50,Tata Consultancy Services Ltd.,Information Technology,TCS,EQ,INE467B01029,,0.393185,-3.242105,4.061948,-1.254727,-14.6423,-28.326368,2.439896,-3.694622,NSE_EQ|INE467B01029,OK
niftyindiadigital,Tata Consultancy Services Ltd.,Information Technology,TCS,EQ,INE467B01029,,0.393185,-3.242105,4.061948,-1.254727,-14.6423,-28.326368,2.439896,-3.694622,NSE_EQ|INE467B01029,OK
niftypsubank,Punjab & Sind Bank,Financial Services,PSB,EQ,INE608A01012,,0.60241,-1.22518,-4.297994,-1.308569,-13.311086,-15.565186,2.439896,-3.748465,NSE_EQ|INE608A01012,OK
nifty500,DOMS Industries Ltd.,Fast Moving Consumer Goods,DOMS,EQ,INE321T01012,,0.766039,-1.105343,-2.510146,-1.317317,-6.585789,-15.504321,2.439896,-3.757213,NSE_EQ|INE321T01012,OK
nifty500,Intellect Design Arena Ltd.,Information Technology,INTELLECT,EQ,INE306R01017,,1.068612,-2.189573,-7.137053,-1.536473,1.00162,-29.38208,2.439896,-3.976369,NSE_EQ|INE306R01017,OK
niftymidsmallitandtelecom,Intellect Design Arena Ltd.,Information Technology,INTELLECT,EQ,INE306R01017,,1.068612,-2.189573,-7.137053,-1.536473,1.00162,-29.38208,2.439896,-3.976369,NSE_EQ|INE306R01017,OK
niftyindiadigital,Intellect Design Arena Ltd.,Information Technology,INTELLECT,EQ,INE306R01017,,1.068612,-2.189573,-7.137053,-1.536473,1.00162,-29.38208,2.439896,-3.976369,NSE_EQ|INE306R01017,OK
niftylargemidcap250,ICICI Prudential Life Insurance Company Ltd.,Financial Services,ICICIPRULI,EQ,INE726G01019,,0.500501,-0.986193,0.500501,-1.587924,-22.007302,-24.878414,2.439896,-4.02782,NSE_EQ|INE726G01019,OK
niftymidsmallfinancailservice,ICICI Prudential Life Insurance Company Ltd.,Financial Services,ICICIPRULI,EQ,INE726G01019,,0.500501,-0.986193,0.500501,-1.587924,-22.007302,-24.878414,2.439896,-4.02782,NSE_EQ|INE726G01019,OK
nifty500,ICICI Prudential Life Insurance Company Ltd.,Financial Services,ICICIPRULI,EQ,INE726G01019,,0.500501,-0.986193,0.500501,-1.587924,-22.007302,-24.878414,2.439896,-4.02782,NSE_EQ|INE726G01019,OK
niftyfinancialservicesexbank,ICICI Prudential Life Insurance Company Ltd.,Financial Services,ICICIPRULI,EQ,INE726G01019,,0.500501,-0.986193,0.500501,-1.587924,-22.007302,-24.878414,2.439896,-4.02782,NSE_EQ|INE726G01019,OK
niftyfinance,ICICI Prudential Life Insurance Company Ltd.,Financial Services,ICICIPRULI,EQ,INE726G01019,,0.500501,-0.986193,0.500501,-1.587924,-22.007302,-24.878414,2.439896,-4.02782,NSE_EQ|INE726G01019,OK
niftyfinancialservices25-50,ICICI Prudential Life Insurance Company Ltd.,Financial Services,ICICIPRULI,EQ,INE726G01019,,0.500501,-0.986193,0.500501,-1.587924,-22.007302,-24.878414,2.439896,-4.02782,NSE_EQ|INE726G01019,OK
niftylargemidcap250,REC Ltd.,Financial Services,RECLTD,EQ,INE020B01018,,-2.64095,-5.310245,-9.025371,-1.678154,-5.419429,-8.043722,2.439896,-4.11805,NSE_EQ|INE020B01018,OK
niftyfinance,REC Ltd.,Financial Services,RECLTD,EQ,INE020B01018,,-2.64095,-5.310245,-9.025371,-1.678154,-5.419429,-8.043722,2.439896,-4.11805,NSE_EQ|INE020B01018,OK
niftyfinancialservicesexbank,REC Ltd.,Financial Services,RECLTD,EQ,INE020B01018,,-2.64095,-5.310245,-9.025371,-1.678154,-5.419429,-8.043722,2.439896,-4.11805,NSE_EQ|INE020B01018,OK
niftynext50,REC Ltd.,Financial Services,RECLTD,EQ,INE020B01018,,-2.64095,-5.310245,-9.025371,-1.678154,-5.419429,-8.043722,2.439896,-4.11805,NSE_EQ|INE020B01018,OK
nifty200,REC Ltd.,Financial Services,RECLTD,EQ,INE020B01018,,-2.64095,-5.310245,-9.025371,-1.678154,-5.419429,-8.043722,2.439896,-4.11805,NSE_EQ|INE020B01018,OK
nifty500,REC Ltd.,Financial Services,RECLTD,EQ,INE020B01018,,-2.64095,-5.310245,-9.025371,-1.678154,-5.419429,-8.043722,2.439896,-4.11805,NSE_EQ|INE020B01018,OK
niftyfinancialservices25-50,REC Ltd.,Financial Services,RECLTD,EQ,INE020B01018,,-2.64095,-5.310245,-9.025371,-1.678154,-5.419429,-8.043722,2.439896,-4.11805,NSE_EQ|INE020B01018,OK
niftychemicals,SRF Ltd.,Chemicals,SRF,EQ,INE647A01010,,-0.159001,-1.310998,-10.208566,-1.751641,-9.137432,-16.276423,2.439896,-4.191537,NSE_EQ|INE647A01010,OK
niftylargemidcap250,SRF Ltd.,Chemicals,SRF,EQ,INE647A01010,,-0.159001,-1.310998,-10.208566,-1.751641,-9.137432,-16.276423,2.439896,-4.191537,NSE_EQ|INE647A01010,OK
nifty200,SRF Ltd.,Chemicals,SRF,EQ,INE647A01010,,-0.159001,-1.310998,-10.208566,-1.751641,-9.137432,-16.276423,2.439896,-4.191537,NSE_EQ|INE647A01010,OK
nifty500,SRF Ltd.,Chemicals,SRF,EQ,INE647A01010,,-0.159001,-1.310998,-10.208566,-1.751641,-9.137432,-16.276423,2.439896,-4.191537,NSE_EQ|INE647A01010,OK
nifty500,Motherson Sumi Wiring India Ltd.,Automobile and Auto Components,MSUMI,EQ,INE0FS801015,,-0.20377,-3.115727,-2.513063,-1.804511,-8.436551,-19.249794,2.439896,-4.244407,NSE_EQ|INE0FS801015,OK
niftyevnewageautomotive,Motherson Sumi Wiring India Ltd.,Automobile and Auto Components,MSUMI,EQ,INE0FS801015,,-0.20377,-3.115727,-2.513063,-1.804511,-8.436551,-19.249794,2.439896,-4.244407,NSE_EQ|INE0FS801015,OK
niftylargemidcap250,Indian Overseas Bank,Financial Services,IOB,EQ,INE565A01014,,-0.060277,-1.68989,-4.134143,-1.806337,-4.794717,-8.220316,2.439896,-4.246233,NSE_EQ|INE565A01014,OK
nifty500,Indian Overseas Bank,Financial Services,IOB,EQ,INE565A01014,,-0.060277,-1.68989,-4.134143,-1.806337,-4.794717,-8.220316,2.439896,-4.246233,NSE_EQ|INE565A01014,OK
niftypsubank,Indian Overseas Bank,Financial Services,IOB,EQ,INE565A01014,,-0.060277,-1.68989,-4.134143,-1.806337,-4.794717,-8.220316,2.439896,-4.246233,NSE_EQ|INE565A01014,OK
nifty500,JSW Cement Ltd.,Construction Materials,JSWCEMENT,EQ,INE718I01012,,1.188743,-4.539213,-8.857164,-1.828024,4.77267,5.275114,2.439896,-4.26792,NSE_EQ|INE718I01012,OK
niftyhealthcare,Alkem Laboratories Ltd.,Healthcare,ALKEM,EQ,INE540L01014,,0.325128,-0.90834,-3.312444,-1.844951,-0.046275,-1.934078,2.439896,-4.284847,NSE_EQ|INE540L01014,OK
nifty500,Alkem Laboratories Ltd.,Healthcare,ALKEM,EQ,INE540L01014,,0.325128,-0.90834,-3.312444,-1.844951,-0.046275,-1.934078,2.439896,-4.284847,NSE_EQ|INE540L01014,OK
niftypharma,Alkem Laboratories Ltd.,Healthcare,ALKEM,EQ,INE540L01014,,0.325128,-0.90834,-3.312444,-1.844951,-0.046275,-1.934078,2.439896,-4.284847,NSE_EQ|INE540L01014,OK
nifty500healthcare,Alkem Laboratories Ltd.,Healthcare,ALKEM,EQ,INE540L01014,,0.325128,-0.90834,-3.312444,-1.844951,-0.046275,-1.934078,2.439896,-4.284847,NSE_EQ|INE540L01014,OK
niftymidsmallhealthcare,Alkem Laboratories Ltd.,Healthcare,ALKEM,EQ,INE540L01014,,0.325128,-0.90834,-3.312444,-1.844951,-0.046275,-1.934078,2.439896,-4.284847,NSE_EQ|INE540L01014,OK
nifty200,Alkem Laboratories Ltd.,Healthcare,ALKEM,EQ,INE540L01014,,0.325128,-0.90834,-3.312444,-1.844951,-0.046275,-1.934078,2.439896,-4.284847,NSE_EQ|INE540L01014,OK
niftylargemidcap250,Alkem Laboratories Ltd.,Healthcare,ALKEM,EQ,INE540L01014,,0.325128,-0.90834,-3.312444,-1.844951,-0.046275,-1.934078,2.439896,-4.284847,NSE_EQ|INE540L01014,OK
nifty500,Gillette India Ltd.,Fast Moving Consumer Goods,GILLETTE,EQ,INE322A01010,,0.093271,-1.099335,-5.019598,-1.86806,-12.171168,-10.170404,2.439896,-4.307956,NSE_EQ|INE322A01010,OK
niftychemicals,Deepak Nitrite Ltd.,Chemicals,DEEPAKNTR,EQ,INE288B01029,,-1.012272,2.8558,3.207547,-1.954854,6.614691,1.079864,2.439896,-4.394749,NSE_EQ|INE288B01029,OK
nifty500,Deepak Nitrite Ltd.,Chemicals,DEEPAKNTR,EQ,INE288B01029,,-1.012272,2.8558,3.207547,-1.954854,6.614691,1.079864,2.439896,-4.394749,NSE_EQ|INE288B01029,OK
niftylargemidcap250,Deepak Nitrite Ltd.,Chemicals,DEEPAKNTR,EQ,INE288B01029,,-1.012272,2.8558,3.207547,-1.954854,6.614691,1.079864,2.439896,-4.394749,NSE_EQ|INE288B01029,OK
niftyfmcg,Emami Ltd.,Fast Moving Consumer Goods,EMAMILTD,EQ,INE548C01032,,1.697454,1.242545,-1.570428,-1.984843,-16.789216,-22.92849,2.439896,-4.424739,NSE_EQ|INE548C01032,OK
nifty500,Emami Ltd.,Fast Moving Consumer Goods,EMAMILTD,EQ,INE548C01032,,1.697454,1.242545,-1.570428,-1.984843,-16.789216,-22.92849,2.439896,-4.424739,NSE_EQ|INE548C01032,OK
nifty500,Cholamandalam Financial Holdings Ltd.,Financial Services,CHOLAHLDNG,EQ,INE149A01033,,1.085212,-0.662586,3.084277,-1.986178,-7.946904,-13.166749,2.439896,-4.426073,NSE_EQ|INE149A01033,OK
nifty500,KSB Ltd.,Capital Goods,KSB,EQ,INE999A01023,,-0.569942,-0.037369,-10.068919,-2.056508,13.083915,6.326598,2.439896,-4.496404,NSE_EQ|INE999A01023,OK
niftyindiadigital,PB Fintech Ltd.,Financial Services,POLICYBZR,EQ,INE417T01026,,-0.140284,2.041284,14.946389,-2.182158,16.78698,-2.51972,2.439896,-4.622054,NSE_EQ|INE417T01026,OK
niftylargemidcap250,PB Fintech Ltd.,Financial Services,POLICYBZR,EQ,INE417T01026,,-0.140284,2.041284,14.946389,-2.182158,16.78698,-2.51972,2.439896,-4.622054,NSE_EQ|INE417T01026,OK
nifty200,PB Fintech Ltd.,Financial Services,POLICYBZR,EQ,INE417T01026,,-0.140284,2.041284,14.946389,-2.182158,16.78698,-2.51972,2.439896,-4.622054,NSE_EQ|INE417T01026,OK
niftymidsmallfinancailservice,PB Fintech Ltd.,Financial Services,POLICYBZR,EQ,INE417T01026,,-0.140284,2.041284,14.946389,-2.182158,16.78698,-2.51972,2.439896,-4.622054,NSE_EQ|INE417T01026,OK
nifty500,PB Fintech Ltd.,Financial Services,POLICYBZR,EQ,INE417T01026,,-0.140284,2.041284,14.946389,-2.182158,16.78698,-2.51972,2.439896,-4.622054,NSE_EQ|INE417T01026,OK
niftyfinancialservicesexbank,PB Fintech Ltd.,Financial Services,POLICYBZR,EQ,INE417T01026,,-0.140284,2.041284,14.946389,-2.182158,16.78698,-2.51972,2.439896,-4.622054,NSE_EQ|INE417T01026,OK
Nifty India Internet Index,PB Fintech Ltd.,Financial Services,POLICYBZR,EQ,INE417T01026,,-0.140284,2.041284,14.946389,-2.182158,16.78698,-2.51972,2.439896,-4.622054,NSE_EQ|INE417T01026,OK
nifty500,Nuvoco Vistas Corporation Ltd.,Construction Materials,NUVOCO,EQ,INE118D01016,,1.00471,-4.540059,-10.564359,-2.203982,-5.410173,-9.622138,2.439896,-4.643878,NSE_EQ|INE118D01016,OK
niftylargemidcap250,Tube Investments of India Ltd.,Automobile and Auto Components,TIINDIA,EQ,INE974X01010,,-1.046944,5.395683,0.905741,-2.352863,17.265669,12.084465,2.439896,-4.792758,NSE_EQ|INE974X01010,OK
nifty200,Tube Investments of India Ltd.,Automobile and Auto Components,TIINDIA,EQ,INE974X01010,,-1.046944,5.395683,0.905741,-2.352863,17.265669,12.084465,2.439896,-4.792758,NSE_EQ|INE974X01010,OK
niftyauto,Tube Investments of India Ltd.,Automobile and Auto Components,TIINDIA,EQ,INE974X01010,,-1.046944,5.395683,0.905741,-2.352863,17.265669,12.084465,2.439896,-4.792758,NSE_EQ|INE974X01010,OK
niftyevnewageautomotive,Tube Investments of India Ltd.,Automobile and Auto Components,TIINDIA,EQ,INE974X01010,,-1.046944,5.395683,0.905741,-2.352863,17.265669,12.084465,2.439896,-4.792758,NSE_EQ|INE974X01010,OK
nifty500,Tube Investments of India Ltd.,Automobile and Auto Components,TIINDIA,EQ,INE974X01010,,-1.046944,5.395683,0.905741,-2.352863,17.265669,12.084465,2.439896,-4.792758,NSE_EQ|INE974X01010,OK
niftylargemidcap250,Jindal Stainless Ltd.,Metals & Mining,JSL,EQ,INE220G01021,,-0.773481,-2.311667,-2.708559,-2.490668,-5.993195,-14.399762,2.439896,-4.930564,NSE_EQ|INE220G01021,OK
niftymetal,Jindal Stainless Ltd.,Metals & Mining,JSL,EQ,INE220G01021,,-0.773481,-2.311667,-2.708559,-2.490668,-5.993195,-14.399762,2.439896,-4.930564,NSE_EQ|INE220G01021,OK
nifty500,Jindal Stainless Ltd.,Metals & Mining,JSL,EQ,INE220G01021,,-0.773481,-2.311667,-2.708559,-2.490668,-5.993195,-14.399762,2.439896,-4.930564,NSE_EQ|INE220G01021,OK
niftypharma,Glenmark Pharmaceuticals Ltd.,Healthcare,GLENMARK,EQ,INE935A01035,,3.845983,0.556034,6.045729,-2.511492,16.785142,14.627555,2.439896,-4.951388,NSE_EQ|INE935A01035,OK
nifty500healthcare,Glenmark Pharmaceuticals Ltd.,Healthcare,GLENMARK,EQ,INE935A01035,,3.845983,0.556034,6.045729,-2.511492,16.785142,14.627555,2.439896,-4.951388,NSE_EQ|INE935A01035,OK
nifty500,Glenmark Pharmaceuticals Ltd.,Healthcare,GLENMARK,EQ,INE935A01035,,3.845983,0.556034,6.045729,-2.511492,16.785142,14.627555,2.439896,-4.951388,NSE_EQ|INE935A01035,OK
niftylargemidcap250,Glenmark Pharmaceuticals Ltd.,Healthcare,GLENMARK,EQ,INE935A01035,,3.845983,0.556034,6.045729,-2.511492,16.785142,14.627555,2.439896,-4.951388,NSE_EQ|INE935A01035,OK
niftymidsmallhealthcare,Glenmark Pharmaceuticals Ltd.,Healthcare,GLENMARK,EQ,INE935A01035,,3.845983,0.556034,6.045729,-2.511492,16.785142,14.627555,2.439896,-4.951388,NSE_EQ|INE935A01035,OK
nifty200,Glenmark Pharmaceuticals Ltd.,Healthcare,GLENMARK,EQ,INE935A01035,,3.845983,0.556034,6.045729,-2.511492,16.785142,14.627555,2.439896,-4.951388,NSE_EQ|INE935A01035,OK
niftyhealthcare,Glenmark Pharmaceuticals Ltd.,Healthcare,GLENMARK,EQ,INE935A01035,,3.845983,0.556034,6.045729,-2.511492,16.785142,14.627555,2.439896,-4.951388,NSE_EQ|INE935A01035,OK
Nifty India Internet Index,IIFL Capital Services Ltd.,Financial Services,IIFLCAPS,EQ,INE489L01022,,-0.269421,-0.522544,-2.857559,-2.516459,2.460403,-8.286304,2.439896,-4.956355,NSE_EQ|INE489L01022,OK
nifty500,Signatureglobal (India) Ltd.,Realty,SIGNATURE,EQ,INE903U01023,,2.051217,-0.006242,2.547689,-2.536959,-23.021479,-28.95157,2.439896,-4.976855,NSE_EQ|INE903U01023,OK
niftyrealty,Signatureglobal (India) Ltd.,Realty,SIGNATURE,EQ,INE903U01023,,2.051217,-0.006242,2.547689,-2.536959,-23.021479,-28.95157,2.439896,-4.976855,NSE_EQ|INE903U01023,OK
nifty500,Aditya Birla Sun Life AMC Ltd.,Financial Services,ABSLAMC,EQ,INE404A01024,,-0.797289,-3.020265,-0.747831,-2.555066,14.512511,23.613785,2.439896,-4.994962,NSE_EQ|INE404A01024,OK
niftyfinancialservicesexbank,Computer Age Management Services Ltd.,Financial Services,CAMS,EQ,INE596I01020,,-0.669495,-3.072445,-3.072445,-2.580939,3.910963,1.127008,2.439896,-5.020834,NSE_EQ|INE596I01020,OK
niftymidsmallfinancailservice,Computer Age Management Services Ltd.,Financial Services,CAMS,EQ,INE596I01020,,-0.669495,-3.072445,-3.072445,-2.580939,3.910963,1.127008,2.439896,-5.020834,NSE_EQ|INE596I01020,OK
nifty500,Computer Age Management Services Ltd.,Financial Services,CAMS,EQ,INE596I01020,,-0.669495,-3.072445,-3.072445,-2.580939,3.910963,1.127008,2.439896,-5.020834,NSE_EQ|INE596I01020,OK
niftyhousing,Indiabulls Housing Finance Ltd.,FINANCIAL SERVICES,IBULHSGFIN,EQ,INE148I01020,,-2.213109,-7.168016,-8.166758,-2.612472,4.304659,3.151607,2.439896,-5.052368,NSE_EQ|INE148I01020,OK
nifty500,Sammaan Capital Ltd.,Financial Services,SAMMAANCAP,EQ,INE148I01020,,-2.213109,-7.168016,-8.166758,-2.612472,4.304659,3.151607,2.439896,-5.052368,NSE_EQ|INE148I01020,OK
niftyindiarailwayspsu,Bharat Electronics Ltd.,Capital Goods,BEL,EQ,INE263A01024,,0.048876,-0.267966,0.651506,-2.616556,-6.003903,2.452452,2.439896,-5.056451,NSE_EQ|INE263A01024,OK
nifty500,Bharat Electronics Ltd.,Capital Goods,BEL,EQ,INE263A01024,,0.048876,-0.267966,0.651506,-2.616556,-6.003903,2.452452,2.439896,-5.056451,NSE_EQ|INE263A01024,OK
nifty50,Bharat Electronics Ltd.,Capital Goods,BEL,EQ,INE263A01024,,0.048876,-0.267966,0.651506,-2.616556,-6.003903,2.452452,2.439896,-5.056451,NSE_EQ|INE263A01024,OK
nifty200,Bharat Electronics Ltd.,Capital Goods,BEL,EQ,INE263A01024,,0.048876,-0.267966,0.651506,-2.616556,-6.003903,2.452452,2.439896,-5.056451,NSE_EQ|INE263A01024,OK
niftyindiadefence,Bharat Electronics Ltd.,Capital Goods,BEL,EQ,INE263A01024,,0.048876,-0.267966,0.651506,-2.616556,-6.003903,2.452452,2.439896,-5.056451,NSE_EQ|INE263A01024,OK
niftycpse,Bharat Electronics Ltd.,Capital Goods,BEL,EQ,INE263A01024,,0.048876,-0.267966,0.651506,-2.616556,-6.003903,2.452452,2.439896,-5.056451,NSE_EQ|INE263A01024,OK
niftylargemidcap250,Bharat Electronics Ltd.,Capital Goods,BEL,EQ,INE263A01024,,0.048876,-0.267966,0.651506,-2.616556,-6.003903,2.452452,2.439896,-5.056451,NSE_EQ|INE263A01024,OK
nifty500,DCM Shriram Ltd.,Diversified,DCMSHRIRAM,EQ,INE499A01024,,2.887364,6.90099,6.510802,-2.624459,-3.113783,-13.768868,2.439896,-5.064355,NSE_EQ|INE499A01024,OK
niftyindiarailwayspsu,ITI Ltd.,Telecommunication,ITI,EQ,INE248A01017,,-0.160743,-0.675195,-0.409763,-2.681058,-3.32065,-9.795062,2.439896,-5.120954,NSE_EQ|INE248A01017,OK
nifty500,ITI Ltd.,Telecommunication,ITI,EQ,INE248A01017,,-0.160743,-0.675195,-0.409763,-2.681058,-3.32065,-9.795062,2.439896,-5.120954,NSE_EQ|INE248A01017,OK
niftyevnewageautomotive,Reliance Industries Ltd.,Oil Gas & Consumable Fuels,RELIANCE,EQ,INE002A01018,,0.167811,-0.288535,1.909049,-2.697095,-7.495069,-16.377993,2.439896,-5.136991,NSE_EQ|INE002A01018,OK
niftyoilgas,Reliance Industries Ltd.,Oil Gas & Consumable Fuels,RELIANCE,EQ,INE002A01018,,0.167811,-0.288535,1.909049,-2.697095,-7.495069,-16.377993,2.439896,-5.136991,NSE_EQ|INE002A01018,OK
nifty50,Reliance Industries Ltd.,Oil Gas & Consumable Fuels,RELIANCE,EQ,INE002A01018,,0.167811,-0.288535,1.909049,-2.697095,-7.495069,-16.377993,2.439896,-5.136991,NSE_EQ|INE002A01018,OK
niftyenergy,Reliance Industries Ltd.,Oil Gas & Consumable Fuels,RELIANCE,EQ,INE002A01018,,0.167811,-0.288535,1.909049,-2.697095,-7.495069,-16.377993,2.439896,-5.136991,NSE_EQ|INE002A01018,OK
niftylargemidcap250,Reliance Industries Ltd.,Oil Gas & Consumable Fuels,RELIANCE,EQ,INE002A01018,,0.167811,-0.288535,1.909049,-2.697095,-7.495069,-16.377993,2.439896,-5.136991,NSE_EQ|INE002A01018,OK
nifty500,Reliance Industries Ltd.,Oil Gas & Consumable Fuels,RELIANCE,EQ,INE002A01018,,0.167811,-0.288535,1.909049,-2.697095,-7.495069,-16.377993,2.439896,-5.136991,NSE_EQ|INE002A01018,OK
nifty200,Reliance Industries Ltd.,Oil Gas & Consumable Fuels,RELIANCE,EQ,INE002A01018,,0.167811,-0.288535,1.909049,-2.697095,-7.495069,-16.377993,2.439896,-5.136991,NSE_EQ|INE002A01018,OK
niftyinfra,Reliance Industries Ltd.,Oil Gas & Consumable Fuels,RELIANCE,EQ,INE002A01018,,0.167811,-0.288535,1.909049,-2.697095,-7.495069,-16.377993,2.439896,-5.136991,NSE_EQ|INE002A01018,OK
nifty500,Garden Reach Shipbuilders & Engineers Ltd.,Capital Goods,GRSE,EQ,INE382Z01011,,-0.777016,-0.550849,1.12021,-2.705716,7.604406,7.106911,2.439896,-5.145612,NSE_EQ|INE382Z01011,OK
niftyindiadefence,Garden Reach Shipbuilders & Engineers Ltd.,Capital Goods,GRSE,EQ,INE382Z01011,,-0.777016,-0.550849,1.12021,-2.705716,7.604406,7.106911,2.439896,-5.145612,NSE_EQ|INE382Z01011,OK
nifty200,Cochin Shipyard Ltd.,Capital Goods,COCHINSHIP,EQ,INE704P01025,,0.26936,-1.194426,8.868904,-2.743305,1.099946,-8.092093,2.439896,-5.183201,NSE_EQ|INE704P01025,OK
niftyindiadefence,Cochin Shipyard Ltd.,Capital Goods,COCHINSHIP,EQ,INE704P01025,,0.26936,-1.194426,8.868904,-2.743305,1.099946,-8.092093,2.439896,-5.183201,NSE_EQ|INE704P01025,OK
nifty500,Cochin Shipyard Ltd.,Capital Goods,COCHINSHIP,EQ,INE704P01025,,0.26936,-1.194426,8.868904,-2.743305,1.099946,-8.092093,2.439896,-5.183201,NSE_EQ|INE704P01025,OK
niftycpse,Cochin Shipyard Ltd.,Capital Goods,COCHINSHIP,EQ,INE704P01025,,0.26936,-1.194426,8.868904,-2.743305,1.099946,-8.092093,2.439896,-5.183201,NSE_EQ|INE704P01025,OK
niftylargemidcap250,Cochin Shipyard Ltd.,Capital Goods,COCHINSHIP,EQ,INE704P01025,,0.26936,-1.194426,8.868904,-2.743305,1.099946,-8.092093,2.439896,-5.183201,NSE_EQ|INE704P01025,OK
niftyhousing,Indraprastha Gas Ltd.,OIL & GAS,IGL,EQ,INE203G01027,,-1.369235,-0.803848,-0.548289,-2.75176,-9.58501,-22.624248,2.439896,-5.191656,NSE_EQ|INE203G01027,OK
niftylargemidcap250,Indraprastha Gas Ltd.,Oil Gas & Consumable Fuels,IGL,EQ,INE203G01027,,-1.369235,-0.803848,-0.548289,-2.75176,-9.58501,-22.624248,2.439896,-5.191656,NSE_EQ|INE203G01027,OK
nifty500,Indraprastha Gas Ltd.,Oil Gas & Consumable Fuels,IGL,EQ,INE203G01027,,-1.369235,-0.803848,-0.548289,-2.75176,-9.58501,-22.624248,2.439896,-5.191656,NSE_EQ|INE203G01027,OK
nifty200,Indraprastha Gas Ltd.,Oil Gas & Consumable Fuels,IGL,EQ,INE203G01027,,-1.369235,-0.803848,-0.548289,-2.75176,-9.58501,-22.624248,2.439896,-5.191656,NSE_EQ|INE203G01027,OK
niftyoilgas,Indraprastha Gas Ltd.,Oil Gas & Consumable Fuels,IGL,EQ,INE203G01027,,-1.369235,-0.803848,-0.548289,-2.75176,-9.58501,-22.624248,2.439896,-5.191656,NSE_EQ|INE203G01027,OK
niftyenergy,Indraprastha Gas Ltd.,Oil Gas & Consumable Fuels,IGL,EQ,INE203G01027,,-1.369235,-0.803848,-0.548289,-2.75176,-9.58501,-22.624248,2.439896,-5.191656,NSE_EQ|INE203G01027,OK
nifty500,Chambal Fertilizers & Chemicals Ltd.,Chemicals,CHAMBLFERT,EQ,INE085A01013,,-0.206968,-2.109181,-0.413081,-2.799866,-4.342555,-9.987554,2.439896,-5.239761,NSE_EQ|INE085A01013,OK
niftychemicals,Chambal Fertilizers & Chemicals Ltd.,Chemicals,CHAMBLFERT,EQ,INE085A01013,,-0.206968,-2.109181,-0.413081,-2.799866,-4.342555,-9.987554,2.439896,-5.239761,NSE_EQ|INE085A01013,OK
niftylargemidcap250,Tata Investment Corporation Ltd.,Financial Services,TATAINVEST,EQ,INE672A01026,,-0.543728,-3.714413,1.066148,-2.842822,3.046894,-6.909899,2.439896,-5.282718,NSE_EQ|INE672A01026,OK
nifty500,Tata Investment Corporation Ltd.,Financial Services,TATAINVEST,EQ,INE672A01026,,-0.543728,-3.714413,1.066148,-2.842822,3.046894,-6.909899,2.439896,-5.282718,NSE_EQ|INE672A01026,OK
niftyfinancialservicesexbank,Indian Energy Exchange Ltd.,Financial Services,IEX,EQ,INE022Q01020,,0.284553,-1.713147,-0.10528,-2.912239,-0.484066,-8.098644,2.439896,-5.352135,NSE_EQ|INE022Q01020,OK
nifty500,Indian Energy Exchange Ltd.,Financial Services,IEX,EQ,INE022Q01020,,0.284553,-1.713147,-0.10528,-2.912239,-0.484066,-8.098644,2.439896,-5.352135,NSE_EQ|INE022Q01020,OK
niftymidsmallfinancailservice,Indian Energy Exchange Ltd.,Financial Services,IEX,EQ,INE022Q01020,,0.284553,-1.713147,-0.10528,-2.912239,-0.484066,-8.098644,2.439896,-5.352135,NSE_EQ|INE022Q01020,OK
nifty500,JBM Auto Ltd.,Automobile and Auto Components,JBMA,EQ,INE927D01051,,0.759719,-1.508927,-7.32922,-2.988094,7.50194,-0.637603,2.439896,-5.42799,NSE_EQ|INE927D01051,OK
niftyevnewageautomotive,JBM Auto Ltd.,Automobile and Auto Components,JBMA,EQ,INE927D01051,,0.759719,-1.508927,-7.32922,-2.988094,7.50194,-0.637603,2.439896,-5.42799,NSE_EQ|INE927D01051,OK
nifty500,Vardhman Textiles Ltd.,Textiles,VTL,EQ,INE825A01020,,0.729682,1.63324,-4.157689,-3.090454,17.618255,37.241458,2.439896,-5.53035,NSE_EQ|INE825A01020,OK
nifty200,Max Financial Services Ltd.,Financial Services,MFSL,EQ,INE180A01020,,1.869219,4.139117,3.393947,-3.136531,-13.693901,-5.790166,2.439896,-5.576427,NSE_EQ|INE180A01020,OK
niftymidsmallfinancailservice,Max Financial Services Ltd.,Financial Services,MFSL,EQ,INE180A01020,,1.869219,4.139117,3.393947,-3.136531,-13.693901,-5.790166,2.439896,-5.576427,NSE_EQ|INE180A01020,OK
nifty500,Max Financial Services Ltd.,Financial Services,MFSL,EQ,INE180A01020,,1.869219,4.139117,3.393947,-3.136531,-13.693901,-5.790166,2.439896,-5.576427,NSE_EQ|INE180A01020,OK
niftyfinancialservicesexbank,Max Financial Services Ltd.,Financial Services,MFSL,EQ,INE180A01020,,1.869219,4.139117,3.393947,-3.136531,-13.693901,-5.790166,2.439896,-5.576427,NSE_EQ|INE180A01020,OK
niftylargemidcap250,Max Financial Services Ltd.,Financial Services,MFSL,EQ,INE180A01020,,1.869219,4.139117,3.393947,-3.136531,-13.693901,-5.790166,2.439896,-5.576427,NSE_EQ|INE180A01020,OK
niftyoilgas,Indian Oil Corporation Ltd.,Oil Gas & Consumable Fuels,IOC,EQ,INE242A01010,,-0.29347,-3.957597,-4.31599,-3.29467,-23.120439,-18.358765,2.439896,-5.734566,NSE_EQ|INE242A01010,OK
niftynext50,Indian Oil Corporation Ltd.,Oil Gas & Consumable Fuels,IOC,EQ,INE242A01010,,-0.29347,-3.957597,-4.31599,-3.29467,-23.120439,-18.358765,2.439896,-5.734566,NSE_EQ|INE242A01010,OK
nifty500,Indian Oil Corporation Ltd.,Oil Gas & Consumable Fuels,IOC,EQ,INE242A01010,,-0.29347,-3.957597,-4.31599,-3.29467,-23.120439,-18.358765,2.439896,-5.734566,NSE_EQ|INE242A01010,OK
niftylargemidcap250,Indian Oil Corporation Ltd.,Oil Gas & Consumable Fuels,IOC,EQ,INE242A01010,,-0.29347,-3.957597,-4.31599,-3.29467,-23.120439,-18.358765,2.439896,-5.734566,NSE_EQ|INE242A01010,OK
niftyinfra,Indian Oil Corporation Ltd.,Oil Gas & Consumable Fuels,IOC,EQ,INE242A01010,,-0.29347,-3.957597,-4.31599,-3.29467,-23.120439,-18.358765,2.439896,-5.734566,NSE_EQ|INE242A01010,OK
nifty200,Indian Oil Corporation Ltd.,Oil Gas & Consumable Fuels,IOC,EQ,INE242A01010,,-0.29347,-3.957597,-4.31599,-3.29467,-23.120439,-18.358765,2.439896,-5.734566,NSE_EQ|INE242A01010,OK
niftyenergy,Indian Oil Corporation Ltd.,Oil Gas & Consumable Fuels,IOC,EQ,INE242A01010,,-0.29347,-3.957597,-4.31599,-3.29467,-23.120439,-18.358765,2.439896,-5.734566,NSE_EQ|INE242A01010,OK
niftycpse,NHPC Ltd.,Power,NHPC,EQ,INE848E01016,,0.236314,-1.483871,-4.895366,-3.35443,1.166026,-3.622823,2.439896,-5.794326,NSE_EQ|INE848E01016,OK
nifty200,NHPC Ltd.,Power,NHPC,EQ,INE848E01016,,0.236314,-1.483871,-4.895366,-3.35443,1.166026,-3.622823,2.439896,-5.794326,NSE_EQ|INE848E01016,OK
niftyenergy,NHPC Ltd.,Power,NHPC,EQ,INE848E01016,,0.236314,-1.483871,-4.895366,-3.35443,1.166026,-3.622823,2.439896,-5.794326,NSE_EQ|INE848E01016,OK
niftylargemidcap250,NHPC Ltd.,Power,NHPC,EQ,INE848E01016,,0.236314,-1.483871,-4.895366,-3.35443,1.166026,-3.622823,2.439896,-5.794326,NSE_EQ|INE848E01016,OK
nifty500,NHPC Ltd.,Power,NHPC,EQ,INE848E01016,,0.236314,-1.483871,-4.895366,-3.35443,1.166026,-3.622823,2.439896,-5.794326,NSE_EQ|INE848E01016,OK
nifty200,Cummins India Ltd.,Capital Goods,CUMMINSIND,EQ,INE298A01020,,-0.287356,-2.069614,-6.820623,-3.432282,17.963013,17.377774,2.439896,-5.872178,NSE_EQ|INE298A01020,OK
niftyinfra,Cummins India Ltd.,Capital Goods,CUMMINSIND,EQ,INE298A01020,,-0.287356,-2.069614,-6.820623,-3.432282,17.963013,17.377774,2.439896,-5.872178,NSE_EQ|INE298A01020,OK
nifty500,Cummins India Ltd.,Capital Goods,CUMMINSIND,EQ,INE298A01020,,-0.287356,-2.069614,-6.820623,-3.432282,17.963013,17.377774,2.439896,-5.872178,NSE_EQ|INE298A01020,OK
niftylargemidcap250,Cummins India Ltd.,Capital Goods,CUMMINSIND,EQ,INE298A01020,,-0.287356,-2.069614,-6.820623,-3.432282,17.963013,17.377774,2.439896,-5.872178,NSE_EQ|INE298A01020,OK
nifty500,Amber Enterprises India Ltd.,Consumer Durables,AMBER,EQ,INE371P01015,,0.344828,1.393728,-2.727637,-3.476184,-5.940914,13.903241,2.439896,-5.91608,NSE_EQ|INE371P01015,OK
niftyconsumerdurables,Amber Enterprises India Ltd.,Consumer Durables,AMBER,EQ,INE371P01015,,0.344828,1.393728,-2.727637,-3.476184,-5.940914,13.903241,2.439896,-5.91608,NSE_EQ|INE371P01015,OK
nifty500,Lemon Tree Hotels Ltd.,Consumer Services,LEMONTREE,EQ,INE970X01018,,-0.111029,-0.999541,-0.87228,-3.632955,-15.39185,-32.211478,2.439896,-6.072851,NSE_EQ|INE970X01018,OK
nifty500,Lupin Ltd.,Healthcare,LUPIN,EQ,INE326A01037,,-1.05618,-2.1686,-8.533799,-3.63318,0.100032,4.361223,2.439896,-6.073076,NSE_EQ|INE326A01037,OK
nifty200,Lupin Ltd.,Healthcare,LUPIN,EQ,INE326A01037,,-1.05618,-2.1686,-8.533799,-3.63318,0.100032,4.361223,2.439896,-6.073076,NSE_EQ|INE326A01037,OK
nifty500healthcare,Lupin Ltd.,Healthcare,LUPIN,EQ,INE326A01037,,-1.05618,-2.1686,-8.533799,-3.63318,0.100032,4.361223,2.439896,-6.073076,NSE_EQ|INE326A01037,OK
niftyhealthcare,Lupin Ltd.,Healthcare,LUPIN,EQ,INE326A01037,,-1.05618,-2.1686,-8.533799,-3.63318,0.100032,4.361223,2.439896,-6.073076,NSE_EQ|INE326A01037,OK
niftymidsmallhealthcare,Lupin Ltd.,Healthcare,LUPIN,EQ,INE326A01037,,-1.05618,-2.1686,-8.533799,-3.63318,0.100032,4.361223,2.439896,-6.073076,NSE_EQ|INE326A01037,OK
niftylargemidcap250,Lupin Ltd.,Healthcare,LUPIN,EQ,INE326A01037,,-1.05618,-2.1686,-8.533799,-3.63318,0.100032,4.361223,2.439896,-6.073076,NSE_EQ|INE326A01037,OK
niftypharma,Lupin Ltd.,Healthcare,LUPIN,EQ,INE326A01037,,-1.05618,-2.1686,-8.533799,-3.63318,0.100032,4.361223,2.439896,-6.073076,NSE_EQ|INE326A01037,OK
nifty500,Graphite India Ltd.,Capital Goods,GRAPHITE,EQ,INE371A01025,,-0.069682,-2.422263,13.898817,-3.654686,11.015637,11.742247,2.439896,-6.094582,NSE_EQ|INE371A01025,OK
nifty500,Jubilant Ingrevia Ltd.,Chemicals,JUBLINGREA,EQ,INE0BY001018,,1.693958,-2.159446,-3.139496,-3.728451,12.430745,2.409553,2.439896,-6.168347,NSE_EQ|INE0BY001018,OK
nifty200,HDFC Asset Management Company Ltd.,Financial Services,HDFCAMC,EQ,INE127D01025,,2.833405,4.980996,3.063629,-3.808791,-6.725437,-1.803757,2.439896,-6.248686,NSE_EQ|INE127D01025,OK
niftyfinancialservicesexbank,HDFC Asset Management Company Ltd.,Financial Services,HDFCAMC,EQ,INE127D01025,,2.833405,4.980996,3.063629,-3.808791,-6.725437,-1.803757,2.439896,-6.248686,NSE_EQ|INE127D01025,OK
nifty500,HDFC Asset Management Company Ltd.,Financial Services,HDFCAMC,EQ,INE127D01025,,2.833405,4.980996,3.063629,-3.808791,-6.725437,-1.803757,2.439896,-6.248686,NSE_EQ|INE127D01025,OK
niftylargemidcap250,HDFC Asset Management Company Ltd.,Financial Services,HDFCAMC,EQ,INE127D01025,,2.833405,4.980996,3.063629,-3.808791,-6.725437,-1.803757,2.439896,-6.248686,NSE_EQ|INE127D01025,OK
niftymidsmallfinancailservice,HDFC Asset Management Company Ltd.,Financial Services,HDFCAMC,EQ,INE127D01025,,2.833405,4.980996,3.063629,-3.808791,-6.725437,-1.803757,2.439896,-6.248686,NSE_EQ|INE127D01025,OK
nifty500,Birlasoft Ltd.,Information Technology,BSOFT,EQ,INE836A01035,,1.013403,-1.451124,9.361175,-3.843162,-22.546685,-28.686822,2.439896,-6.283057,NSE_EQ|INE836A01035,OK
niftymidsmallitandtelecom,Birlasoft Ltd.,Information Technology,BSOFT,EQ,INE836A01035,,1.013403,-1.451124,9.361175,-3.843162,-22.546685,-28.686822,2.439896,-6.283057,NSE_EQ|INE836A01035,OK
niftyenergy,Siemens Energy India Ltd.,Capital Goods,ENRIN,EQ,INE1NPP01017,,-1.369509,-3.535325,1.834944,-3.894251,25.371337,34.186165,2.439896,-6.334147,NSE_EQ|INE1NPP01017,OK
nifty200,Siemens Energy India Ltd.,Capital Goods,ENRIN,EQ,INE1NPP01017,,-1.369509,-3.535325,1.834944,-3.894251,25.371337,34.186165,2.439896,-6.334147,NSE_EQ|INE1NPP01017,OK
niftylargemidcap250,Siemens Energy India Ltd.,Capital Goods,ENRIN,EQ,INE1NPP01017,,-1.369509,-3.535325,1.834944,-3.894251,25.371337,34.186165,2.439896,-6.334147,NSE_EQ|INE1NPP01017,OK
niftynext50,Siemens Energy India Ltd.,Capital Goods,ENRIN,EQ,INE1NPP01017,,-1.369509,-3.535325,1.834944,-3.894251,25.371337,34.186165,2.439896,-6.334147,NSE_EQ|INE1NPP01017,OK
nifty500,Siemens Energy India Ltd.,Capital Goods,ENRIN,EQ,INE1NPP01017,,-1.369509,-3.535325,1.834944,-3.894251,25.371337,34.186165,2.439896,-6.334147,NSE_EQ|INE1NPP01017,OK
nifty500,Swan Corp Ltd.,Chemicals,SWANCORP,EQ,INE665A01038,,0.775066,-0.924125,-1.180466,-3.9453,-25.229414,-34.829903,2.439896,-6.385196,NSE_EQ|INE665A01038,OK
niftynext50,Adani Green Energy Ltd.,Power,ADANIGREEN,EQ,INE364U01010,,0.680588,-1.304018,-11.58052,-4.152555,36.959495,28.243523,2.439896,-6.592451,NSE_EQ|INE364U01010,OK
niftyinfra,Adani Green Energy Ltd.,Power,ADANIGREEN,EQ,INE364U01010,,0.680588,-1.304018,-11.58052,-4.152555,36.959495,28.243523,2.439896,-6.592451,NSE_EQ|INE364U01010,OK
nifty200,Adani Green Energy Ltd.,Power,ADANIGREEN,EQ,INE364U01010,,0.680588,-1.304018,-11.58052,-4.152555,36.959495,28.243523,2.439896,-6.592451,NSE_EQ|INE364U01010,OK
niftyhousing,Adani Green Energy Ltd.,POWER,ADANIGREEN,EQ,INE364U01010,,0.680588,-1.304018,-11.58052,-4.152555,36.959495,28.243523,2.439896,-6.592451,NSE_EQ|INE364U01010,OK
niftyenergy,Adani Green Energy Ltd.,Power,ADANIGREEN,EQ,INE364U01010,,0.680588,-1.304018,-11.58052,-4.152555,36.959495,28.243523,2.439896,-6.592451,NSE_EQ|INE364U01010,OK
nifty500,Adani Green Energy Ltd.,Power,ADANIGREEN,EQ,INE364U01010,,0.680588,-1.304018,-11.58052,-4.152555,36.959495,28.243523,2.439896,-6.592451,NSE_EQ|INE364U01010,OK
niftylargemidcap250,Adani Green Energy Ltd.,Power,ADANIGREEN,EQ,INE364U01010,,0.680588,-1.304018,-11.58052,-4.152555,36.959495,28.243523,2.439896,-6.592451,NSE_EQ|INE364U01010,OK
nifty200,SBI Life Insurance Company Ltd.,Financial Services,SBILIFE,EQ,INE123W01016,,0.089867,-1.655629,-1.367133,-4.188397,-12.397994,-12.428129,2.439896,-6.628293,NSE_EQ|INE123W01016,OK
nifty50,SBI Life Insurance Company Ltd.,Financial Services,SBILIFE,EQ,INE123W01016,,0.089867,-1.655629,-1.367133,-4.188397,-12.397994,-12.428129,2.439896,-6.628293,NSE_EQ|INE123W01016,OK
niftyfinance,SBI Life Insurance Company Ltd.,Financial Services,SBILIFE,EQ,INE123W01016,,0.089867,-1.655629,-1.367133,-4.188397,-12.397994,-12.428129,2.439896,-6.628293,NSE_EQ|INE123W01016,OK
niftyfinancialservices25-50,SBI Life Insurance Company Ltd.,Financial Services,SBILIFE,EQ,INE123W01016,,0.089867,-1.655629,-1.367133,-4.188397,-12.397994,-12.428129,2.439896,-6.628293,NSE_EQ|INE123W01016,OK
nifty500,SBI Life Insurance Company Ltd.,Financial Services,SBILIFE,EQ,INE123W01016,,0.089867,-1.655629,-1.367133,-4.188397,-12.397994,-12.428129,2.439896,-6.628293,NSE_EQ|INE123W01016,OK
niftyfinancialservicesexbank,SBI Life Insurance Company Ltd.,Financial Services,SBILIFE,EQ,INE123W01016,,0.089867,-1.655629,-1.367133,-4.188397,-12.397994,-12.428129,2.439896,-6.628293,NSE_EQ|INE123W01016,OK
niftylargemidcap250,SBI Life Insurance Company Ltd.,Financial Services,SBILIFE,EQ,INE123W01016,,0.089867,-1.655629,-1.367133,-4.188397,-12.397994,-12.428129,2.439896,-6.628293,NSE_EQ|INE123W01016,OK
nifty500,Voltas Ltd.,Consumer Durables,VOLTAS,EQ,INE226A01021,,-0.286182,-5.428461,-6.766055,-4.240283,-20.053756,-10.409932,2.439896,-6.680178,NSE_EQ|INE226A01021,OK
niftylargemidcap250,Voltas Ltd.,Consumer Durables,VOLTAS,EQ,INE226A01021,,-0.286182,-5.428461,-6.766055,-4.240283,-20.053756,-10.409932,2.439896,-6.680178,NSE_EQ|INE226A01021,OK
niftyconsumerdurables,Voltas Ltd.,Consumer Durables,VOLTAS,EQ,INE226A01021,,-0.286182,-5.428461,-6.766055,-4.240283,-20.053756,-10.409932,2.439896,-6.680178,NSE_EQ|INE226A01021,OK
niftyhousing,Voltas Ltd.,CONSUMER GOODS,VOLTAS,EQ,INE226A01021,,-0.286182,-5.428461,-6.766055,-4.240283,-20.053756,-10.409932,2.439896,-6.680178,NSE_EQ|INE226A01021,OK
nifty200,Voltas Ltd.,Consumer Durables,VOLTAS,EQ,INE226A01021,,-0.286182,-5.428461,-6.766055,-4.240283,-20.053756,-10.409932,2.439896,-6.680178,NSE_EQ|INE226A01021,OK
niftypharma,Biocon Ltd.,Healthcare,BIOCON,EQ,INE376G01013,,-0.060569,-1.785714,-5.811166,-4.259023,9.141421,4.722011,2.439896,-6.698919,NSE_EQ|INE376G01013,OK
nifty200,Biocon Ltd.,Healthcare,BIOCON,EQ,INE376G01013,,-0.060569,-1.785714,-5.811166,-4.259023,9.141421,4.722011,2.439896,-6.698919,NSE_EQ|INE376G01013,OK
niftylargemidcap250,Biocon Ltd.,Healthcare,BIOCON,EQ,INE376G01013,,-0.060569,-1.785714,-5.811166,-4.259023,9.141421,4.722011,2.439896,-6.698919,NSE_EQ|INE376G01013,OK
niftyhealthcare,Biocon Ltd.,Healthcare,BIOCON,EQ,INE376G01013,,-0.060569,-1.785714,-5.811166,-4.259023,9.141421,4.722011,2.439896,-6.698919,NSE_EQ|INE376G01013,OK
nifty500healthcare,Biocon Ltd.,Healthcare,BIOCON,EQ,INE376G01013,,-0.060569,-1.785714,-5.811166,-4.259023,9.141421,4.722011,2.439896,-6.698919,NSE_EQ|INE376G01013,OK
nifty500,Biocon Ltd.,Healthcare,BIOCON,EQ,INE376G01013,,-0.060569,-1.785714,-5.811166,-4.259023,9.141421,4.722011,2.439896,-6.698919,NSE_EQ|INE376G01013,OK
niftymidsmallhealthcare,Biocon Ltd.,Healthcare,BIOCON,EQ,INE376G01013,,-0.060569,-1.785714,-5.811166,-4.259023,9.141421,4.722011,2.439896,-6.698919,NSE_EQ|INE376G01013,OK
nifty200,Avenue Supermarts Ltd.,Consumer Services,DMART,EQ,INE192R01011,,-0.126103,-2.702703,-1.012373,-4.28309,1.299499,4.700968,2.439896,-6.722986,NSE_EQ|INE192R01011,OK
nifty500,Avenue Supermarts Ltd.,Consumer Services,DMART,EQ,INE192R01011,,-0.126103,-2.702703,-1.012373,-4.28309,1.299499,4.700968,2.439896,-6.722986,NSE_EQ|INE192R01011,OK
niftynext50,Avenue Supermarts Ltd.,Consumer Services,DMART,EQ,INE192R01011,,-0.126103,-2.702703,-1.012373,-4.28309,1.299499,4.700968,2.439896,-6.722986,NSE_EQ|INE192R01011,OK
niftylargemidcap250,Avenue Supermarts Ltd.,Consumer Services,DMART,EQ,INE192R01011,,-0.126103,-2.702703,-1.012373,-4.28309,1.299499,4.700968,2.439896,-6.722986,NSE_EQ|INE192R01011,OK
nifty500healthcare,Eris Lifesciences Ltd.,Healthcare,ERIS,EQ,INE406M01024,,-1.653935,-3.933927,-7.955019,-4.322101,-6.25,-11.928799,2.439896,-6.761997,NSE_EQ|INE406M01024,OK
nifty500,Eris Lifesciences Ltd.,Healthcare,ERIS,EQ,INE406M01024,,-1.653935,-3.933927,-7.955019,-4.322101,-6.25,-11.928799,2.439896,-6.761997,NSE_EQ|INE406M01024,OK
nifty50,Infosys Ltd.,Information Technology,INFY,EQ,INE009A01021,,0.910877,-3.829787,7.404239,-4.334575,-17.464027,-30.048285,2.439896,-6.774471,NSE_EQ|INE009A01021,OK
niftylargemidcap250,Infosys Ltd.,Information Technology,INFY,EQ,INE009A01021,,0.910877,-3.829787,7.404239,-4.334575,-17.464027,-30.048285,2.439896,-6.774471,NSE_EQ|INE009A01021,OK
niftyit,Infosys Ltd.,Information Technology,INFY,EQ,INE009A01021,,0.910877,-3.829787,7.404239,-4.334575,-17.464027,-30.048285,2.439896,-6.774471,NSE_EQ|INE009A01021,OK
niftyindiadigital,Infosys Ltd.,Information Technology,INFY,EQ,INE009A01021,,0.910877,-3.829787,7.404239,-4.334575,-17.464027,-30.048285,2.439896,-6.774471,NSE_EQ|INE009A01021,OK
nifty200,Infosys Ltd.,Information Technology,INFY,EQ,INE009A01021,,0.910877,-3.829787,7.404239,-4.334575,-17.464027,-30.048285,2.439896,-6.774471,NSE_EQ|INE009A01021,OK
nifty500,Infosys Ltd.,Information Technology,INFY,EQ,INE009A01021,,0.910877,-3.829787,7.404239,-4.334575,-17.464027,-30.048285,2.439896,-6.774471,NSE_EQ|INE009A01021,OK
niftylargemidcap250,ACC Ltd.,Construction Materials,ACC,EQ,INE012A01025,,0.96221,-1.781535,-4.260486,-4.387125,-20.524097,-25.125165,2.439896,-6.827021,NSE_EQ|INE012A01025,OK
nifty500,ACC Ltd.,Construction Materials,ACC,EQ,INE012A01025,,0.96221,-1.781535,-4.260486,-4.387125,-20.524097,-25.125165,2.439896,-6.827021,NSE_EQ|INE012A01025,OK
nifty200,ACC Ltd.,Construction Materials,ACC,EQ,INE012A01025,,0.96221,-1.781535,-4.260486,-4.387125,-20.524097,-25.125165,2.439896,-6.827021,NSE_EQ|INE012A01025,OK
niftyhousing,ACC Ltd.,CEMENT & CEMENT PRODUCTS,ACC,EQ,INE012A01025,,0.96221,-1.781535,-4.260486,-4.387125,-20.524097,-25.125165,2.439896,-6.827021,NSE_EQ|INE012A01025,OK
nifty500,Maharashtra Seamless Ltd.,Capital Goods,MAHSEAMLES,EQ,INE271B01025,,-0.537547,-0.228758,6.108263,-4.414527,13.87542,8.773492,2.439896,-6.854423,NSE_EQ|INE271B01025,OK
nifty500,Aptus Value Housing Finance India Ltd.,Financial Services,APTUS,EQ,INE852O01025,,0.098795,-0.197006,-14.033599,-4.451151,1.482372,-9.243999,2.439896,-6.891046,NSE_EQ|INE852O01025,OK
niftycpse,Oil India Ltd.,Oil Gas & Consumable Fuels,OIL,EQ,INE274J01014,,1.274087,0.229262,6.594259,-4.48858,5.634267,13.326264,2.439896,-6.928476,NSE_EQ|INE274J01014,OK
niftyoilgas,Oil India Ltd.,Oil Gas & Consumable Fuels,OIL,EQ,INE274J01014,,1.274087,0.229262,6.594259,-4.48858,5.634267,13.326264,2.439896,-6.928476,NSE_EQ|INE274J01014,OK
nifty200,Oil India Ltd.,Oil Gas & Consumable Fuels,OIL,EQ,INE274J01014,,1.274087,0.229262,6.594259,-4.48858,5.634267,13.326264,2.439896,-6.928476,NSE_EQ|INE274J01014,OK
niftylargemidcap250,Oil India Ltd.,Oil Gas & Consumable Fuels,OIL,EQ,INE274J01014,,1.274087,0.229262,6.594259,-4.48858,5.634267,13.326264,2.439896,-6.928476,NSE_EQ|INE274J01014,OK
niftyenergy,Oil India Ltd.,Oil Gas & Consumable Fuels,OIL,EQ,INE274J01014,,1.274087,0.229262,6.594259,-4.48858,5.634267,13.326264,2.439896,-6.928476,NSE_EQ|INE274J01014,OK
nifty500,Oil India Ltd.,Oil Gas & Consumable Fuels,OIL,EQ,INE274J01014,,1.274087,0.229262,6.594259,-4.48858,5.634267,13.326264,2.439896,-6.928476,NSE_EQ|INE274J01014,OK
niftyhousing,HDFC Bank Ltd.,FINANCIAL SERVICES,HDFCBANK,EQ,INE040A01034,,0.701389,0.006897,-3.730996,-4.491866,-19.786481,-26.851291,2.439896,-6.931762,NSE_EQ|INE040A01034,OK
niftyprivatebank,HDFC Bank Ltd.,Financial Services,HDFCBANK,EQ,INE040A01034,,0.701389,0.006897,-3.730996,-4.491866,-19.786481,-26.851291,2.439896,-6.931762,NSE_EQ|INE040A01034,OK
niftybank,HDFC Bank Ltd.,Financial Services,HDFCBANK,EQ,INE040A01034,,0.701389,0.006897,-3.730996,-4.491866,-19.786481,-26.851291,2.439896,-6.931762,NSE_EQ|INE040A01034,OK
nifty500,HDFC Bank Ltd.,Financial Services,HDFCBANK,EQ,INE040A01034,,0.701389,0.006897,-3.730996,-4.491866,-19.786481,-26.851291,2.439896,-6.931762,NSE_EQ|INE040A01034,OK
nifty50,HDFC Bank Ltd.,Financial Services,HDFCBANK,EQ,INE040A01034,,0.701389,0.006897,-3.730996,-4.491866,-19.786481,-26.851291,2.439896,-6.931762,NSE_EQ|INE040A01034,OK
nifty200,HDFC Bank Ltd.,Financial Services,HDFCBANK,EQ,INE040A01034,,0.701389,0.006897,-3.730996,-4.491866,-19.786481,-26.851291,2.439896,-6.931762,NSE_EQ|INE040A01034,OK
niftyfinance,HDFC Bank Ltd.,Financial Services,HDFCBANK,EQ,INE040A01034,,0.701389,0.006897,-3.730996,-4.491866,-19.786481,-26.851291,2.439896,-6.931762,NSE_EQ|INE040A01034,OK
niftyfinancialservices25-50,HDFC Bank Ltd.,Financial Services,HDFCBANK,EQ,INE040A01034,,0.701389,0.006897,-3.730996,-4.491866,-19.786481,-26.851291,2.439896,-6.931762,NSE_EQ|INE040A01034,OK
niftylargemidcap250,HDFC Bank Ltd.,Financial Services,HDFCBANK,EQ,INE040A01034,,0.701389,0.006897,-3.730996,-4.491866,-19.786481,-26.851291,2.439896,-6.931762,NSE_EQ|INE040A01034,OK
niftymedia,Network18 Media & Investments Ltd.,Media Entertainment & Publication,NETWORK18,EQ,INE870H01013,,8.977556,5.446398,6.363004,-4.614905,-17.502697,-29.499885,2.439896,-7.054801,NSE_EQ|INE870H01013,OK
nifty500,UTI Asset Management Company Ltd.,Financial Services,UTIAMC,EQ,INE094J01016,,0.453807,-1.320859,-1.434775,-4.77455,-16.164025,-20.628597,2.439896,-7.214446,NSE_EQ|INE094J01016,OK
niftylargemidcap250,NMDC Ltd.,Metals & Mining,NMDC,EQ,INE584A01023,,0.719856,-1.235294,0.731941,-4.775408,5.690545,0.937838,2.439896,-7.215304,NSE_EQ|INE584A01023,OK
niftymetal,NMDC Ltd.,Metals & Mining,NMDC,EQ,INE584A01023,,0.719856,-1.235294,0.731941,-4.775408,5.690545,0.937838,2.439896,-7.215304,NSE_EQ|INE584A01023,OK
nifty500,NMDC Ltd.,Metals & Mining,NMDC,EQ,INE584A01023,,0.719856,-1.235294,0.731941,-4.775408,5.690545,0.937838,2.439896,-7.215304,NSE_EQ|INE584A01023,OK
nifty200,NMDC Ltd.,Metals & Mining,NMDC,EQ,INE584A01023,,0.719856,-1.235294,0.731941,-4.775408,5.690545,0.937838,2.439896,-7.215304,NSE_EQ|INE584A01023,OK
niftylargemidcap250,AWL Agri Business Ltd.,Fast Moving Consumer Goods,AWL,EQ,INE699H01024,,-0.042391,-1.806257,-0.663507,-4.842615,-6.414645,-20.505689,2.439896,-7.282511,NSE_EQ|INE699H01024,OK
nifty500,AWL Agri Business Ltd.,Fast Moving Consumer Goods,AWL,EQ,INE699H01024,,-0.042391,-1.806257,-0.663507,-4.842615,-6.414645,-20.505689,2.439896,-7.282511,NSE_EQ|INE699H01024,OK
nifty500,NCC Ltd.,Construction,NCC,EQ,INE868B01028,,0.358243,-3.213101,1.684211,-4.888979,-7.806227,-12.696335,2.439896,-7.328875,NSE_EQ|INE868B01028,OK
nifty500,J.K. Cement Ltd.,Construction Materials,JKCEMENT,EQ,INE823G01014,,-0.189538,-1.542489,-8.608122,-5.057243,-5.947491,-4.791177,2.439896,-7.497139,NSE_EQ|INE823G01014,OK
niftyhousing,J.K. Cement Ltd.,CEMENT & CEMENT PRODUCTS,JKCEMENT,EQ,INE823G01014,,-0.189538,-1.542489,-8.608122,-5.057243,-5.947491,-4.791177,2.439896,-7.497139,NSE_EQ|INE823G01014,OK
niftylargemidcap250,J.K. Cement Ltd.,Construction Materials,JKCEMENT,EQ,INE823G01014,,-0.189538,-1.542489,-8.608122,-5.057243,-5.947491,-4.791177,2.439896,-7.497139,NSE_EQ|INE823G01014,OK
nifty200,National Aluminium Co. Ltd.,Metals & Mining,NATIONALUM,EQ,INE139A01034,,-0.245764,-3.72035,12.616822,-5.11811,10.392213,22.685332,2.439896,-7.558006,NSE_EQ|INE139A01034,OK
niftymetal,National Aluminium Co. Ltd.,Metals & Mining,NATIONALUM,EQ,INE139A01034,,-0.245764,-3.72035,12.616822,-5.11811,10.392213,22.685332,2.439896,-7.558006,NSE_EQ|INE139A01034,OK
nifty500,National Aluminium Co. Ltd.,Metals & Mining,NATIONALUM,EQ,INE139A01034,,-0.245764,-3.72035,12.616822,-5.11811,10.392213,22.685332,2.439896,-7.558006,NSE_EQ|INE139A01034,OK
niftylargemidcap250,National Aluminium Co. Ltd.,Metals & Mining,NATIONALUM,EQ,INE139A01034,,-0.245764,-3.72035,12.616822,-5.11811,10.392213,22.685332,2.439896,-7.558006,NSE_EQ|INE139A01034,OK
nifty500healthcare,Mankind Pharma Ltd.,Healthcare,MANKIND,EQ,INE634S01028,,-0.37594,-0.806854,-6.275789,-5.135038,15.748605,8.581835,2.439896,-7.574934,NSE_EQ|INE634S01028,OK
niftymidsmallhealthcare,Mankind Pharma Ltd.,Healthcare,MANKIND,EQ,INE634S01028,,-0.37594,-0.806854,-6.275789,-5.135038,15.748605,8.581835,2.439896,-7.574934,NSE_EQ|INE634S01028,OK
nifty200,Mankind Pharma Ltd.,Healthcare,MANKIND,EQ,INE634S01028,,-0.37594,-0.806854,-6.275789,-5.135038,15.748605,8.581835,2.439896,-7.574934,NSE_EQ|INE634S01028,OK
niftylargemidcap250,Mankind Pharma Ltd.,Healthcare,MANKIND,EQ,INE634S01028,,-0.37594,-0.806854,-6.275789,-5.135038,15.748605,8.581835,2.439896,-7.574934,NSE_EQ|INE634S01028,OK
niftypharma,Mankind Pharma Ltd.,Healthcare,MANKIND,EQ,INE634S01028,,-0.37594,-0.806854,-6.275789,-5.135038,15.748605,8.581835,2.439896,-7.574934,NSE_EQ|INE634S01028,OK
niftyhealthcare,Mankind Pharma Ltd.,Healthcare,MANKIND,EQ,INE634S01028,,-0.37594,-0.806854,-6.275789,-5.135038,15.748605,8.581835,2.439896,-7.574934,NSE_EQ|INE634S01028,OK
nifty500,Mankind Pharma Ltd.,Healthcare,MANKIND,EQ,INE634S01028,,-0.37594,-0.806854,-6.275789,-5.135038,15.748605,8.581835,2.439896,-7.574934,NSE_EQ|INE634S01028,OK
niftycpse,NBCC (India) Ltd.,Construction,NBCC,EQ,INE095N01031,,1.215736,-4.149017,-6.850327,-5.178898,-10.022431,-27.527306,2.439896,-7.618793,NSE_EQ|INE095N01031,OK
nifty500,NBCC (India) Ltd.,Construction,NBCC,EQ,INE095N01031,,1.215736,-4.149017,-6.850327,-5.178898,-10.022431,-27.527306,2.439896,-7.618793,NSE_EQ|INE095N01031,OK
niftylargemidcap250,Fortis Healthcare Ltd.,Healthcare,FORTIS,EQ,INE061F01013,,0.603533,1.175302,-3.479497,-5.220717,0.005454,3.710407,2.439896,-7.660613,NSE_EQ|INE061F01013,OK
niftymidsmallhealthcare,Fortis Healthcare Ltd.,Healthcare,FORTIS,EQ,INE061F01013,,0.603533,1.175302,-3.479497,-5.220717,0.005454,3.710407,2.439896,-7.660613,NSE_EQ|INE061F01013,OK
nifty500healthcare,Fortis Healthcare Ltd.,Healthcare,FORTIS,EQ,INE061F01013,,0.603533,1.175302,-3.479497,-5.220717,0.005454,3.710407,2.439896,-7.660613,NSE_EQ|INE061F01013,OK
niftyhealthcare,Fortis Healthcare Ltd.,Healthcare,FORTIS,EQ,INE061F01013,,0.603533,1.175302,-3.479497,-5.220717,0.005454,3.710407,2.439896,-7.660613,NSE_EQ|INE061F01013,OK
nifty200,Fortis Healthcare Ltd.,Healthcare,FORTIS,EQ,INE061F01013,,0.603533,1.175302,-3.479497,-5.220717,0.005454,3.710407,2.439896,-7.660613,NSE_EQ|INE061F01013,OK
nifty500,Fortis Healthcare Ltd.,Healthcare,FORTIS,EQ,INE061F01013,,0.603533,1.175302,-3.479497,-5.220717,0.005454,3.710407,2.439896,-7.660613,NSE_EQ|INE061F01013,OK
nifty500,Adani Ports and Special Economic Zone Ltd.,Services,ADANIPORTS,EQ,INE742F01042,,0.838338,2.291918,-6.782456,-5.425751,11.652403,15.389849,2.439896,-7.865647,NSE_EQ|INE742F01042,OK
niftylargemidcap250,Adani Ports and Special Economic Zone Ltd.,Services,ADANIPORTS,EQ,INE742F01042,,0.838338,2.291918,-6.782456,-5.425751,11.652403,15.389849,2.439896,-7.865647,NSE_EQ|INE742F01042,OK
niftyinfra,Adani Ports and Special Economic Zone Ltd.,Services,ADANIPORTS,EQ,INE742F01042,,0.838338,2.291918,-6.782456,-5.425751,11.652403,15.389849,2.439896,-7.865647,NSE_EQ|INE742F01042,OK
nifty50,Adani Ports and Special Economic Zone Ltd.,Services,ADANIPORTS,EQ,INE742F01042,,0.838338,2.291918,-6.782456,-5.425751,11.652403,15.389849,2.439896,-7.865647,NSE_EQ|INE742F01042,OK
nifty200,Adani Ports and Special Economic Zone Ltd.,Services,ADANIPORTS,EQ,INE742F01042,,0.838338,2.291918,-6.782456,-5.425751,11.652403,15.389849,2.439896,-7.865647,NSE_EQ|INE742F01042,OK
nifty500,Rashtriya Chemicals & Fertilizers Ltd.,Chemicals,RCF,EQ,INE027A01015,,-0.512476,-4.860609,-6.023331,-5.543591,-9.312299,-19.023523,2.439896,-7.983487,NSE_EQ|INE027A01015,OK
nifty200,LIC Housing Finance Ltd.,Financial Services,LICHSGFIN,EQ,INE115A01026,,2.22334,1.205179,-5.672113,-5.558137,0.078794,-5.838198,2.439896,-7.998033,NSE_EQ|INE115A01026,OK
niftyfinancialservicesexbank,LIC Housing Finance Ltd.,Financial Services,LICHSGFIN,EQ,INE115A01026,,2.22334,1.205179,-5.672113,-5.558137,0.078794,-5.838198,2.439896,-7.998033,NSE_EQ|INE115A01026,OK
niftyfinance,LIC Housing Finance Ltd.,Financial Services,LICHSGFIN,EQ,INE115A01026,,2.22334,1.205179,-5.672113,-5.558137,0.078794,-5.838198,2.439896,-7.998033,NSE_EQ|INE115A01026,OK
niftylargemidcap250,LIC Housing Finance Ltd.,Financial Services,LICHSGFIN,EQ,INE115A01026,,2.22334,1.205179,-5.672113,-5.558137,0.078794,-5.838198,2.439896,-7.998033,NSE_EQ|INE115A01026,OK
nifty500,LIC Housing Finance Ltd.,Financial Services,LICHSGFIN,EQ,INE115A01026,,2.22334,1.205179,-5.672113,-5.558137,0.078794,-5.838198,2.439896,-7.998033,NSE_EQ|INE115A01026,OK
niftyfinancialservices25-50,LIC Housing Finance Ltd.,Financial Services,LICHSGFIN,EQ,INE115A01026,,2.22334,1.205179,-5.672113,-5.558137,0.078794,-5.838198,2.439896,-7.998033,NSE_EQ|INE115A01026,OK
niftyhousing,LIC Housing Finance Ltd.,FINANCIAL SERVICES,LICHSGFIN,EQ,INE115A01026,,2.22334,1.205179,-5.672113,-5.558137,0.078794,-5.838198,2.439896,-7.998033,NSE_EQ|INE115A01026,OK
niftymidsmallfinancailservice,LIC Housing Finance Ltd.,Financial Services,LICHSGFIN,EQ,INE115A01026,,2.22334,1.205179,-5.672113,-5.558137,0.078794,-5.838198,2.439896,-7.998033,NSE_EQ|INE115A01026,OK
nifty500,Bombay Burmah Trading Corporation Ltd.,Fast Moving Consumer Goods,BBTC,EQ,INE050A01025,,-0.622837,-2.432396,-4.049178,-5.749541,-19.861599,-23.984966,2.439896,-8.189436,NSE_EQ|INE050A01025,OK
nifty500healthcare,Abbott India Ltd.,Healthcare,ABBOTINDIA,EQ,INE358A01014,,-1.079341,-5.430847,-9.619377,-5.755006,-1.284958,-10.008613,2.439896,-8.194902,NSE_EQ|INE358A01014,OK
nifty500,Abbott India Ltd.,Healthcare,ABBOTINDIA,EQ,INE358A01014,,-1.079341,-5.430847,-9.619377,-5.755006,-1.284958,-10.008613,2.439896,-8.194902,NSE_EQ|INE358A01014,OK
niftylargemidcap250,Abbott India Ltd.,Healthcare,ABBOTINDIA,EQ,INE358A01014,,-1.079341,-5.430847,-9.619377,-5.755006,-1.284958,-10.008613,2.439896,-8.194902,NSE_EQ|INE358A01014,OK
niftypharma,Abbott India Ltd.,Healthcare,ABBOTINDIA,EQ,INE358A01014,,-1.079341,-5.430847,-9.619377,-5.755006,-1.284958,-10.008613,2.439896,-8.194902,NSE_EQ|INE358A01014,OK
niftyhealthcare,Abbott India Ltd.,Healthcare,ABBOTINDIA,EQ,INE358A01014,,-1.079341,-5.430847,-9.619377,-5.755006,-1.284958,-10.008613,2.439896,-8.194902,NSE_EQ|INE358A01014,OK
niftymidsmallhealthcare,Abbott India Ltd.,Healthcare,ABBOTINDIA,EQ,INE358A01014,,-1.079341,-5.430847,-9.619377,-5.755006,-1.284958,-10.008613,2.439896,-8.194902,NSE_EQ|INE358A01014,OK
nifty200,Ambuja Cements Ltd.,Construction Materials,AMBUJACEM,EQ,INE079A01024,,0.858896,-2.002861,-4.5961,-5.831138,-20.877852,-26.12564,2.439896,-8.271033,NSE_EQ|INE079A01024,OK
niftynext50,Ambuja Cements Ltd.,Construction Materials,AMBUJACEM,EQ,INE079A01024,,0.858896,-2.002861,-4.5961,-5.831138,-20.877852,-26.12564,2.439896,-8.271033,NSE_EQ|INE079A01024,OK
niftylargemidcap250,Ambuja Cements Ltd.,Construction Materials,AMBUJACEM,EQ,INE079A01024,,0.858896,-2.002861,-4.5961,-5.831138,-20.877852,-26.12564,2.439896,-8.271033,NSE_EQ|INE079A01024,OK
niftyhousing,Ambuja Cements Ltd.,CEMENT & CEMENT PRODUCTS,AMBUJACEM,EQ,INE079A01024,,0.858896,-2.002861,-4.5961,-5.831138,-20.877852,-26.12564,2.439896,-8.271033,NSE_EQ|INE079A01024,OK
niftyinfra,Ambuja Cements Ltd.,Construction Materials,AMBUJACEM,EQ,INE079A01024,,0.858896,-2.002861,-4.5961,-5.831138,-20.877852,-26.12564,2.439896,-8.271033,NSE_EQ|INE079A01024,OK
nifty500,Ambuja Cements Ltd.,Construction Materials,AMBUJACEM,EQ,INE079A01024,,0.858896,-2.002861,-4.5961,-5.831138,-20.877852,-26.12564,2.439896,-8.271033,NSE_EQ|INE079A01024,OK
nifty500,Campus Activewear Ltd.,Consumer Durables,CAMPUS,EQ,INE278Y01022,,0.256134,1.43669,0.799675,-5.852815,-18.214809,-14.827257,2.439896,-8.29271,NSE_EQ|INE278Y01022,OK
niftymidsmallfinancailservice,Multi Commodity Exchange of India Ltd.,Financial Services,MCX,EQ,INE745G01043,,5.146317,5.252525,11.487571,-5.922716,33.555499,40.368208,2.439896,-8.362611,NSE_EQ|INE745G01043,OK
nifty500,Multi Commodity Exchange of India Ltd.,Financial Services,MCX,EQ,INE745G01043,,5.146317,5.252525,11.487571,-5.922716,33.555499,40.368208,2.439896,-8.362611,NSE_EQ|INE745G01043,OK
niftyfinancialservicesexbank,Multi Commodity Exchange of India Ltd.,Financial Services,MCX,EQ,INE745G01043,,5.146317,5.252525,11.487571,-5.922716,33.555499,40.368208,2.439896,-8.362611,NSE_EQ|INE745G01043,OK
nifty500,Bayer Cropscience Ltd.,Chemicals,BAYERCROP,EQ,INE462A01022,,-0.076169,-0.45528,-5.11654,-5.935144,-15.119386,-10.776656,2.439896,-8.375039,NSE_EQ|INE462A01022,OK
niftychemicals,Bayer Cropscience Ltd.,Chemicals,BAYERCROP,EQ,INE462A01022,,-0.076169,-0.45528,-5.11654,-5.935144,-15.119386,-10.776656,2.439896,-8.375039,NSE_EQ|INE462A01022,OK
nifty500,RHI MAGNESITA INDIA LTD.,Capital Goods,RHIM,EQ,INE743M01012,,-0.040011,-4.315077,-5.948049,-6.030592,-14.176114,-18.364013,2.439896,-8.470487,NSE_EQ|INE743M01012,OK
nifty500,EIH Ltd.,Consumer Services,EIHOTEL,EQ,INE230A01023,,0.755921,-0.24946,-9.573345,-6.134585,-9.190008,-18.56076,2.439896,-8.574481,NSE_EQ|INE230A01023,OK
niftyrealty,Sobha Ltd.,Realty,SOBHA,EQ,INE671H01015,,2.31536,-2.904812,-8.58345,-6.222574,-14.512427,-10.669499,2.439896,-8.66247,NSE_EQ|INE671H01015,OK
nifty500,Sobha Ltd.,Realty,SOBHA,EQ,INE671H01015,,2.31536,-2.904812,-8.58345,-6.222574,-14.512427,-10.669499,2.439896,-8.66247,NSE_EQ|INE671H01015,OK
nifty500,Finolex Industries Ltd.,Capital Goods,FINPIPE,EQ,INE183A01024,,0.221155,-2.038169,-3.42203,-6.236699,-15.959307,-8.850066,2.439896,-8.676595,NSE_EQ|INE183A01024,OK
nifty500,Schneider Electric Infrastructure Ltd.,Capital Goods,SCHNEIDER,BE,INE839M01018,,-0.893284,-9.897759,-7.42755,-6.240097,53.086116,71.890995,2.439896,-8.679992,NSE_EQ|INE839M01018,OK
niftylargemidcap250,Hindalco Industries Ltd.,Metals & Mining,HINDALCO,EQ,INE038A01020,,-0.875884,-1.567503,8.405263,-6.317657,13.294829,16.14413,2.439896,-8.757552,NSE_EQ|INE038A01020,OK
nifty50,Hindalco Industries Ltd.,Metals & Mining,HINDALCO,EQ,INE038A01020,,-0.875884,-1.567503,8.405263,-6.317657,13.294829,16.14413,2.439896,-8.757552,NSE_EQ|INE038A01020,OK
nifty200,Hindalco Industries Ltd.,Metals & Mining,HINDALCO,EQ,INE038A01020,,-0.875884,-1.567503,8.405263,-6.317657,13.294829,16.14413,2.439896,-8.757552,NSE_EQ|INE038A01020,OK
nifty500,Hindalco Industries Ltd.,Metals & Mining,HINDALCO,EQ,INE038A01020,,-0.875884,-1.567503,8.405263,-6.317657,13.294829,16.14413,2.439896,-8.757552,NSE_EQ|INE038A01020,OK
niftymetal,Hindalco Industries Ltd.,Metals & Mining,HINDALCO,EQ,INE038A01020,,-0.875884,-1.567503,8.405263,-6.317657,13.294829,16.14413,2.439896,-8.757552,NSE_EQ|INE038A01020,OK
niftylargemidcap250,Jindal Steel Ltd.,Metals & Mining,JINDALSTEL,EQ,INE749A01030,,0.349776,1.72743,7.07177,-6.509024,-5.554149,6.177643,2.439896,-8.94892,NSE_EQ|INE749A01030,OK
nifty200,Jindal Steel Ltd.,Metals & Mining,JINDALSTEL,EQ,INE749A01030,,0.349776,1.72743,7.07177,-6.509024,-5.554149,6.177643,2.439896,-8.94892,NSE_EQ|INE749A01030,OK
niftynext50,Jindal Steel Ltd.,Metals & Mining,JINDALSTEL,EQ,INE749A01030,,0.349776,1.72743,7.07177,-6.509024,-5.554149,6.177643,2.439896,-8.94892,NSE_EQ|INE749A01030,OK
niftymetal,Jindal Steel Ltd.,Metals & Mining,JINDALSTEL,EQ,INE749A01030,,0.349776,1.72743,7.07177,-6.509024,-5.554149,6.177643,2.439896,-8.94892,NSE_EQ|INE749A01030,OK
nifty500,Jindal Steel Ltd.,Metals & Mining,JINDALSTEL,EQ,INE749A01030,,0.349776,1.72743,7.07177,-6.509024,-5.554149,6.177643,2.439896,-8.94892,NSE_EQ|INE749A01030,OK
niftyhousing,Jindal Steel & Power Ltd.,METALS,JINDALSTEL,EQ,INE749A01030,,0.349776,1.72743,7.07177,-6.509024,-5.554149,6.177643,2.439896,-8.94892,NSE_EQ|INE749A01030,OK
niftyindiarailwayspsu,Hindustan Petroleum Corporation Ltd.,Oil Gas & Consumable Fuels,HINDPETRO,EQ,INE094A01015,,-0.886888,-7.559175,-8.097166,-6.584362,-19.324745,-27.221721,2.439896,-9.024258,NSE_EQ|INE094A01015,OK
nifty500,Hindustan Petroleum Corporation Ltd.,Oil Gas & Consumable Fuels,HINDPETRO,EQ,INE094A01015,,-0.886888,-7.559175,-8.097166,-6.584362,-19.324745,-27.221721,2.439896,-9.024258,NSE_EQ|INE094A01015,OK
niftyinfra,Hindustan Petroleum Corporation Ltd.,Oil Gas & Consumable Fuels,HINDPETRO,EQ,INE094A01015,,-0.886888,-7.559175,-8.097166,-6.584362,-19.324745,-27.221721,2.439896,-9.024258,NSE_EQ|INE094A01015,OK
niftyoilgas,Hindustan Petroleum Corporation Ltd.,Oil Gas & Consumable Fuels,HINDPETRO,EQ,INE094A01015,,-0.886888,-7.559175,-8.097166,-6.584362,-19.324745,-27.221721,2.439896,-9.024258,NSE_EQ|INE094A01015,OK
nifty200,Hindustan Petroleum Corporation Ltd.,Oil Gas & Consumable Fuels,HINDPETRO,EQ,INE094A01015,,-0.886888,-7.559175,-8.097166,-6.584362,-19.324745,-27.221721,2.439896,-9.024258,NSE_EQ|INE094A01015,OK
niftyenergy,Hindustan Petroleum Corporation Ltd.,Oil Gas & Consumable Fuels,HINDPETRO,EQ,INE094A01015,,-0.886888,-7.559175,-8.097166,-6.584362,-19.324745,-27.221721,2.439896,-9.024258,NSE_EQ|INE094A01015,OK
niftylargemidcap250,Hindustan Petroleum Corporation Ltd.,Oil Gas & Consumable Fuels,HINDPETRO,EQ,INE094A01015,,-0.886888,-7.559175,-8.097166,-6.584362,-19.324745,-27.221721,2.439896,-9.024258,NSE_EQ|INE094A01015,OK
nifty500,Alok Industries Ltd.,Textiles,ALOKINDS,EQ,INE270A01029,,1.405975,-1.451751,-4.152824,-6.785137,-23.576159,-28.009981,2.439896,-9.225033,NSE_EQ|INE270A01029,OK
nifty500,Transformers And Rectifiers (India) Ltd.,Capital Goods,TARIL,EQ,INE763I01026,,-2.094421,-2.34589,-7.162624,-6.813725,5.17871,-0.035057,2.439896,-9.253621,NSE_EQ|INE763I01026,OK
niftymidsmallhealthcare,Narayana Hrudayalaya Ltd.,Healthcare,NH,EQ,INE410P01011,,0.761606,-1.731294,-8.572154,-6.815475,-1.126497,-4.899577,2.439896,-9.25537,NSE_EQ|INE410P01011,OK
nifty500healthcare,Narayana Hrudayalaya Ltd.,Healthcare,NH,EQ,INE410P01011,,0.761606,-1.731294,-8.572154,-6.815475,-1.126497,-4.899577,2.439896,-9.25537,NSE_EQ|INE410P01011,OK
nifty500,Narayana Hrudayalaya Ltd.,Healthcare,NH,EQ,INE410P01011,,0.761606,-1.731294,-8.572154,-6.815475,-1.126497,-4.899577,2.439896,-9.25537,NSE_EQ|INE410P01011,OK
nifty500,Godrej Consumer Products Ltd.,Fast Moving Consumer Goods,GODREJCP,EQ,INE102D01028,,1.827957,1.078023,-11.395958,-6.910449,-20.779655,-22.516773,2.439896,-9.350345,NSE_EQ|INE102D01028,OK
nifty200,Godrej Consumer Products Ltd.,Fast Moving Consumer Goods,GODREJCP,EQ,INE102D01028,,1.827957,1.078023,-11.395958,-6.910449,-20.779655,-22.516773,2.439896,-9.350345,NSE_EQ|INE102D01028,OK
niftynext50,Godrej Consumer Products Ltd.,Fast Moving Consumer Goods,GODREJCP,EQ,INE102D01028,,1.827957,1.078023,-11.395958,-6.910449,-20.779655,-22.516773,2.439896,-9.350345,NSE_EQ|INE102D01028,OK
niftylargemidcap250,Godrej Consumer Products Ltd.,Fast Moving Consumer Goods,GODREJCP,EQ,INE102D01028,,1.827957,1.078023,-11.395958,-6.910449,-20.779655,-22.516773,2.439896,-9.350345,NSE_EQ|INE102D01028,OK
niftyfmcg,Godrej Consumer Products Ltd.,Fast Moving Consumer Goods,GODREJCP,EQ,INE102D01028,,1.827957,1.078023,-11.395958,-6.910449,-20.779655,-22.516773,2.439896,-9.350345,NSE_EQ|INE102D01028,OK
nifty50,Hindustan Unilever Ltd.,Fast Moving Consumer Goods,HINDUNILVR,EQ,INE030A01027,,0.361261,-3.059273,-5.875801,-6.929784,-12.024987,-12.431452,2.439896,-9.36968,NSE_EQ|INE030A01027,OK
nifty500,Hindustan Unilever Ltd.,Fast Moving Consumer Goods,HINDUNILVR,EQ,INE030A01027,,0.361261,-3.059273,-5.875801,-6.929784,-12.024987,-12.431452,2.439896,-9.36968,NSE_EQ|INE030A01027,OK
nifty200,Hindustan Unilever Ltd.,Fast Moving Consumer Goods,HINDUNILVR,EQ,INE030A01027,,0.361261,-3.059273,-5.875801,-6.929784,-12.024987,-12.431452,2.439896,-9.36968,NSE_EQ|INE030A01027,OK
niftyfmcg,Hindustan Unilever Ltd.,Fast Moving Consumer Goods,HINDUNILVR,EQ,INE030A01027,,0.361261,-3.059273,-5.875801,-6.929784,-12.024987,-12.431452,2.439896,-9.36968,NSE_EQ|INE030A01027,OK
niftylargemidcap250,Hindustan Unilever Ltd.,Fast Moving Consumer Goods,HINDUNILVR,EQ,INE030A01027,,0.361261,-3.059273,-5.875801,-6.929784,-12.024987,-12.431452,2.439896,-9.36968,NSE_EQ|INE030A01027,OK
nifty500,Afcons Infrastructure Ltd.,Construction,AFCONS,EQ,INE101I01011,,0.809498,3.166421,-3.362649,-6.956666,-15.665914,-27.578186,2.439896,-9.396562,NSE_EQ|INE101I01011,OK
niftyenergy,Adani Power Ltd.,Power,ADANIPOWER,EQ,INE814H01029,,-0.009803,-1.018923,-5.969117,-6.989468,45.818442,42.667319,2.439896,-9.429364,NSE_EQ|INE814H01029,OK
niftylargemidcap250,Adani Power Ltd.,Power,ADANIPOWER,EQ,INE814H01029,,-0.009803,-1.018923,-5.969117,-6.989468,45.818442,42.667319,2.439896,-9.429364,NSE_EQ|INE814H01029,OK
niftynext50,Adani Power Ltd.,Power,ADANIPOWER,EQ,INE814H01029,,-0.009803,-1.018923,-5.969117,-6.989468,45.818442,42.667319,2.439896,-9.429364,NSE_EQ|INE814H01029,OK
nifty500,Adani Power Ltd.,Power,ADANIPOWER,EQ,INE814H01029,,-0.009803,-1.018923,-5.969117,-6.989468,45.818442,42.667319,2.439896,-9.429364,NSE_EQ|INE814H01029,OK
nifty200,Adani Power Ltd.,Power,ADANIPOWER,EQ,INE814H01029,,-0.009803,-1.018923,-5.969117,-6.989468,45.818442,42.667319,2.439896,-9.429364,NSE_EQ|INE814H01029,OK
niftyhousing,Bank of Baroda,FINANCIAL SERVICES,BANKBARODA,EQ,INE028A01039,,-0.204082,-1.41129,-0.508647,-7.069555,-14.941729,-17.370733,2.439896,-9.509451,NSE_EQ|INE028A01039,OK
niftybank,Bank of Baroda,Financial Services,BANKBARODA,EQ,INE028A01039,,-0.204082,-1.41129,-0.508647,-7.069555,-14.941729,-17.370733,2.439896,-9.509451,NSE_EQ|INE028A01039,OK
niftynext50,Bank of Baroda,Financial Services,BANKBARODA,EQ,INE028A01039,,-0.204082,-1.41129,-0.508647,-7.069555,-14.941729,-17.370733,2.439896,-9.509451,NSE_EQ|INE028A01039,OK
nifty200,Bank of Baroda,Financial Services,BANKBARODA,EQ,INE028A01039,,-0.204082,-1.41129,-0.508647,-7.069555,-14.941729,-17.370733,2.439896,-9.509451,NSE_EQ|INE028A01039,OK
nifty500,Bank of Baroda,Financial Services,BANKBARODA,EQ,INE028A01039,,-0.204082,-1.41129,-0.508647,-7.069555,-14.941729,-17.370733,2.439896,-9.509451,NSE_EQ|INE028A01039,OK
niftypsubank,Bank of Baroda,Financial Services,BANKBARODA,EQ,INE028A01039,,-0.204082,-1.41129,-0.508647,-7.069555,-14.941729,-17.370733,2.439896,-9.509451,NSE_EQ|INE028A01039,OK
niftylargemidcap250,Bank of Baroda,Financial Services,BANKBARODA,EQ,INE028A01039,,-0.204082,-1.41129,-0.508647,-7.069555,-14.941729,-17.370733,2.439896,-9.509451,NSE_EQ|INE028A01039,OK
niftylargemidcap250,General Insurance Corporation of India,Financial Services,GICRE,EQ,INE481Y01014,,0.055617,3.331419,-0.456495,-7.327753,-7.885305,-5.514706,2.439896,-9.767648,NSE_EQ|INE481Y01014,OK
nifty500,General Insurance Corporation of India,Financial Services,GICRE,EQ,INE481Y01014,,0.055617,3.331419,-0.456495,-7.327753,-7.885305,-5.514706,2.439896,-9.767648,NSE_EQ|INE481Y01014,OK
nifty200,Page Industries Ltd.,Textiles,PAGEIND,EQ,INE761H01022,,0.751986,-2.779299,-10.836263,-7.490881,5.890248,-1.498127,2.439896,-9.930776,NSE_EQ|INE761H01022,OK
nifty500,Page Industries Ltd.,Textiles,PAGEIND,EQ,INE761H01022,,0.751986,-2.779299,-10.836263,-7.490881,5.890248,-1.498127,2.439896,-9.930776,NSE_EQ|INE761H01022,OK
niftylargemidcap250,Page Industries Ltd.,Textiles,PAGEIND,EQ,INE761H01022,,0.751986,-2.779299,-10.836263,-7.490881,5.890248,-1.498127,2.439896,-9.930776,NSE_EQ|INE761H01022,OK
nifty500,Force Motors Ltd.,Automobile and Auto Components,FORCEMOT,EQ,INE451A01017,,0.269104,-3.454791,2.681134,-7.518486,-24.988466,-13.036079,2.439896,-9.958382,NSE_EQ|INE451A01017,OK
niftyevnewageautomotive,Force Motors Ltd.,Automobile and Auto Components,FORCEMOT,EQ,INE451A01017,,0.269104,-3.454791,2.681134,-7.518486,-24.988466,-13.036079,2.439896,-9.958382,NSE_EQ|INE451A01017,OK
niftyhousing,Kansai Nerolac Paints Ltd.,CONSUMER GOODS,KANSAINER,EQ,INE531A01024,,0.069524,-3.639059,1.302031,-7.551498,0.739889,-14.41495,2.439896,-9.991394,NSE_EQ|INE531A01024,OK
niftychemicals,Atul Ltd.,Chemicals,ATUL,EQ,INE100A01010,,-1.29624,-5.685934,6.077393,-7.744084,-1.869018,6.016935,2.439896,-10.18398,NSE_EQ|INE100A01010,OK
nifty500,Atul Ltd.,Chemicals,ATUL,EQ,INE100A01010,,-1.29624,-5.685934,6.077393,-7.744084,-1.869018,6.016935,2.439896,-10.18398,NSE_EQ|INE100A01010,OK
niftylargemidcap250,Indian Railway Catering And Tourism Corporation Ltd.,Consumer Services,IRCTC,EQ,INE335Y01020,,-0.501689,-3.677272,-1.649631,-7.825097,-21.311741,-29.024248,2.439896,-10.264993,NSE_EQ|INE335Y01020,OK
niftyindiadigital,Indian Railway Catering And Tourism Corporation Ltd.,Consumer Services,IRCTC,EQ,INE335Y01020,,-0.501689,-3.677272,-1.649631,-7.825097,-21.311741,-29.024248,2.439896,-10.264993,NSE_EQ|INE335Y01020,OK
nifty500,Indian Railway Catering And Tourism Corporation Ltd.,Consumer Services,IRCTC,EQ,INE335Y01020,,-0.501689,-3.677272,-1.649631,-7.825097,-21.311741,-29.024248,2.439896,-10.264993,NSE_EQ|INE335Y01020,OK
nifty200,Indian Railway Catering And Tourism Corporation Ltd.,Consumer Services,IRCTC,EQ,INE335Y01020,,-0.501689,-3.677272,-1.649631,-7.825097,-21.311741,-29.024248,2.439896,-10.264993,NSE_EQ|INE335Y01020,OK
niftyindiarailwayspsu,Indian Railway Catering And Tourism Corporation Ltd.,Consumer Services,IRCTC,EQ,INE335Y01020,,-0.501689,-3.677272,-1.649631,-7.825097,-21.311741,-29.024248,2.439896,-10.264993,NSE_EQ|INE335Y01020,OK
Nifty India Internet Index,Indian Railway Catering And Tourism Corporation Ltd.,Consumer Services,IRCTC,EQ,INE335Y01020,,-0.501689,-3.677272,-1.649631,-7.825097,-21.311741,-29.024248,2.439896,-10.264993,NSE_EQ|INE335Y01020,OK
niftyenergy,Jaiprakash Power Ventures Ltd.,Power,JPPOWER,EQ,INE351F01018,,0.411039,-2.508552,-1.554404,-7.866379,14.381271,-0.465658,2.439896,-10.306275,NSE_EQ|INE351F01018,OK
nifty500,Jaiprakash Power Ventures Ltd.,Power,JPPOWER,EQ,INE351F01018,,0.411039,-2.508552,-1.554404,-7.866379,14.381271,-0.465658,2.439896,-10.306275,NSE_EQ|INE351F01018,OK
niftymedia,Sun TV Network Ltd.,Media Entertainment & Publication,SUNTV,EQ,INE424H01027,,-0.696611,-2.121336,-2.699674,-7.942169,-17.149549,-18.721811,2.439896,-10.382064,NSE_EQ|INE424H01027,OK
nifty500,Sun TV Network Ltd.,Media Entertainment & Publication,SUNTV,EQ,INE424H01027,,-0.696611,-2.121336,-2.699674,-7.942169,-17.149549,-18.721811,2.439896,-10.382064,NSE_EQ|INE424H01027,OK
niftylargemidcap250,Linde India Ltd.,Chemicals,LINDEINDIA,EQ,INE473A01011,,-0.111899,0.097182,-2.127037,-7.991479,-2.971014,12.417093,2.439896,-10.431375,NSE_EQ|INE473A01011,OK
niftychemicals,Linde India Ltd.,Chemicals,LINDEINDIA,EQ,INE473A01011,,-0.111899,0.097182,-2.127037,-7.991479,-2.971014,12.417093,2.439896,-10.431375,NSE_EQ|INE473A01011,OK
nifty500,Linde India Ltd.,Chemicals,LINDEINDIA,EQ,INE473A01011,,-0.111899,0.097182,-2.127037,-7.991479,-2.971014,12.417093,2.439896,-10.431375,NSE_EQ|INE473A01011,OK
nifty200,Hitachi Energy India Ltd.,Capital Goods,POWERINDIA,EQ,INE07Y701011,,-0.857988,-5.2319,4.539073,-8.065844,49.478098,83.014746,2.439896,-10.505739,NSE_EQ|INE07Y701011,OK
niftylargemidcap250,Hitachi Energy India Ltd.,Capital Goods,POWERINDIA,EQ,INE07Y701011,,-0.857988,-5.2319,4.539073,-8.065844,49.478098,83.014746,2.439896,-10.505739,NSE_EQ|INE07Y701011,OK
niftyenergy,Hitachi Energy India Ltd.,Capital Goods,POWERINDIA,EQ,INE07Y701011,,-0.857988,-5.2319,4.539073,-8.065844,49.478098,83.014746,2.439896,-10.505739,NSE_EQ|INE07Y701011,OK
nifty500,Hitachi Energy India Ltd.,Capital Goods,POWERINDIA,EQ,INE07Y701011,,-0.857988,-5.2319,4.539073,-8.065844,49.478098,83.014746,2.439896,-10.505739,NSE_EQ|INE07Y701011,OK
nifty500,India Cements Ltd.,Construction Materials,INDIACEM,EQ,INE383A01012,,0.256965,-2.971204,-9.520322,-8.09571,-16.208884,-14.842045,2.439896,-10.535606,NSE_EQ|INE383A01012,OK
nifty500,Praj Industries Ltd.,Capital Goods,PRAJIND,EQ,INE074A01025,,5.271659,11.475665,9.768795,-8.195672,16.210083,11.112833,2.439896,-10.635567,NSE_EQ|INE074A01025,OK
nifty500,Ventive Hospitality Ltd.,Consumer Services,VENTIVE,EQ,INE781S01027,,-2.087772,-2.370635,-6.623324,-8.343969,-23.241365,-24.695242,2.439896,-10.783865,NSE_EQ|INE781S01027,OK
nifty500,Valor Estate Ltd.,Consumer Services,DBREALTY,EQ,INE879I01012,,2.858827,-7.25485,-8.149838,-8.390935,-16.085597,-11.675384,2.439896,-10.830831,NSE_EQ|INE879I01012,OK
niftypsubank,Central Bank of India,Financial Services,CENTRALBK,EQ,INE483A01010,,0.517632,-0.924745,-0.35279,-8.402123,-15.753796,-16.925134,2.439896,-10.842018,NSE_EQ|INE483A01010,OK
nifty500,Central Bank of India,Financial Services,CENTRALBK,EQ,INE483A01010,,0.517632,-0.924745,-0.35279,-8.402123,-15.753796,-16.925134,2.439896,-10.842018,NSE_EQ|INE483A01010,OK
nifty500,Nava Ltd.,Power,NAVA,EQ,INE725A01030,,1.374727,-4.198572,-2.521229,-8.466913,0.414826,-1.876983,2.439896,-10.906809,NSE_EQ|INE725A01030,OK
nifty500,Max Healthcare Institute Ltd.,Healthcare,MAXHEALTH,EQ,INE027H01010,,0.090271,-1.519787,-7.687327,-8.541839,-5.286636,-4.516314,2.439896,-10.981734,NSE_EQ|INE027H01010,OK
nifty50,Max Healthcare Institute Ltd.,Healthcare,MAXHEALTH,EQ,INE027H01010,,0.090271,-1.519787,-7.687327,-8.541839,-5.286636,-4.516314,2.439896,-10.981734,NSE_EQ|INE027H01010,OK
niftyinfra,Max Healthcare Institute Ltd.,Healthcare,MAXHEALTH,EQ,INE027H01010,,0.090271,-1.519787,-7.687327,-8.541839,-5.286636,-4.516314,2.439896,-10.981734,NSE_EQ|INE027H01010,OK
nifty200,Max Healthcare Institute Ltd.,Healthcare,MAXHEALTH,EQ,INE027H01010,,0.090271,-1.519787,-7.687327,-8.541839,-5.286636,-4.516314,2.439896,-10.981734,NSE_EQ|INE027H01010,OK
niftyhealthcare,Max Healthcare Institute Ltd.,Healthcare,MAXHEALTH,EQ,INE027H01010,,0.090271,-1.519787,-7.687327,-8.541839,-5.286636,-4.516314,2.439896,-10.981734,NSE_EQ|INE027H01010,OK
nifty500healthcare,Max Healthcare Institute Ltd.,Healthcare,MAXHEALTH,EQ,INE027H01010,,0.090271,-1.519787,-7.687327,-8.541839,-5.286636,-4.516314,2.439896,-10.981734,NSE_EQ|INE027H01010,OK
niftylargemidcap250,Max Healthcare Institute Ltd.,Healthcare,MAXHEALTH,EQ,INE027H01010,,0.090271,-1.519787,-7.687327,-8.541839,-5.286636,-4.516314,2.439896,-10.981734,NSE_EQ|INE027H01010,OK
niftynext50,Tata Power Co. Ltd.,Power,TATAPOWER,EQ,INE245A01021,,-0.963315,-1.972309,-0.871747,-8.587089,0.307404,-1.145943,2.439896,-11.026985,NSE_EQ|INE245A01021,OK
nifty500,Tata Power Co. Ltd.,Power,TATAPOWER,EQ,INE245A01021,,-0.963315,-1.972309,-0.871747,-8.587089,0.307404,-1.145943,2.439896,-11.026985,NSE_EQ|INE245A01021,OK
nifty200,Tata Power Co. Ltd.,Power,TATAPOWER,EQ,INE245A01021,,-0.963315,-1.972309,-0.871747,-8.587089,0.307404,-1.145943,2.439896,-11.026985,NSE_EQ|INE245A01021,OK
niftyinfra,Tata Power Co. Ltd.,Power,TATAPOWER,EQ,INE245A01021,,-0.963315,-1.972309,-0.871747,-8.587089,0.307404,-1.145943,2.439896,-11.026985,NSE_EQ|INE245A01021,OK
niftyenergy,Tata Power Co. Ltd.,Power,TATAPOWER,EQ,INE245A01021,,-0.963315,-1.972309,-0.871747,-8.587089,0.307404,-1.145943,2.439896,-11.026985,NSE_EQ|INE245A01021,OK
niftyhousing,Tata Power Co. Ltd.,POWER,TATAPOWER,EQ,INE245A01021,,-0.963315,-1.972309,-0.871747,-8.587089,0.307404,-1.145943,2.439896,-11.026985,NSE_EQ|INE245A01021,OK
niftylargemidcap250,Tata Power Co. Ltd.,Power,TATAPOWER,EQ,INE245A01021,,-0.963315,-1.972309,-0.871747,-8.587089,0.307404,-1.145943,2.439896,-11.026985,NSE_EQ|INE245A01021,OK
nifty200,Hindustan Zinc Ltd.,Metals & Mining,HINDZINC,EQ,INE267A01025,,3.034111,-0.76943,7.190885,-8.621925,-3.196424,-6.294391,2.439896,-11.061821,NSE_EQ|INE267A01025,OK
niftylargemidcap250,Hindustan Zinc Ltd.,Metals & Mining,HINDZINC,EQ,INE267A01025,,3.034111,-0.76943,7.190885,-8.621925,-3.196424,-6.294391,2.439896,-11.061821,NSE_EQ|INE267A01025,OK
niftynext50,Hindustan Zinc Ltd.,Metals & Mining,HINDZINC,EQ,INE267A01025,,3.034111,-0.76943,7.190885,-8.621925,-3.196424,-6.294391,2.439896,-11.061821,NSE_EQ|INE267A01025,OK
niftymetal,Hindustan Zinc Ltd.,Metals & Mining,HINDZINC,EQ,INE267A01025,,3.034111,-0.76943,7.190885,-8.621925,-3.196424,-6.294391,2.439896,-11.061821,NSE_EQ|INE267A01025,OK
nifty500,Hindustan Zinc Ltd.,Metals & Mining,HINDZINC,EQ,INE267A01025,,3.034111,-0.76943,7.190885,-8.621925,-3.196424,-6.294391,2.439896,-11.061821,NSE_EQ|INE267A01025,OK
nifty500,Bikaji Foods International Ltd.,Fast Moving Consumer Goods,BIKAJI,EQ,INE00E101023,,-0.352951,-1.604798,-4.59725,-8.646249,-5.119187,-19.045079,2.439896,-11.086144,NSE_EQ|INE00E101023,OK
niftyprivatebank,Bandhan Bank Ltd.,Financial Services,BANDHANBNK,EQ,INE545U01014,,2.931442,-0.989198,0.380403,-8.85493,5.270793,19.43492,2.439896,-11.294826,NSE_EQ|INE545U01014,OK
niftyhousing,Bandhan Bank Ltd.,FINANCIAL SERVICES,BANDHANBNK,EQ,INE545U01014,,2.931442,-0.989198,0.380403,-8.85493,5.270793,19.43492,2.439896,-11.294826,NSE_EQ|INE545U01014,OK
nifty500,Bandhan Bank Ltd.,Financial Services,BANDHANBNK,EQ,INE545U01014,,2.931442,-0.989198,0.380403,-8.85493,5.270793,19.43492,2.439896,-11.294826,NSE_EQ|INE545U01014,OK
niftymidsmallfinancailservice,Bandhan Bank Ltd.,Financial Services,BANDHANBNK,EQ,INE545U01014,,2.931442,-0.989198,0.380403,-8.85493,5.270793,19.43492,2.439896,-11.294826,NSE_EQ|INE545U01014,OK
nifty200,Godfrey Phillips India Ltd.,Fast Moving Consumer Goods,GODFRYPHLP,EQ,INE260B01028,,-0.684737,-2.634259,1.481374,-9.039401,1.023153,-23.864171,2.439896,-11.479297,NSE_EQ|INE260B01028,OK
niftylargemidcap250,Godfrey Phillips India Ltd.,Fast Moving Consumer Goods,GODFRYPHLP,EQ,INE260B01028,,-0.684737,-2.634259,1.481374,-9.039401,1.023153,-23.864171,2.439896,-11.479297,NSE_EQ|INE260B01028,OK
nifty500,Godfrey Phillips India Ltd.,Fast Moving Consumer Goods,GODFRYPHLP,EQ,INE260B01028,,-0.684737,-2.634259,1.481374,-9.039401,1.023153,-23.864171,2.439896,-11.479297,NSE_EQ|INE260B01028,OK
niftylargemidcap250,UPL Ltd.,Chemicals,UPL,EQ,INE628A01036,,0.68662,0.660037,-6.068818,-9.077901,-21.041005,-28.076464,2.439896,-11.517797,NSE_EQ|INE628A01036,OK
nifty500,UPL Ltd.,Chemicals,UPL,EQ,INE628A01036,,0.68662,0.660037,-6.068818,-9.077901,-21.041005,-28.076464,2.439896,-11.517797,NSE_EQ|INE628A01036,OK
niftychemicals,UPL Ltd.,Chemicals,UPL,EQ,INE628A01036,,0.68662,0.660037,-6.068818,-9.077901,-21.041005,-28.076464,2.439896,-11.517797,NSE_EQ|INE628A01036,OK
nifty200,UPL Ltd.,Chemicals,UPL,EQ,INE628A01036,,0.68662,0.660037,-6.068818,-9.077901,-21.041005,-28.076464,2.439896,-11.517797,NSE_EQ|INE628A01036,OK
nifty500,HBL Engineering Ltd.,Capital Goods,HBLENGINE,EQ,INE292B01021,,6.109995,2.864151,0.042099,-9.103659,-6.517178,-23.06281,2.439896,-11.543555,NSE_EQ|INE292B01021,OK
nifty200,Blue Star Ltd.,Consumer Durables,BLUESTARCO,EQ,INE472A01039,,1.1251,-0.264201,-9.074487,-9.172932,-24.394152,-12.752066,2.439896,-11.612828,NSE_EQ|INE472A01039,OK
nifty500,Blue Star Ltd.,Consumer Durables,BLUESTARCO,EQ,INE472A01039,,1.1251,-0.264201,-9.074487,-9.172932,-24.394152,-12.752066,2.439896,-11.612828,NSE_EQ|INE472A01039,OK
niftylargemidcap250,Blue Star Ltd.,Consumer Durables,BLUESTARCO,EQ,INE472A01039,,1.1251,-0.264201,-9.074487,-9.172932,-24.394152,-12.752066,2.439896,-11.612828,NSE_EQ|INE472A01039,OK
niftyconsumerdurables,Blue Star Ltd.,Consumer Durables,BLUESTARCO,EQ,INE472A01039,,1.1251,-0.264201,-9.074487,-9.172932,-24.394152,-12.752066,2.439896,-11.612828,NSE_EQ|INE472A01039,OK
niftymidsmallfinancailservice,Muthoot Finance Ltd.,Financial Services,MUTHOOTFIN,EQ,INE414G01012,,3.882476,3.279202,-2.161023,-9.249244,-17.180224,-22.082011,2.439896,-11.689139,NSE_EQ|INE414G01012,OK
niftylargemidcap250,Muthoot Finance Ltd.,Financial Services,MUTHOOTFIN,EQ,INE414G01012,,3.882476,3.279202,-2.161023,-9.249244,-17.180224,-22.082011,2.439896,-11.689139,NSE_EQ|INE414G01012,OK
niftyfinancialservices25-50,Muthoot Finance Ltd.,Financial Services,MUTHOOTFIN,EQ,INE414G01012,,3.882476,3.279202,-2.161023,-9.249244,-17.180224,-22.082011,2.439896,-11.689139,NSE_EQ|INE414G01012,OK
niftyfinancialservicesexbank,Muthoot Finance Ltd.,Financial Services,MUTHOOTFIN,EQ,INE414G01012,,3.882476,3.279202,-2.161023,-9.249244,-17.180224,-22.082011,2.439896,-11.689139,NSE_EQ|INE414G01012,OK
niftyfinance,Muthoot Finance Ltd.,Financial Services,MUTHOOTFIN,EQ,INE414G01012,,3.882476,3.279202,-2.161023,-9.249244,-17.180224,-22.082011,2.439896,-11.689139,NSE_EQ|INE414G01012,OK
nifty200,Muthoot Finance Ltd.,Financial Services,MUTHOOTFIN,EQ,INE414G01012,,3.882476,3.279202,-2.161023,-9.249244,-17.180224,-22.082011,2.439896,-11.689139,NSE_EQ|INE414G01012,OK
nifty500,Muthoot Finance Ltd.,Financial Services,MUTHOOTFIN,EQ,INE414G01012,,3.882476,3.279202,-2.161023,-9.249244,-17.180224,-22.082011,2.439896,-11.689139,NSE_EQ|INE414G01012,OK
nifty500,Sarda Energy and Minerals Ltd.,Metals & Mining,SARDAEN,EQ,INE385C01021,,-0.527292,-2.665775,1.992391,-9.37639,1.363184,-2.15157,2.439896,-11.816286,NSE_EQ|INE385C01021,OK
niftyindiadigital,Wipro Ltd.,Information Technology,WIPRO,EQ,INE075A01022,,0.807574,-1.146914,3.760605,-9.382197,-15.456117,-31.251899,2.439896,-11.822093,NSE_EQ|INE075A01022,OK
niftyit,Wipro Ltd.,Information Technology,WIPRO,EQ,INE075A01022,,0.807574,-1.146914,3.760605,-9.382197,-15.456117,-31.251899,2.439896,-11.822093,NSE_EQ|INE075A01022,OK
nifty200,Wipro Ltd.,Information Technology,WIPRO,EQ,INE075A01022,,0.807574,-1.146914,3.760605,-9.382197,-15.456117,-31.251899,2.439896,-11.822093,NSE_EQ|INE075A01022,OK
niftylargemidcap250,Wipro Ltd.,Information Technology,WIPRO,EQ,INE075A01022,,0.807574,-1.146914,3.760605,-9.382197,-15.456117,-31.251899,2.439896,-11.822093,NSE_EQ|INE075A01022,OK
nifty50,Wipro Ltd.,Information Technology,WIPRO,EQ,INE075A01022,,0.807574,-1.146914,3.760605,-9.382197,-15.456117,-31.251899,2.439896,-11.822093,NSE_EQ|INE075A01022,OK
nifty500,Wipro Ltd.,Information Technology,WIPRO,EQ,INE075A01022,,0.807574,-1.146914,3.760605,-9.382197,-15.456117,-31.251899,2.439896,-11.822093,NSE_EQ|INE075A01022,OK
niftylargemidcap250,PI Industries Ltd.,Chemicals,PIIND,EQ,INE603J01030,,-0.898204,-0.473079,-7.973754,-9.41434,-21.205485,-23.337039,2.439896,-11.854236,NSE_EQ|INE603J01030,OK
niftychemicals,PI Industries Ltd.,Chemicals,PIIND,EQ,INE603J01030,,-0.898204,-0.473079,-7.973754,-9.41434,-21.205485,-23.337039,2.439896,-11.854236,NSE_EQ|INE603J01030,OK
nifty500,PI Industries Ltd.,Chemicals,PIIND,EQ,INE603J01030,,-0.898204,-0.473079,-7.973754,-9.41434,-21.205485,-23.337039,2.439896,-11.854236,NSE_EQ|INE603J01030,OK
nifty200,PI Industries Ltd.,Chemicals,PIIND,EQ,INE603J01030,,-0.898204,-0.473079,-7.973754,-9.41434,-21.205485,-23.337039,2.439896,-11.854236,NSE_EQ|INE603J01030,OK
nifty200,Housing & Urban Development Corporation Ltd.,Financial Services,HUDCO,EQ,INE031A01017,,-1.205395,-4.053427,-6.186971,-9.728287,-4.96501,-18.445623,2.439896,-12.168183,NSE_EQ|INE031A01017,OK
niftylargemidcap250,Housing & Urban Development Corporation Ltd.,Financial Services,HUDCO,EQ,INE031A01017,,-1.205395,-4.053427,-6.186971,-9.728287,-4.96501,-18.445623,2.439896,-12.168183,NSE_EQ|INE031A01017,OK
nifty500,Housing & Urban Development Corporation Ltd.,Financial Services,HUDCO,EQ,INE031A01017,,-1.205395,-4.053427,-6.186971,-9.728287,-4.96501,-18.445623,2.439896,-12.168183,NSE_EQ|INE031A01017,OK
niftymidsmallfinancailservice,Housing & Urban Development Corporation Ltd.,Financial Services,HUDCO,EQ,INE031A01017,,-1.205395,-4.053427,-6.186971,-9.728287,-4.96501,-18.445623,2.439896,-12.168183,NSE_EQ|INE031A01017,OK
niftyfinancialservicesexbank,ICICI Lombard General Insurance Company Ltd.,Financial Services,ICICIGI,EQ,INE765G01017,,0.575602,-0.184275,2.620777,-9.772349,-15.192318,-17.180572,2.439896,-12.212244,NSE_EQ|INE765G01017,OK
niftylargemidcap250,ICICI Lombard General Insurance Company Ltd.,Financial Services,ICICIGI,EQ,INE765G01017,,0.575602,-0.184275,2.620777,-9.772349,-15.192318,-17.180572,2.439896,-12.212244,NSE_EQ|INE765G01017,OK
nifty500,ICICI Lombard General Insurance Company Ltd.,Financial Services,ICICIGI,EQ,INE765G01017,,0.575602,-0.184275,2.620777,-9.772349,-15.192318,-17.180572,2.439896,-12.212244,NSE_EQ|INE765G01017,OK
niftyfinancialservices25-50,ICICI Lombard General Insurance Company Ltd.,Financial Services,ICICIGI,EQ,INE765G01017,,0.575602,-0.184275,2.620777,-9.772349,-15.192318,-17.180572,2.439896,-12.212244,NSE_EQ|INE765G01017,OK
niftyfinance,ICICI Lombard General Insurance Company Ltd.,Financial Services,ICICIGI,EQ,INE765G01017,,0.575602,-0.184275,2.620777,-9.772349,-15.192318,-17.180572,2.439896,-12.212244,NSE_EQ|INE765G01017,OK
niftynext50,ICICI Lombard General Insurance Company Ltd.,Financial Services,ICICIGI,EQ,INE765G01017,,0.575602,-0.184275,2.620777,-9.772349,-15.192318,-17.180572,2.439896,-12.212244,NSE_EQ|INE765G01017,OK
nifty200,ICICI Lombard General Insurance Company Ltd.,Financial Services,ICICIGI,EQ,INE765G01017,,0.575602,-0.184275,2.620777,-9.772349,-15.192318,-17.180572,2.439896,-12.212244,NSE_EQ|INE765G01017,OK
niftylargemidcap250,Indian Renewable Energy Development Agency Ltd.,Financial Services,IREDA,EQ,INE202E01016,,0.860253,-2.129472,-3.993984,-10.143114,-7.008741,-17.869907,2.439896,-12.58301,NSE_EQ|INE202E01016,OK
nifty500,Indian Renewable Energy Development Agency Ltd.,Financial Services,IREDA,EQ,INE202E01016,,0.860253,-2.129472,-3.993984,-10.143114,-7.008741,-17.869907,2.439896,-12.58301,NSE_EQ|INE202E01016,OK
nifty200,Indian Renewable Energy Development Agency Ltd.,Financial Services,IREDA,EQ,INE202E01016,,0.860253,-2.129472,-3.993984,-10.143114,-7.008741,-17.869907,2.439896,-12.58301,NSE_EQ|INE202E01016,OK
nifty500,Jupiter Wagons Ltd.,Capital Goods,JWL,EQ,INE209L01016,,-0.160966,-3.687888,0.587878,-10.206298,-15.540426,-26.975717,2.439896,-12.646193,NSE_EQ|INE209L01016,OK
niftyevnewageautomotive,Jupiter Wagons Ltd.,Capital Goods,JWL,EQ,INE209L01016,,-0.160966,-3.687888,0.587878,-10.206298,-15.540426,-26.975717,2.439896,-12.646193,NSE_EQ|INE209L01016,OK
nifty500,SJVN Ltd.,Power,SJVN,EQ,INE002L01015,,-0.19685,-1.817369,-4.005243,-10.289914,-14.034172,-11.837881,2.439896,-12.72981,NSE_EQ|INE002L01015,OK
niftyenergy,SJVN Ltd.,Power,SJVN,EQ,INE002L01015,,-0.19685,-1.817369,-4.005243,-10.289914,-14.034172,-11.837881,2.439896,-12.72981,NSE_EQ|INE002L01015,OK
niftycpse,SJVN Ltd.,Power,SJVN,EQ,INE002L01015,,-0.19685,-1.817369,-4.005243,-10.289914,-14.034172,-11.837881,2.439896,-12.72981,NSE_EQ|INE002L01015,OK
niftylargemidcap250,SJVN Ltd.,Power,SJVN,EQ,INE002L01015,,-0.19685,-1.817369,-4.005243,-10.289914,-14.034172,-11.837881,2.439896,-12.72981,NSE_EQ|INE002L01015,OK
nifty500,Elecon Engineering Co. Ltd.,Capital Goods,ELECON,EQ,INE205B01031,,5.328203,1.894879,3.340197,-10.40365,4.030401,-6.17925,2.439896,-12.843545,NSE_EQ|INE205B01031,OK
nifty500,Dabur India Ltd.,Fast Moving Consumer Goods,DABUR,EQ,INE016A01026,,0.062539,-2.439024,-6.213365,-10.484503,-21.943604,-20.571882,2.439896,-12.924398,NSE_EQ|INE016A01026,OK
niftylargemidcap250,Dabur India Ltd.,Fast Moving Consumer Goods,DABUR,EQ,INE016A01026,,0.062539,-2.439024,-6.213365,-10.484503,-21.943604,-20.571882,2.439896,-12.924398,NSE_EQ|INE016A01026,OK
niftyfmcg,Dabur India Ltd.,Fast Moving Consumer Goods,DABUR,EQ,INE016A01026,,0.062539,-2.439024,-6.213365,-10.484503,-21.943604,-20.571882,2.439896,-12.924398,NSE_EQ|INE016A01026,OK
nifty200,Dabur India Ltd.,Fast Moving Consumer Goods,DABUR,EQ,INE016A01026,,0.062539,-2.439024,-6.213365,-10.484503,-21.943604,-20.571882,2.439896,-12.924398,NSE_EQ|INE016A01026,OK
niftyindiadefence,MTAR Technologies Ltd.,Capital Goods,MTARTECH,EQ,INE864I01014,,2.81853,-1.665745,21.556733,-10.493866,98.341001,194.347664,2.439896,-12.933762,NSE_EQ|INE864I01014,OK
niftyhealthcare,Dr. Reddy's Laboratories Ltd.,Healthcare,DRREDDY,EQ,INE089A01031,,0.854701,-2.155887,-0.236726,-10.504361,-6.947402,-7.188926,2.439896,-12.944257,NSE_EQ|INE089A01031,OK
niftylargemidcap250,Dr. Reddy's Laboratories Ltd.,Healthcare,DRREDDY,EQ,INE089A01031,,0.854701,-2.155887,-0.236726,-10.504361,-6.947402,-7.188926,2.439896,-12.944257,NSE_EQ|INE089A01031,OK
nifty500,Dr. Reddy's Laboratories Ltd.,Healthcare,DRREDDY,EQ,INE089A01031,,0.854701,-2.155887,-0.236726,-10.504361,-6.947402,-7.188926,2.439896,-12.944257,NSE_EQ|INE089A01031,OK
niftypharma,Dr. Reddy's Laboratories Ltd.,Healthcare,DRREDDY,EQ,INE089A01031,,0.854701,-2.155887,-0.236726,-10.504361,-6.947402,-7.188926,2.439896,-12.944257,NSE_EQ|INE089A01031,OK
nifty200,Dr. Reddy's Laboratories Ltd.,Healthcare,DRREDDY,EQ,INE089A01031,,0.854701,-2.155887,-0.236726,-10.504361,-6.947402,-7.188926,2.439896,-12.944257,NSE_EQ|INE089A01031,OK
nifty500healthcare,Dr. Reddy's Laboratories Ltd.,Healthcare,DRREDDY,EQ,INE089A01031,,0.854701,-2.155887,-0.236726,-10.504361,-6.947402,-7.188926,2.439896,-12.944257,NSE_EQ|INE089A01031,OK
nifty50,Dr. Reddy's Laboratories Ltd.,Healthcare,DRREDDY,EQ,INE089A01031,,0.854701,-2.155887,-0.236726,-10.504361,-6.947402,-7.188926,2.439896,-12.944257,NSE_EQ|INE089A01031,OK
nifty500,International Gemmological Institute (India) Ltd.,Services,IGIL,EQ,INE0Q9301021,,-0.768322,-2.694871,-3.630363,-10.512991,3.48228,0.238806,2.439896,-12.952887,NSE_EQ|INE0Q9301021,OK
nifty500,NMDC Steel Ltd.,Metals & Mining,NSLNISP,EQ,INE0NNS01018,,-1.569116,-12.740119,-6.439394,-10.930809,-2.081269,-10.689266,2.439896,-13.370705,NSE_EQ|INE0NNS01018,OK
nifty500,Fertilisers and Chemicals Travancore Ltd.,Chemicals,FACT,EQ,INE188A01015,,-1.803976,-5.616949,-5.04883,-10.95559,-1.056068,-15.288509,2.439896,-13.395486,NSE_EQ|INE188A01015,OK
niftylargemidcap250,Fertilisers and Chemicals Travancore Ltd.,Chemicals,FACT,EQ,INE188A01015,,-1.803976,-5.616949,-5.04883,-10.95559,-1.056068,-15.288509,2.439896,-13.395486,NSE_EQ|INE188A01015,OK
nifty500,IRCON International Ltd.,Construction,IRCON,EQ,INE962Y01021,,3.196868,0.50834,-0.4954,-10.981358,-17.234613,-28.770053,2.439896,-13.421253,NSE_EQ|INE962Y01021,OK
niftyindiarailwayspsu,IRCON International Ltd.,Construction,IRCON,EQ,INE962Y01021,,3.196868,0.50834,-0.4954,-10.981358,-17.234613,-28.770053,2.439896,-13.421253,NSE_EQ|INE962Y01021,OK
nifty200,Steel Authority of India Ltd.,Metals & Mining,SAIL,EQ,INE114A01011,,1.244573,3.687456,7.976293,-11.005953,9.80663,18.987686,2.439896,-13.445849,NSE_EQ|INE114A01011,OK
niftymetal,Steel Authority of India Ltd.,Metals & Mining,SAIL,EQ,INE114A01011,,1.244573,3.687456,7.976293,-11.005953,9.80663,18.987686,2.439896,-13.445849,NSE_EQ|INE114A01011,OK
niftyhousing,Steel Authority of India Ltd.,METALS,SAIL,EQ,INE114A01011,,1.244573,3.687456,7.976293,-11.005953,9.80663,18.987686,2.439896,-13.445849,NSE_EQ|INE114A01011,OK
niftylargemidcap250,Steel Authority of India Ltd.,Metals & Mining,SAIL,EQ,INE114A01011,,1.244573,3.687456,7.976293,-11.005953,9.80663,18.987686,2.439896,-13.445849,NSE_EQ|INE114A01011,OK
nifty500,Steel Authority of India Ltd.,Metals & Mining,SAIL,EQ,INE114A01011,,1.244573,3.687456,7.976293,-11.005953,9.80663,18.987686,2.439896,-13.445849,NSE_EQ|INE114A01011,OK
niftyindiarailwayspsu,Steel Authority of India Ltd.,Metals & Mining,SAIL,EQ,INE114A01011,,1.244573,3.687456,7.976293,-11.005953,9.80663,18.987686,2.439896,-13.445849,NSE_EQ|INE114A01011,OK
nifty500,Shipping Corporation of India Ltd.,Services,SCI,EQ,INE109A01011,,-1.422042,-1.120734,8.314732,-11.031322,10.104754,25.625647,2.439896,-13.471217,NSE_EQ|INE109A01011,OK
niftyenergy,Suzlon Energy Ltd.,Capital Goods,SUZLON,EQ,INE040H01021,,0.491768,-1.281243,-11.337483,-11.102705,2.912196,-10.765141,2.439896,-13.5426,NSE_EQ|INE040H01021,OK
niftyinfra,Suzlon Energy Ltd.,Capital Goods,SUZLON,EQ,INE040H01021,,0.491768,-1.281243,-11.337483,-11.102705,2.912196,-10.765141,2.439896,-13.5426,NSE_EQ|INE040H01021,OK
nifty500,Suzlon Energy Ltd.,Capital Goods,SUZLON,EQ,INE040H01021,,0.491768,-1.281243,-11.337483,-11.102705,2.912196,-10.765141,2.439896,-13.5426,NSE_EQ|INE040H01021,OK
niftylargemidcap250,Suzlon Energy Ltd.,Capital Goods,SUZLON,EQ,INE040H01021,,0.491768,-1.281243,-11.337483,-11.102705,2.912196,-10.765141,2.439896,-13.5426,NSE_EQ|INE040H01021,OK
nifty200,Suzlon Energy Ltd.,Capital Goods,SUZLON,EQ,INE040H01021,,0.491768,-1.281243,-11.337483,-11.102705,2.912196,-10.765141,2.439896,-13.5426,NSE_EQ|INE040H01021,OK
nifty500,Tata Teleservices (Maharashtra) Ltd.,Telecommunication,TTML,EQ,INE517B01013,,-0.584019,-3.329892,-7.758621,-11.213845,-13.987138,-24.450272,2.439896,-13.653741,NSE_EQ|INE517B01013,OK
niftylargemidcap250,Tata Motors Passenger Vehicles Ltd.,Automobile and Auto Components,TMPV,EQ,INE155A01022,,-0.326797,-8.395309,-2.273421,-11.374014,-15.779093,-12.82156,2.439896,-13.81391,NSE_EQ|INE155A01022,OK
nifty500,Tata Motors Passenger Vehicles Ltd.,Automobile and Auto Components,TMPV,EQ,INE155A01022,,-0.326797,-8.395309,-2.273421,-11.374014,-15.779093,-12.82156,2.439896,-13.81391,NSE_EQ|INE155A01022,OK
niftyauto,Tata Motors Passenger Vehicles Ltd.,Automobile and Auto Components,TMPV,EQ,INE155A01022,,-0.326797,-8.395309,-2.273421,-11.374014,-15.779093,-12.82156,2.439896,-13.81391,NSE_EQ|INE155A01022,OK
nifty50,Tata Motors Passenger Vehicles Ltd.,Automobile and Auto Components,TMPV,EQ,INE155A01022,,-0.326797,-8.395309,-2.273421,-11.374014,-15.779093,-12.82156,2.439896,-13.81391,NSE_EQ|INE155A01022,OK
niftyevnewageautomotive,Tata Motors Passenger Vehicles Ltd.,Automobile and Auto Components,TMPV,EQ,INE155A01022,,-0.326797,-8.395309,-2.273421,-11.374014,-15.779093,-12.82156,2.439896,-13.81391,NSE_EQ|INE155A01022,OK
nifty200,Tata Motors Passenger Vehicles Ltd.,Automobile and Auto Components,TMPV,EQ,INE155A01022,,-0.326797,-8.395309,-2.273421,-11.374014,-15.779093,-12.82156,2.439896,-13.81391,NSE_EQ|INE155A01022,OK
nifty200,Tata Communications Ltd.,Telecommunication,TATACOMM,EQ,INE151A01013,,1.054217,-4.589922,-4.763257,-11.538259,1.243286,-8.097299,2.439896,-13.978154,NSE_EQ|INE151A01013,OK
niftylargemidcap250,Tata Communications Ltd.,Telecommunication,TATACOMM,EQ,INE151A01013,,1.054217,-4.589922,-4.763257,-11.538259,1.243286,-8.097299,2.439896,-13.978154,NSE_EQ|INE151A01013,OK
niftymidsmallitandtelecom,Tata Communications Ltd.,Telecommunication,TATACOMM,EQ,INE151A01013,,1.054217,-4.589922,-4.763257,-11.538259,1.243286,-8.097299,2.439896,-13.978154,NSE_EQ|INE151A01013,OK
niftyindiadigital,Tata Communications Ltd.,Telecommunication,TATACOMM,EQ,INE151A01013,,1.054217,-4.589922,-4.763257,-11.538259,1.243286,-8.097299,2.439896,-13.978154,NSE_EQ|INE151A01013,OK
nifty500,Tata Communications Ltd.,Telecommunication,TATACOMM,EQ,INE151A01013,,1.054217,-4.589922,-4.763257,-11.538259,1.243286,-8.097299,2.439896,-13.978154,NSE_EQ|INE151A01013,OK
niftyconsumerdurables,Whirlpool of India Ltd.,Consumer Durables,WHIRLPOOL,EQ,INE716A01013,,2.959719,-1.15316,2.422762,-11.590404,-13.652048,-13.719275,2.439896,-14.0303,NSE_EQ|INE716A01013,OK
niftyhousing,Whirlpool of India Ltd.,CONSUMER GOODS,WHIRLPOOL,EQ,INE716A01013,,2.959719,-1.15316,2.422762,-11.590404,-13.652048,-13.719275,2.439896,-14.0303,NSE_EQ|INE716A01013,OK
nifty500,Whirlpool of India Ltd.,Consumer Durables,WHIRLPOOL,EQ,INE716A01013,,2.959719,-1.15316,2.422762,-11.590404,-13.652048,-13.719275,2.439896,-14.0303,NSE_EQ|INE716A01013,OK
niftyfmcg,Tata Consumer Products Ltd.,Fast Moving Consumer Goods,TATACONSUM,EQ,INE192A01025,,-1.095506,-3.136176,-3.525436,-11.599297,-6.703763,-11.384228,2.439896,-14.039193,NSE_EQ|INE192A01025,OK
nifty200,Tata Consumer Products Ltd.,Fast Moving Consumer Goods,TATACONSUM,EQ,INE192A01025,,-1.095506,-3.136176,-3.525436,-11.599297,-6.703763,-11.384228,2.439896,-14.039193,NSE_EQ|INE192A01025,OK
nifty500,Tata Consumer Products Ltd.,Fast Moving Consumer Goods,TATACONSUM,EQ,INE192A01025,,-1.095506,-3.136176,-3.525436,-11.599297,-6.703763,-11.384228,2.439896,-14.039193,NSE_EQ|INE192A01025,OK
niftylargemidcap250,Tata Consumer Products Ltd.,Fast Moving Consumer Goods,TATACONSUM,EQ,INE192A01025,,-1.095506,-3.136176,-3.525436,-11.599297,-6.703763,-11.384228,2.439896,-14.039193,NSE_EQ|INE192A01025,OK
nifty50,Tata Consumer Products Ltd.,Fast Moving Consumer Goods,TATACONSUM,EQ,INE192A01025,,-1.095506,-3.136176,-3.525436,-11.599297,-6.703763,-11.384228,2.439896,-14.039193,NSE_EQ|INE192A01025,OK
niftyenergy,Power Grid Corporation of India Ltd.,Power,POWERGRID,EQ,INE752E01010,,0.493359,-0.675169,-8.468718,-11.600734,-7.799443,0.075586,2.439896,-14.04063,NSE_EQ|INE752E01010,OK
nifty50,Power Grid Corporation of India Ltd.,Power,POWERGRID,EQ,INE752E01010,,0.493359,-0.675169,-8.468718,-11.600734,-7.799443,0.075586,2.439896,-14.04063,NSE_EQ|INE752E01010,OK
nifty200,Power Grid Corporation of India Ltd.,Power,POWERGRID,EQ,INE752E01010,,0.493359,-0.675169,-8.468718,-11.600734,-7.799443,0.075586,2.439896,-14.04063,NSE_EQ|INE752E01010,OK
niftyinfra,Power Grid Corporation of India Ltd.,Power,POWERGRID,EQ,INE752E01010,,0.493359,-0.675169,-8.468718,-11.600734,-7.799443,0.075586,2.439896,-14.04063,NSE_EQ|INE752E01010,OK
niftylargemidcap250,Power Grid Corporation of India Ltd.,Power,POWERGRID,EQ,INE752E01010,,0.493359,-0.675169,-8.468718,-11.600734,-7.799443,0.075586,2.439896,-14.04063,NSE_EQ|INE752E01010,OK
niftycpse,Power Grid Corporation of India Ltd.,Power,POWERGRID,EQ,INE752E01010,,0.493359,-0.675169,-8.468718,-11.600734,-7.799443,0.075586,2.439896,-14.04063,NSE_EQ|INE752E01010,OK
nifty500,Power Grid Corporation of India Ltd.,Power,POWERGRID,EQ,INE752E01010,,0.493359,-0.675169,-8.468718,-11.600734,-7.799443,0.075586,2.439896,-14.04063,NSE_EQ|INE752E01010,OK
nifty500,Colgate Palmolive (India) Ltd.,Fast Moving Consumer Goods,COLPAL,EQ,INE259A01022,,1.617365,-4.28464,-9.354089,-11.774216,-9.999058,-7.982849,2.439896,-14.214112,NSE_EQ|INE259A01022,OK
nifty200,Colgate Palmolive (India) Ltd.,Fast Moving Consumer Goods,COLPAL,EQ,INE259A01022,,1.617365,-4.28464,-9.354089,-11.774216,-9.999058,-7.982849,2.439896,-14.214112,NSE_EQ|INE259A01022,OK
niftyfmcg,Colgate Palmolive (India) Ltd.,Fast Moving Consumer Goods,COLPAL,EQ,INE259A01022,,1.617365,-4.28464,-9.354089,-11.774216,-9.999058,-7.982849,2.439896,-14.214112,NSE_EQ|INE259A01022,OK
niftylargemidcap250,Colgate Palmolive (India) Ltd.,Fast Moving Consumer Goods,COLPAL,EQ,INE259A01022,,1.617365,-4.28464,-9.354089,-11.774216,-9.999058,-7.982849,2.439896,-14.214112,NSE_EQ|INE259A01022,OK
niftyfinancialservicesexbank,HDFC Life Insurance Company Ltd.,Financial Services,HDFCLIFE,EQ,INE795G01014,,1.062838,0.734133,-2.00687,-11.776675,-22.215844,-27.718877,2.439896,-14.21657,NSE_EQ|INE795G01014,OK
nifty50,HDFC Life Insurance Company Ltd.,Financial Services,HDFCLIFE,EQ,INE795G01014,,1.062838,0.734133,-2.00687,-11.776675,-22.215844,-27.718877,2.439896,-14.21657,NSE_EQ|INE795G01014,OK
niftylargemidcap250,HDFC Life Insurance Company Ltd.,Financial Services,HDFCLIFE,EQ,INE795G01014,,1.062838,0.734133,-2.00687,-11.776675,-22.215844,-27.718877,2.439896,-14.21657,NSE_EQ|INE795G01014,OK
nifty500,HDFC Life Insurance Company Ltd.,Financial Services,HDFCLIFE,EQ,INE795G01014,,1.062838,0.734133,-2.00687,-11.776675,-22.215844,-27.718877,2.439896,-14.21657,NSE_EQ|INE795G01014,OK
nifty200,HDFC Life Insurance Company Ltd.,Financial Services,HDFCLIFE,EQ,INE795G01014,,1.062838,0.734133,-2.00687,-11.776675,-22.215844,-27.718877,2.439896,-14.21657,NSE_EQ|INE795G01014,OK
niftyfinancialservices25-50,HDFC Life Insurance Company Ltd.,Financial Services,HDFCLIFE,EQ,INE795G01014,,1.062838,0.734133,-2.00687,-11.776675,-22.215844,-27.718877,2.439896,-14.21657,NSE_EQ|INE795G01014,OK
niftyfinance,HDFC Life Insurance Company Ltd.,Financial Services,HDFCLIFE,EQ,INE795G01014,,1.062838,0.734133,-2.00687,-11.776675,-22.215844,-27.718877,2.439896,-14.21657,NSE_EQ|INE795G01014,OK
niftyfmcg,ITC Ltd.,Fast Moving Consumer Goods,ITC,EQ,INE154A01025,,1.722524,-2.459605,-3.258547,-11.816264,-13.418327,-32.593052,2.439896,-14.256159,NSE_EQ|INE154A01025,OK
niftylargemidcap250,ITC Ltd.,Fast Moving Consumer Goods,ITC,EQ,INE154A01025,,1.722524,-2.459605,-3.258547,-11.816264,-13.418327,-32.593052,2.439896,-14.256159,NSE_EQ|INE154A01025,OK
nifty500,ITC Ltd.,Fast Moving Consumer Goods,ITC,EQ,INE154A01025,,1.722524,-2.459605,-3.258547,-11.816264,-13.418327,-32.593052,2.439896,-14.256159,NSE_EQ|INE154A01025,OK
nifty50,ITC Ltd.,Fast Moving Consumer Goods,ITC,EQ,INE154A01025,,1.722524,-2.459605,-3.258547,-11.816264,-13.418327,-32.593052,2.439896,-14.256159,NSE_EQ|INE154A01025,OK
nifty200,ITC Ltd.,Fast Moving Consumer Goods,ITC,EQ,INE154A01025,,1.722524,-2.459605,-3.258547,-11.816264,-13.418327,-32.593052,2.439896,-14.256159,NSE_EQ|INE154A01025,OK
nifty500,Thermax Ltd.,Capital Goods,THERMAX,EQ,INE152A01029,,0.211154,0.809676,-14.506729,-11.825137,39.744345,33.461259,2.439896,-14.265032,NSE_EQ|INE152A01029,OK
niftylargemidcap250,Thermax Ltd.,Capital Goods,THERMAX,EQ,INE152A01029,,0.211154,0.809676,-14.506729,-11.825137,39.744345,33.461259,2.439896,-14.265032,NSE_EQ|INE152A01029,OK
niftyenergy,Thermax Ltd.,Capital Goods,THERMAX,EQ,INE152A01029,,0.211154,0.809676,-14.506729,-11.825137,39.744345,33.461259,2.439896,-14.265032,NSE_EQ|INE152A01029,OK
niftyindiarailwayspsu,Indian Railway Finance Corporation Ltd.,Financial Services,IRFC,EQ,INE053F01010,,1.51444,-2.1279,-1.052752,-11.918101,-22.406676,-30.613064,2.439896,-14.357997,NSE_EQ|INE053F01010,OK
niftyfinancialservicesexbank,Indian Railway Finance Corporation Ltd.,Financial Services,IRFC,EQ,INE053F01010,,1.51444,-2.1279,-1.052752,-11.918101,-22.406676,-30.613064,2.439896,-14.357997,NSE_EQ|INE053F01010,OK
niftylargemidcap250,Indian Railway Finance Corporation Ltd.,Financial Services,IRFC,EQ,INE053F01010,,1.51444,-2.1279,-1.052752,-11.918101,-22.406676,-30.613064,2.439896,-14.357997,NSE_EQ|INE053F01010,OK
nifty200,Indian Railway Finance Corporation Ltd.,Financial Services,IRFC,EQ,INE053F01010,,1.51444,-2.1279,-1.052752,-11.918101,-22.406676,-30.613064,2.439896,-14.357997,NSE_EQ|INE053F01010,OK
niftynext50,Indian Railway Finance Corporation Ltd.,Financial Services,IRFC,EQ,INE053F01010,,1.51444,-2.1279,-1.052752,-11.918101,-22.406676,-30.613064,2.439896,-14.357997,NSE_EQ|INE053F01010,OK
nifty500,Indian Railway Finance Corporation Ltd.,Financial Services,IRFC,EQ,INE053F01010,,1.51444,-2.1279,-1.052752,-11.918101,-22.406676,-30.613064,2.439896,-14.357997,NSE_EQ|INE053F01010,OK
Nifty India Internet Index,RattanIndia Enterprises Ltd.,Consumer Services,RTNINDIA,EQ,INE834M01019,,-0.232558,-1.249589,-6.302652,-11.987104,-14.27348,-27.23528,2.439896,-14.427,NSE_EQ|INE834M01019,OK
nifty500,Tata Steel Ltd.,Metals & Mining,TATASTEEL,EQ,INE081A01020,,-0.271739,-0.730322,-1.624404,-12.024163,-9.685993,1.899156,2.439896,-14.464059,NSE_EQ|INE081A01020,OK
nifty200,Tata Steel Ltd.,Metals & Mining,TATASTEEL,EQ,INE081A01020,,-0.271739,-0.730322,-1.624404,-12.024163,-9.685993,1.899156,2.439896,-14.464059,NSE_EQ|INE081A01020,OK
niftymetal,Tata Steel Ltd.,Metals & Mining,TATASTEEL,EQ,INE081A01020,,-0.271739,-0.730322,-1.624404,-12.024163,-9.685993,1.899156,2.439896,-14.464059,NSE_EQ|INE081A01020,OK
nifty50,Tata Steel Ltd.,Metals & Mining,TATASTEEL,EQ,INE081A01020,,-0.271739,-0.730322,-1.624404,-12.024163,-9.685993,1.899156,2.439896,-14.464059,NSE_EQ|INE081A01020,OK
niftylargemidcap250,Tata Steel Ltd.,Metals & Mining,TATASTEEL,EQ,INE081A01020,,-0.271739,-0.730322,-1.624404,-12.024163,-9.685993,1.899156,2.439896,-14.464059,NSE_EQ|INE081A01020,OK
nifty500,Latent View Analytics Ltd.,Information Technology,LATENTVIEW,EQ,INE0I7C01011,,1.898734,-1.226994,-7.486455,-12.29572,-27.635803,-38.576412,2.439896,-14.735616,NSE_EQ|INE0I7C01011,OK
niftylargemidcap250,Waaree Energies Ltd.,Capital Goods,WAAREEENER,EQ,INE377N01017,,-0.149309,-0.446595,-0.823076,-12.48446,-13.603772,-9.875004,2.439896,-14.924356,NSE_EQ|INE377N01017,OK
nifty500,Waaree Energies Ltd.,Capital Goods,WAAREEENER,EQ,INE377N01017,,-0.149309,-0.446595,-0.823076,-12.48446,-13.603772,-9.875004,2.439896,-14.924356,NSE_EQ|INE377N01017,OK
nifty200,Waaree Energies Ltd.,Capital Goods,WAAREEENER,EQ,INE377N01017,,-0.149309,-0.446595,-0.823076,-12.48446,-13.603772,-9.875004,2.439896,-14.924356,NSE_EQ|INE377N01017,OK
nifty500,Coal India Ltd.,Oil Gas & Consumable Fuels,COALINDIA,EQ,INE522F01014,,0.625,-1.948843,-6.045752,-12.538027,-1.57721,0.877193,2.439896,-14.977923,NSE_EQ|INE522F01014,OK
niftylargemidcap250,Coal India Ltd.,Oil Gas & Consumable Fuels,COALINDIA,EQ,INE522F01014,,0.625,-1.948843,-6.045752,-12.538027,-1.57721,0.877193,2.439896,-14.977923,NSE_EQ|INE522F01014,OK
nifty50,Coal India Ltd.,Oil Gas & Consumable Fuels,COALINDIA,EQ,INE522F01014,,0.625,-1.948843,-6.045752,-12.538027,-1.57721,0.877193,2.439896,-14.977923,NSE_EQ|INE522F01014,OK
nifty200,Coal India Ltd.,Oil Gas & Consumable Fuels,COALINDIA,EQ,INE522F01014,,0.625,-1.948843,-6.045752,-12.538027,-1.57721,0.877193,2.439896,-14.977923,NSE_EQ|INE522F01014,OK
niftyenergy,Coal India Ltd.,Oil Gas & Consumable Fuels,COALINDIA,EQ,INE522F01014,,0.625,-1.948843,-6.045752,-12.538027,-1.57721,0.877193,2.439896,-14.977923,NSE_EQ|INE522F01014,OK
niftycpse,Coal India Ltd.,Oil Gas & Consumable Fuels,COALINDIA,EQ,INE522F01014,,0.625,-1.948843,-6.045752,-12.538027,-1.57721,0.877193,2.439896,-14.977923,NSE_EQ|INE522F01014,OK
niftyindiarailwayspsu,Railtel Corporation Of India Ltd.,Telecommunication,RAILTEL,EQ,INE0DD101019,,-2.262837,-1.560309,-3.156261,-12.566179,-15.270862,-24.438164,2.439896,-15.006074,NSE_EQ|INE0DD101019,OK
nifty500,Railtel Corporation Of India Ltd.,Telecommunication,RAILTEL,EQ,INE0DD101019,,-2.262837,-1.560309,-3.156261,-12.566179,-15.270862,-24.438164,2.439896,-15.006074,NSE_EQ|INE0DD101019,OK
nifty500healthcare,AstraZenca Pharma India Ltd.,Healthcare,ASTRAZEN,EQ,INE203A01020,,0.086661,-3.663779,-6.524717,-12.602596,-15.831371,-16.856795,2.439896,-15.042492,NSE_EQ|INE203A01020,OK
nifty500,AstraZenca Pharma India Ltd.,Healthcare,ASTRAZEN,EQ,INE203A01020,,0.086661,-3.663779,-6.524717,-12.602596,-15.831371,-16.856795,2.439896,-15.042492,NSE_EQ|INE203A01020,OK
nifty500,Kec International Ltd.,Construction,KEC,EQ,INE389H01022,,0.141677,-4.621613,-11.572143,-12.745602,-29.545643,-42.526088,2.439896,-15.185498,NSE_EQ|INE389H01022,OK
nifty200,NTPC Green Energy Ltd.,Power,NTPCGREEN,EQ,INE0ONG01011,,0.196292,-0.519706,0.635268,-12.81078,3.224357,-2.823903,2.439896,-15.250676,NSE_EQ|INE0ONG01011,OK
niftylargemidcap250,NTPC Green Energy Ltd.,Power,NTPCGREEN,EQ,INE0ONG01011,,0.196292,-0.519706,0.635268,-12.81078,3.224357,-2.823903,2.439896,-15.250676,NSE_EQ|INE0ONG01011,OK
nifty500,NTPC Green Energy Ltd.,Power,NTPCGREEN,EQ,INE0ONG01011,,0.196292,-0.519706,0.635268,-12.81078,3.224357,-2.823903,2.439896,-15.250676,NSE_EQ|INE0ONG01011,OK
niftyenergy,CESC Ltd.,Power,CESC,EQ,INE486A01021,,-1.910309,-4.986956,-4.761615,-12.917037,4.177476,-6.534973,2.439896,-15.356933,NSE_EQ|INE486A01021,OK
nifty500,CESC Ltd.,Power,CESC,EQ,INE486A01021,,-1.910309,-4.986956,-4.761615,-12.917037,4.177476,-6.534973,2.439896,-15.356933,NSE_EQ|INE486A01021,OK
nifty200,NTPC Ltd.,Power,NTPC,EQ,INE733E01010,,0.282276,-1.960784,-3.708987,-13.194444,-7.024793,2.412381,2.439896,-15.63434,NSE_EQ|INE733E01010,OK
niftyindiarailwayspsu,NTPC Ltd.,Power,NTPC,EQ,INE733E01010,,0.282276,-1.960784,-3.708987,-13.194444,-7.024793,2.412381,2.439896,-15.63434,NSE_EQ|INE733E01010,OK
nifty500,NTPC Ltd.,Power,NTPC,EQ,INE733E01010,,0.282276,-1.960784,-3.708987,-13.194444,-7.024793,2.412381,2.439896,-15.63434,NSE_EQ|INE733E01010,OK
niftyhousing,NTPC Ltd.,POWER,NTPC,EQ,INE733E01010,,0.282276,-1.960784,-3.708987,-13.194444,-7.024793,2.412381,2.439896,-15.63434,NSE_EQ|INE733E01010,OK
niftylargemidcap250,NTPC Ltd.,Power,NTPC,EQ,INE733E01010,,0.282276,-1.960784,-3.708987,-13.194444,-7.024793,2.412381,2.439896,-15.63434,NSE_EQ|INE733E01010,OK
niftycpse,NTPC Ltd.,Power,NTPC,EQ,INE733E01010,,0.282276,-1.960784,-3.708987,-13.194444,-7.024793,2.412381,2.439896,-15.63434,NSE_EQ|INE733E01010,OK
niftyinfra,NTPC Ltd.,Power,NTPC,EQ,INE733E01010,,0.282276,-1.960784,-3.708987,-13.194444,-7.024793,2.412381,2.439896,-15.63434,NSE_EQ|INE733E01010,OK
niftyenergy,NTPC Ltd.,Power,NTPC,EQ,INE733E01010,,0.282276,-1.960784,-3.708987,-13.194444,-7.024793,2.412381,2.439896,-15.63434,NSE_EQ|INE733E01010,OK
nifty50,NTPC Ltd.,Power,NTPC,EQ,INE733E01010,,0.282276,-1.960784,-3.708987,-13.194444,-7.024793,2.412381,2.439896,-15.63434,NSE_EQ|INE733E01010,OK
niftymidsmallitandtelecom,Tata Elxsi Ltd.,Information Technology,TATAELXSI,EQ,INE670A01012,,0.008197,-3.123346,7.438502,-13.222847,-24.129353,-30.159336,2.439896,-15.662742,NSE_EQ|INE670A01012,OK
nifty500,Tata Elxsi Ltd.,Information Technology,TATAELXSI,EQ,INE670A01012,,0.008197,-3.123346,7.438502,-13.222847,-24.129353,-30.159336,2.439896,-15.662742,NSE_EQ|INE670A01012,OK
nifty200,Tata Elxsi Ltd.,Information Technology,TATAELXSI,EQ,INE670A01012,,0.008197,-3.123346,7.438502,-13.222847,-24.129353,-30.159336,2.439896,-15.662742,NSE_EQ|INE670A01012,OK
niftylargemidcap250,Tata Elxsi Ltd.,Information Technology,TATAELXSI,EQ,INE670A01012,,0.008197,-3.123346,7.438502,-13.222847,-24.129353,-30.159336,2.439896,-15.662742,NSE_EQ|INE670A01012,OK
niftyindiadigital,Tata Elxsi Ltd.,Information Technology,TATAELXSI,EQ,INE670A01012,,0.008197,-3.123346,7.438502,-13.222847,-24.129353,-30.159336,2.439896,-15.662742,NSE_EQ|INE670A01012,OK
niftyevnewageautomotive,Tata Elxsi Ltd.,Information Technology,TATAELXSI,EQ,INE670A01012,,0.008197,-3.123346,7.438502,-13.222847,-24.129353,-30.159336,2.439896,-15.662742,NSE_EQ|INE670A01012,OK
niftyhousing,Crompton Greaves Consumer Electricals Ltd.,CONSUMER GOODS,CROMPTON,EQ,INE299U01018,,2.647658,1.551481,-1.447008,-13.654274,-5.801435,-0.099108,2.439896,-16.09417,NSE_EQ|INE299U01018,OK
niftyconsumerdurables,Crompton Greaves Consumer Electricals Ltd.,Consumer Durables,CROMPTON,EQ,INE299U01018,,2.647658,1.551481,-1.447008,-13.654274,-5.801435,-0.099108,2.439896,-16.09417,NSE_EQ|INE299U01018,OK
nifty500,Crompton Greaves Consumer Electricals Ltd.,Consumer Durables,CROMPTON,EQ,INE299U01018,,2.647658,1.551481,-1.447008,-13.654274,-5.801435,-0.099108,2.439896,-16.09417,NSE_EQ|INE299U01018,OK
nifty500,Gujarat Mineral Development Corporation Ltd.,Metals & Mining,GMDCLTD,EQ,INE131A01031,,0.753026,-5.276022,0.303436,-13.83778,-1.602171,-6.146138,2.439896,-16.277675,NSE_EQ|INE131A01031,OK
nifty500,Indiamart Intermesh Ltd.,Consumer Services,INDIAMART,EQ,INE933S01016,,0.859136,-3.01619,-3.89011,-13.841001,-20.490909,-21.331235,2.439896,-16.280897,NSE_EQ|INE933S01016,OK
niftyindiadigital,Indiamart Intermesh Ltd.,Consumer Services,INDIAMART,EQ,INE933S01016,,0.859136,-3.01619,-3.89011,-13.841001,-20.490909,-21.331235,2.439896,-16.280897,NSE_EQ|INE933S01016,OK
Nifty India Internet Index,Indiamart Intermesh Ltd.,Consumer Services,INDIAMART,EQ,INE933S01016,,0.859136,-3.01619,-3.89011,-13.841001,-20.490909,-21.331235,2.439896,-16.280897,NSE_EQ|INE933S01016,OK
nifty500,Jubilant Pharmova Ltd.,Healthcare,JUBLPHARMA,EQ,INE700A01033,,0.351382,-2.184166,-11.926188,-13.898087,-4.594743,-18.843753,2.439896,-16.337983,NSE_EQ|INE700A01033,OK
nifty500healthcare,Jubilant Pharmova Ltd.,Healthcare,JUBLPHARMA,EQ,INE700A01033,,0.351382,-2.184166,-11.926188,-13.898087,-4.594743,-18.843753,2.439896,-16.337983,NSE_EQ|INE700A01033,OK
nifty500,Timken India Ltd.,Capital Goods,TIMKEN,EQ,INE325A01013,,-1.717309,-2.57645,3.358173,-14.438488,3.705759,5.767374,2.439896,-16.878384,NSE_EQ|INE325A01013,OK
nifty200,Indus Towers Ltd.,Telecommunication,INDUSTOWER,EQ,INE121J01017,,-0.966702,-3.757829,-6.597442,-14.590088,-20.960137,-11.928358,2.439896,-17.029984,NSE_EQ|INE121J01017,OK
niftymidsmallitandtelecom,Indus Towers Ltd.,Telecommunication,INDUSTOWER,EQ,INE121J01017,,-0.966702,-3.757829,-6.597442,-14.590088,-20.960137,-11.928358,2.439896,-17.029984,NSE_EQ|INE121J01017,OK
niftylargemidcap250,Indus Towers Ltd.,Telecommunication,INDUSTOWER,EQ,INE121J01017,,-0.966702,-3.757829,-6.597442,-14.590088,-20.960137,-11.928358,2.439896,-17.029984,NSE_EQ|INE121J01017,OK
nifty500,Indus Towers Ltd.,Telecommunication,INDUSTOWER,EQ,INE121J01017,,-0.966702,-3.757829,-6.597442,-14.590088,-20.960137,-11.928358,2.439896,-17.029984,NSE_EQ|INE121J01017,OK
niftyinfra,Indus Towers Ltd.,Telecommunication,INDUSTOWER,EQ,INE121J01017,,-0.966702,-3.757829,-6.597442,-14.590088,-20.960137,-11.928358,2.439896,-17.029984,NSE_EQ|INE121J01017,OK
niftylargemidcap250,Procter & Gamble Hygiene & Health Care Ltd.,Fast Moving Consumer Goods,PGHH,EQ,INE179A01014,,0.109237,-2.816072,-8.350464,-14.616977,-29.468103,-36.411996,2.439896,-17.056873,NSE_EQ|INE179A01014,OK
nifty500,Procter & Gamble Hygiene & Health Care Ltd.,Fast Moving Consumer Goods,PGHH,EQ,INE179A01014,,0.109237,-2.816072,-8.350464,-14.616977,-29.468103,-36.411996,2.439896,-17.056873,NSE_EQ|INE179A01014,OK
nifty500,Angel One Ltd.,Financial Services,ANGELONE,EQ,INE732I01021,,0.0,-0.856164,-7.330346,-14.765199,7.301705,23.506826,2.439896,-17.205095,NSE_EQ|INE732I01021,OK
Nifty India Internet Index,Angel One Ltd.,Financial Services,ANGELONE,EQ,INE732I01021,,0.0,-0.856164,-7.330346,-14.765199,7.301705,23.506826,2.439896,-17.205095,NSE_EQ|INE732I01021,OK
nifty500,GE Vernova T&D India Ltd.,Capital Goods,GVT&D,EQ,INE200A01026,,-1.217073,-5.914466,-9.626241,-15.527886,13.990994,29.292897,2.439896,-17.967781,NSE_EQ|INE200A01026,OK
niftyenergy,GE Vernova T&D India Ltd.,Capital Goods,GVT&D,EQ,INE200A01026,,-1.217073,-5.914466,-9.626241,-15.527886,13.990994,29.292897,2.439896,-17.967781,NSE_EQ|INE200A01026,OK
niftylargemidcap250,GE Vernova T&D India Ltd.,Capital Goods,GVT&D,EQ,INE200A01026,,-1.217073,-5.914466,-9.626241,-15.527886,13.990994,29.292897,2.439896,-17.967781,NSE_EQ|INE200A01026,OK
niftyfinancialservices25-50,Power Finance Corporation Ltd.,Financial Services,PFC,EQ,INE134E01011,,-2.844171,-3.997889,-11.763279,-15.591647,-9.174885,2.363534,2.439896,-18.031543,NSE_EQ|INE134E01011,OK
niftynext50,Power Finance Corporation Ltd.,Financial Services,PFC,EQ,INE134E01011,,-2.844171,-3.997889,-11.763279,-15.591647,-9.174885,2.363534,2.439896,-18.031543,NSE_EQ|INE134E01011,OK
niftyfinancialservicesexbank,Power Finance Corporation Ltd.,Financial Services,PFC,EQ,INE134E01011,,-2.844171,-3.997889,-11.763279,-15.591647,-9.174885,2.363534,2.439896,-18.031543,NSE_EQ|INE134E01011,OK
niftylargemidcap250,Power Finance Corporation Ltd.,Financial Services,PFC,EQ,INE134E01011,,-2.844171,-3.997889,-11.763279,-15.591647,-9.174885,2.363534,2.439896,-18.031543,NSE_EQ|INE134E01011,OK
niftyfinance,Power Finance Corporation Ltd.,Financial Services,PFC,EQ,INE134E01011,,-2.844171,-3.997889,-11.763279,-15.591647,-9.174885,2.363534,2.439896,-18.031543,NSE_EQ|INE134E01011,OK
nifty200,Power Finance Corporation Ltd.,Financial Services,PFC,EQ,INE134E01011,,-2.844171,-3.997889,-11.763279,-15.591647,-9.174885,2.363534,2.439896,-18.031543,NSE_EQ|INE134E01011,OK
nifty500,Power Finance Corporation Ltd.,Financial Services,PFC,EQ,INE134E01011,,-2.844171,-3.997889,-11.763279,-15.591647,-9.174885,2.363534,2.439896,-18.031543,NSE_EQ|INE134E01011,OK
nifty500,Varun Beverages Ltd.,Fast Moving Consumer Goods,VBL,EQ,INE200M01039,,1.493574,-0.499432,-4.353519,-15.687217,-2.448253,-10.52363,2.439896,-18.127113,NSE_EQ|INE200M01039,OK
nifty200,Varun Beverages Ltd.,Fast Moving Consumer Goods,VBL,EQ,INE200M01039,,1.493574,-0.499432,-4.353519,-15.687217,-2.448253,-10.52363,2.439896,-18.127113,NSE_EQ|INE200M01039,OK
niftylargemidcap250,Varun Beverages Ltd.,Fast Moving Consumer Goods,VBL,EQ,INE200M01039,,1.493574,-0.499432,-4.353519,-15.687217,-2.448253,-10.52363,2.439896,-18.127113,NSE_EQ|INE200M01039,OK
niftyfmcg,Varun Beverages Ltd.,Fast Moving Consumer Goods,VBL,EQ,INE200M01039,,1.493574,-0.499432,-4.353519,-15.687217,-2.448253,-10.52363,2.439896,-18.127113,NSE_EQ|INE200M01039,OK
niftynext50,Varun Beverages Ltd.,Fast Moving Consumer Goods,VBL,EQ,INE200M01039,,1.493574,-0.499432,-4.353519,-15.687217,-2.448253,-10.52363,2.439896,-18.127113,NSE_EQ|INE200M01039,OK
nifty200,Rail Vikas Nigam Ltd.,Construction,RVNL,EQ,INE415G01027,,1.96868,-0.109577,2.146923,-15.826408,-26.234018,-36.207138,2.439896,-18.266304,NSE_EQ|INE415G01027,OK
nifty500,Rail Vikas Nigam Ltd.,Construction,RVNL,EQ,INE415G01027,,1.96868,-0.109577,2.146923,-15.826408,-26.234018,-36.207138,2.439896,-18.266304,NSE_EQ|INE415G01027,OK
niftyindiarailwayspsu,Rail Vikas Nigam Ltd.,Construction,RVNL,EQ,INE415G01027,,1.96868,-0.109577,2.146923,-15.826408,-26.234018,-36.207138,2.439896,-18.266304,NSE_EQ|INE415G01027,OK
niftylargemidcap250,Rail Vikas Nigam Ltd.,Construction,RVNL,EQ,INE415G01027,,1.96868,-0.109577,2.146923,-15.826408,-26.234018,-36.207138,2.439896,-18.266304,NSE_EQ|INE415G01027,OK
niftymidsmallhealthcare,Syngene International Ltd.,Healthcare,SYNGENE,EQ,INE398R01022,,-0.340179,-1.445303,-2.682087,-15.886857,-8.9444,-39.247312,2.439896,-18.326752,NSE_EQ|INE398R01022,OK
nifty500,Syngene International Ltd.,Healthcare,SYNGENE,EQ,INE398R01022,,-0.340179,-1.445303,-2.682087,-15.886857,-8.9444,-39.247312,2.439896,-18.326752,NSE_EQ|INE398R01022,OK
nifty500healthcare,Syngene International Ltd.,Healthcare,SYNGENE,EQ,INE398R01022,,-0.340179,-1.445303,-2.682087,-15.886857,-8.9444,-39.247312,2.439896,-18.326752,NSE_EQ|INE398R01022,OK
niftylargemidcap250,Syngene International Ltd.,Healthcare,SYNGENE,EQ,INE398R01022,,-0.340179,-1.445303,-2.682087,-15.886857,-8.9444,-39.247312,2.439896,-18.326752,NSE_EQ|INE398R01022,OK
niftyhealthcare,Syngene International Ltd.,Healthcare,SYNGENE,EQ,INE398R01022,,-0.340179,-1.445303,-2.682087,-15.886857,-8.9444,-39.247312,2.439896,-18.326752,NSE_EQ|INE398R01022,OK
niftychemicals,Tata Chemicals Ltd.,Chemicals,TATACHEM,EQ,INE092A01019,,-0.282885,-5.587382,-8.26285,-15.971395,-8.737864,-17.118412,2.439896,-18.41129,NSE_EQ|INE092A01019,OK
nifty500,Tata Chemicals Ltd.,Chemicals,TATACHEM,EQ,INE092A01019,,-0.282885,-5.587382,-8.26285,-15.971395,-8.737864,-17.118412,2.439896,-18.41129,NSE_EQ|INE092A01019,OK
niftyevnewageautomotive,Tata Chemicals Ltd.,Chemicals,TATACHEM,EQ,INE092A01019,,-0.282885,-5.587382,-8.26285,-15.971395,-8.737864,-17.118412,2.439896,-18.41129,NSE_EQ|INE092A01019,OK
Nifty India Internet Index,Brainbees Solutions Ltd.,Consumer Services,FIRSTCRY,EQ,INE02RE01045,,0.086514,-8.158214,-5.004106,-15.985305,-27.105263,-31.449983,2.439896,-18.4252,NSE_EQ|INE02RE01045,OK
nifty500,Brainbees Solutions Ltd.,Consumer Services,FIRSTCRY,EQ,INE02RE01045,,0.086514,-8.158214,-5.004106,-15.985305,-27.105263,-31.449983,2.439896,-18.4252,NSE_EQ|INE02RE01045,OK
Nifty India Internet Index,Crizac Ltd.,Consumer Services,CRIZAC,EQ,INE0S4R01014,,-0.163151,-4.974766,-7.633423,-16.260202,-25.923044,-39.583921,2.439896,-18.700098,NSE_EQ|INE0S4R01014,OK
niftylargemidcap250,Torrent Power Ltd.,Power,TORNTPOWER,EQ,INE813H01021,,0.402026,-5.257967,-12.867211,-16.2733,-14.624641,-4.438662,2.439896,-18.713196,NSE_EQ|INE813H01021,OK
nifty200,Torrent Power Ltd.,Power,TORNTPOWER,EQ,INE813H01021,,0.402026,-5.257967,-12.867211,-16.2733,-14.624641,-4.438662,2.439896,-18.713196,NSE_EQ|INE813H01021,OK
niftyhousing,Torrent Power Ltd.,POWER,TORNTPOWER,EQ,INE813H01021,,0.402026,-5.257967,-12.867211,-16.2733,-14.624641,-4.438662,2.439896,-18.713196,NSE_EQ|INE813H01021,OK
nifty500,Torrent Power Ltd.,Power,TORNTPOWER,EQ,INE813H01021,,0.402026,-5.257967,-12.867211,-16.2733,-14.624641,-4.438662,2.439896,-18.713196,NSE_EQ|INE813H01021,OK
niftyenergy,Torrent Power Ltd.,Power,TORNTPOWER,EQ,INE813H01021,,0.402026,-5.257967,-12.867211,-16.2733,-14.624641,-4.438662,2.439896,-18.713196,NSE_EQ|INE813H01021,OK
nifty500,Aditya Birla Lifestyle Brands Ltd.,Consumer Services,ABLBL,EQ,INE14LE01019,,-0.448843,-3.846154,-7.792346,-16.344294,-23.227123,-32.199404,2.439896,-18.78419,NSE_EQ|INE14LE01019,OK
nifty500,Godawari Power & Ispat Ltd.,Capital Goods,GPIL,EQ,INE177H01039,,0.723283,1.878262,2.113285,-16.74895,-4.163928,-6.836547,2.439896,-19.188846,NSE_EQ|INE177H01039,OK
nifty200,Vishal Mega Mart Ltd.,Consumer Services,VMM,EQ,INE01EA01019,,-0.773694,-4.11215,-8.409213,-16.808562,-15.839554,-24.763511,2.439896,-19.248458,NSE_EQ|INE01EA01019,OK
niftylargemidcap250,Vishal Mega Mart Ltd.,Consumer Services,VMM,EQ,INE01EA01019,,-0.773694,-4.11215,-8.409213,-16.808562,-15.839554,-24.763511,2.439896,-19.248458,NSE_EQ|INE01EA01019,OK
nifty500,Vishal Mega Mart Ltd.,Consumer Services,VMM,EQ,INE01EA01019,,-0.773694,-4.11215,-8.409213,-16.808562,-15.839554,-24.763511,2.439896,-19.248458,NSE_EQ|INE01EA01019,OK
niftylargemidcap250,IRB Infrastructure Developers Ltd.,Construction,IRB,EQ,INE821I01022,,-0.158061,-1.353462,-4.534005,-17.031524,-13.902771,-9.847764,2.439896,-19.471419,NSE_EQ|INE821I01022,OK
nifty200,IRB Infrastructure Developers Ltd.,Construction,IRB,EQ,INE821I01022,,-0.158061,-1.353462,-4.534005,-17.031524,-13.902771,-9.847764,2.439896,-19.471419,NSE_EQ|INE821I01022,OK
nifty500,IRB Infrastructure Developers Ltd.,Construction,IRB,EQ,INE821I01022,,-0.158061,-1.353462,-4.534005,-17.031524,-13.902771,-9.847764,2.439896,-19.471419,NSE_EQ|INE821I01022,OK
nifty500,Go Digit General Insurance Ltd.,Financial Services,GODIGIT,EQ,INE03JT01014,,1.844872,-1.288214,-9.293286,-17.153461,-20.427774,-25.507835,2.439896,-19.593357,NSE_EQ|INE03JT01014,OK
niftymidsmallhealthcare,Onesource Specialty Pharma Ltd.,Healthcare,ONESOURCE,EQ,INE013P01021,,0.92075,-2.34201,-8.196231,-17.579762,29.471819,-15.249089,2.439896,-20.019657,NSE_EQ|INE013P01021,OK
nifty500,Onesource Specialty Pharma Ltd.,Healthcare,ONESOURCE,EQ,INE013P01021,,0.92075,-2.34201,-8.196231,-17.579762,29.471819,-15.249089,2.439896,-20.019657,NSE_EQ|INE013P01021,OK
nifty500,Triveni Turbine Ltd.,Capital Goods,TRITURBINE,EQ,INE152M01016,,1.825682,-2.010305,-5.467731,-17.793367,18.208681,7.765908,2.439896,-20.233263,NSE_EQ|INE152M01016,OK
nifty500,Aditya Birla Fashion and Retail Ltd.,Consumer Services,ABFRL,EQ,INE647O01011,,0.514044,-3.490217,-4.031551,-17.989814,-25.813008,-28.692368,2.439896,-20.42971,NSE_EQ|INE647O01011,OK
niftymetal,Vedanta Ltd.,Metals & Mining,VEDL,EQ,INE205A01025,,2.056359,-1.143489,2.173084,-18.726308,-60.21673,-55.658504,2.439896,-21.166203,NSE_EQ|INE205A01025,OK
niftynext50,Vedanta Ltd.,Metals & Mining,VEDL,EQ,INE205A01025,,2.056359,-1.143489,2.173084,-18.726308,-60.21673,-55.658504,2.439896,-21.166203,NSE_EQ|INE205A01025,OK
niftylargemidcap250,Vedanta Ltd.,Metals & Mining,VEDL,EQ,INE205A01025,,2.056359,-1.143489,2.173084,-18.726308,-60.21673,-55.658504,2.439896,-21.166203,NSE_EQ|INE205A01025,OK
nifty500,Vedanta Ltd.,Metals & Mining,VEDL,EQ,INE205A01025,,2.056359,-1.143489,2.173084,-18.726308,-60.21673,-55.658504,2.439896,-21.166203,NSE_EQ|INE205A01025,OK
nifty200,Vedanta Ltd.,Metals & Mining,VEDL,EQ,INE205A01025,,2.056359,-1.143489,2.173084,-18.726308,-60.21673,-55.658504,2.439896,-21.166203,NSE_EQ|INE205A01025,OK
nifty500,Reliance Power Ltd.,Power,RPOWER,EQ,INE614G01033,,2.073733,-4.608096,-8.357468,-18.745415,-17.350746,-36.441894,2.439896,-21.18531,NSE_EQ|INE614G01033,OK
niftyenergy,Reliance Power Ltd.,Power,RPOWER,EQ,INE614G01033,,2.073733,-4.608096,-8.357468,-18.745415,-17.350746,-36.441894,2.439896,-21.18531,NSE_EQ|INE614G01033,OK
niftyoilgas,Oil & Natural Gas Corporation Ltd.,Oil Gas & Consumable Fuels,ONGC,EQ,INE213A01029,,0.210084,-0.583576,-5.319571,-19.384823,-10.807779,-0.782095,2.439896,-21.824719,NSE_EQ|INE213A01029,OK
niftycpse,Oil & Natural Gas Corporation Ltd.,Oil Gas & Consumable Fuels,ONGC,EQ,INE213A01029,,0.210084,-0.583576,-5.319571,-19.384823,-10.807779,-0.782095,2.439896,-21.824719,NSE_EQ|INE213A01029,OK
niftyindiarailwayspsu,Oil & Natural Gas Corporation Ltd.,Oil Gas & Consumable Fuels,ONGC,EQ,INE213A01029,,0.210084,-0.583576,-5.319571,-19.384823,-10.807779,-0.782095,2.439896,-21.824719,NSE_EQ|INE213A01029,OK
niftyinfra,Oil & Natural Gas Corporation Ltd.,Oil Gas & Consumable Fuels,ONGC,EQ,INE213A01029,,0.210084,-0.583576,-5.319571,-19.384823,-10.807779,-0.782095,2.439896,-21.824719,NSE_EQ|INE213A01029,OK
nifty200,Oil & Natural Gas Corporation Ltd.,Oil Gas & Consumable Fuels,ONGC,EQ,INE213A01029,,0.210084,-0.583576,-5.319571,-19.384823,-10.807779,-0.782095,2.439896,-21.824719,NSE_EQ|INE213A01029,OK
niftylargemidcap250,Oil & Natural Gas Corporation Ltd.,Oil Gas & Consumable Fuels,ONGC,EQ,INE213A01029,,0.210084,-0.583576,-5.319571,-19.384823,-10.807779,-0.782095,2.439896,-21.824719,NSE_EQ|INE213A01029,OK
niftyenergy,Oil & Natural Gas Corporation Ltd.,Oil Gas & Consumable Fuels,ONGC,EQ,INE213A01029,,0.210084,-0.583576,-5.319571,-19.384823,-10.807779,-0.782095,2.439896,-21.824719,NSE_EQ|INE213A01029,OK
nifty50,Oil & Natural Gas Corporation Ltd.,Oil Gas & Consumable Fuels,ONGC,EQ,INE213A01029,,0.210084,-0.583576,-5.319571,-19.384823,-10.807779,-0.782095,2.439896,-21.824719,NSE_EQ|INE213A01029,OK
nifty500,Oil & Natural Gas Corporation Ltd.,Oil Gas & Consumable Fuels,ONGC,EQ,INE213A01029,,0.210084,-0.583576,-5.319571,-19.384823,-10.807779,-0.782095,2.439896,-21.824719,NSE_EQ|INE213A01029,OK
niftyevnewageautomotive,KPIT Technologies Ltd.,Information Technology,KPITTECH,EQ,INE04I401011,,0.645052,-4.448026,6.848081,-21.041417,-31.194151,-49.432836,2.439896,-23.481313,NSE_EQ|INE04I401011,OK
niftymidsmallitandtelecom,KPIT Technologies Ltd.,Information Technology,KPITTECH,EQ,INE04I401011,,0.645052,-4.448026,6.848081,-21.041417,-31.194151,-49.432836,2.439896,-23.481313,NSE_EQ|INE04I401011,OK
niftylargemidcap250,KPIT Technologies Ltd.,Information Technology,KPITTECH,EQ,INE04I401011,,0.645052,-4.448026,6.848081,-21.041417,-31.194151,-49.432836,2.439896,-23.481313,NSE_EQ|INE04I401011,OK
niftyindiadigital,KPIT Technologies Ltd.,Information Technology,KPITTECH,EQ,INE04I401011,,0.645052,-4.448026,6.848081,-21.041417,-31.194151,-49.432836,2.439896,-23.481313,NSE_EQ|INE04I401011,OK
nifty500,KPIT Technologies Ltd.,Information Technology,KPITTECH,EQ,INE04I401011,,0.645052,-4.448026,6.848081,-21.041417,-31.194151,-49.432836,2.439896,-23.481313,NSE_EQ|INE04I401011,OK
nifty200,KPIT Technologies Ltd.,Information Technology,KPITTECH,EQ,INE04I401011,,0.645052,-4.448026,6.848081,-21.041417,-31.194151,-49.432836,2.439896,-23.481313,NSE_EQ|INE04I401011,OK
nifty500,BSE Ltd.,Financial Services,BSE,EQ,INE118H01025,,-1.816826,-6.043736,-9.391003,-21.395304,8.785906,25.032292,2.439896,-23.8352,NSE_EQ|INE118H01025,OK
nifty200,BSE Ltd.,Financial Services,BSE,EQ,INE118H01025,,-1.816826,-6.043736,-9.391003,-21.395304,8.785906,25.032292,2.439896,-23.8352,NSE_EQ|INE118H01025,OK
niftymidsmallfinancailservice,BSE Ltd.,Financial Services,BSE,EQ,INE118H01025,,-1.816826,-6.043736,-9.391003,-21.395304,8.785906,25.032292,2.439896,-23.8352,NSE_EQ|INE118H01025,OK
niftyfinancialservicesexbank,BSE Ltd.,Financial Services,BSE,EQ,INE118H01025,,-1.816826,-6.043736,-9.391003,-21.395304,8.785906,25.032292,2.439896,-23.8352,NSE_EQ|INE118H01025,OK
niftylargemidcap250,BSE Ltd.,Financial Services,BSE,EQ,INE118H01025,,-1.816826,-6.043736,-9.391003,-21.395304,8.785906,25.032292,2.439896,-23.8352,NSE_EQ|INE118H01025,OK
niftyfinancialservices25-50,BSE Ltd.,Financial Services,BSE,EQ,INE118H01025,,-1.816826,-6.043736,-9.391003,-21.395304,8.785906,25.032292,2.439896,-23.8352,NSE_EQ|INE118H01025,OK
niftyfinance,BSE Ltd.,Financial Services,BSE,EQ,INE118H01025,,-1.816826,-6.043736,-9.391003,-21.395304,8.785906,25.032292,2.439896,-23.8352,NSE_EQ|INE118H01025,OK
nifty500,Triveni Engineering & Industries Ltd.,Fast Moving Consumer Goods,TRIVENI,EQ,INE256C01024,,3.740967,20.096862,8.911071,-21.493982,-22.1054,-23.123239,2.439896,-23.933878,NSE_EQ|INE256C01024,OK
nifty500,Inox Wind Ltd.,Capital Goods,INOXWIND,EQ,INE066P01011,,0.216979,-0.269906,-3.612886,-22.210526,-30.532055,-40.176475,2.439896,-24.650422,NSE_EQ|INE066P01011,OK
niftyenergy,Inox Wind Ltd.,Capital Goods,INOXWIND,EQ,INE066P01011,,0.216979,-0.269906,-3.612886,-22.210526,-30.532055,-40.176475,2.439896,-24.650422,NSE_EQ|INE066P01011,OK
nifty500,NLC India Ltd.,Power,NLCINDIA,EQ,INE589A01014,,1.492259,-0.838345,-5.406815,-22.382311,4.917084,8.724323,2.439896,-24.822207,NSE_EQ|INE589A01014,OK
niftylargemidcap250,NLC India Ltd.,Power,NLCINDIA,EQ,INE589A01014,,1.492259,-0.838345,-5.406815,-22.382311,4.917084,8.724323,2.439896,-24.822207,NSE_EQ|INE589A01014,OK
niftyenergy,NLC India Ltd.,Power,NLCINDIA,EQ,INE589A01014,,1.492259,-0.838345,-5.406815,-22.382311,4.917084,8.724323,2.439896,-24.822207,NSE_EQ|INE589A01014,OK
niftycpse,NLC India Ltd.,Power,NLCINDIA,EQ,INE589A01014,,1.492259,-0.838345,-5.406815,-22.382311,4.917084,8.724323,2.439896,-24.822207,NSE_EQ|INE589A01014,OK
nifty500,Techno Electric & Engineering Company Ltd.,Construction,TECHNOE,EQ,INE285K01026,,-1.153518,0.188085,-2.45001,-23.862319,-6.040236,-8.931707,2.439896,-26.302215,NSE_EQ|INE285K01026,OK
niftyfmcg,Patanjali Foods Ltd.,Fast Moving Consumer Goods,PATANJALI,EQ,INE619A01035,,0.38467,-0.438039,4.804403,-23.950351,-32.41247,-35.417049,2.439896,-26.390246,NSE_EQ|INE619A01035,OK
niftylargemidcap250,Patanjali Foods Ltd.,Fast Moving Consumer Goods,PATANJALI,EQ,INE619A01035,,0.38467,-0.438039,4.804403,-23.950351,-32.41247,-35.417049,2.439896,-26.390246,NSE_EQ|INE619A01035,OK
nifty200,Patanjali Foods Ltd.,Fast Moving Consumer Goods,PATANJALI,EQ,INE619A01035,,0.38467,-0.438039,4.804403,-23.950351,-32.41247,-35.417049,2.439896,-26.390246,NSE_EQ|INE619A01035,OK
nifty500,Patanjali Foods Ltd.,Fast Moving Consumer Goods,PATANJALI,EQ,INE619A01035,,0.38467,-0.438039,4.804403,-23.950351,-32.41247,-35.417049,2.439896,-26.390246,NSE_EQ|INE619A01035,OK
nifty500,Great Eastern Shipping Co. Ltd.,Services,GESHIP,EQ,INE017A01032,,-1.254276,0.015399,-9.489967,-24.459177,-0.084609,15.057573,2.439896,-26.899072,NSE_EQ|INE017A01032,OK
nifty500,NATCO Pharma Ltd.,Healthcare,NATCOPHARM,EQ,INE987B01026,,-1.054293,-7.796575,-6.074391,-25.274632,6.512108,-2.829301,2.439896,-27.714527,NSE_EQ|INE987B01026,OK
nifty500healthcare,NATCO Pharma Ltd.,Healthcare,NATCOPHARM,EQ,INE987B01026,,-1.054293,-7.796575,-6.074391,-25.274632,6.512108,-2.829301,2.439896,-27.714527,NSE_EQ|INE987B01026,OK
niftymidsmallhealthcare,NATCO Pharma Ltd.,Healthcare,NATCOPHARM,EQ,INE987B01026,,-1.054293,-7.796575,-6.074391,-25.274632,6.512108,-2.829301,2.439896,-27.714527,NSE_EQ|INE987B01026,OK
niftyoilgas,Gujarat Gas Ltd.,Oil Gas & Consumable Fuels,GUJGASLTD,EQ,INE844O01030,,0.413378,-6.04782,0.868252,-28.55615,-37.040528,-35.177098,2.439896,-30.996045,NSE_EQ|INE844O01030,OK
nifty500,Gujarat Gas Ltd.,Oil Gas & Consumable Fuels,GUJGASLTD,EQ,INE844O01030,,0.413378,-6.04782,0.868252,-28.55615,-37.040528,-35.177098,2.439896,-30.996045,NSE_EQ|INE844O01030,OK
niftylargemidcap250,Gujarat Gas Ltd.,Oil Gas & Consumable Fuels,GUJGASLTD,EQ,INE844O01030,,0.413378,-6.04782,0.868252,-28.55615,-37.040528,-35.177098,2.439896,-30.996045,NSE_EQ|INE844O01030,OK
niftyenergy,Gujarat Gas Ltd.,Oil Gas & Consumable Fuels,GUJGASLTD,EQ,INE844O01030,,0.413378,-6.04782,0.868252,-28.55615,-37.040528,-35.177098,2.439896,-30.996045,NSE_EQ|INE844O01030,OK
nifty500,Reliance Infrastructure Ltd.,Power,RELINFRA,BE,INE036A01016,,-1.993986,-9.564836,-27.854147,-37.298775,,-62.361736,2.439896,-39.738671,NSE_EQ|INE036A01016,OK
nifty200,Dummy Hindustan Unilever Ltd.,Fast Moving Consumer Goods,DUMMYHDLVR,EQ,DUM030A01027,,,,,,,,2.439896,,,MAPPING_NOT_FOUND
nifty50,Dummy Hindustan Unilever Ltd.,Fast Moving Consumer Goods,DUMMYHDLVR,EQ,DUM030A01027,,,,,,,,2.439896,,,MAPPING_NOT_FOUND
nifty500healthcare,J.B. Chemicals & Pharmaceuticals Ltd.,Healthcare,JBCHEPHARM,EQ,INE572A01036,,,,,,,,2.439896,,,MAPPING_NOT_FOUND
niftyenergy,Gujarat State Petronet Ltd.,Oil Gas & Consumable Fuels,GSPL,EQ,INE246F01010,,,,,,,,2.439896,,,MAPPING_NOT_FOUND
niftyfinancialservicesexbank,Angel One Ltd.,Financial Services,ANGELONE,EQ,INE732I01013,,,,,,,,2.439896,,,MAPPING_NOT_FOUND
niftyfmcg,Dummy Hindustan Unilever Ltd.,Fast Moving Consumer Goods,DUMMYHDLVR,EQ,DUM030A01027,,,,,,,,2.439896,,,MAPPING_NOT_FOUND
niftyhousing,Tata Steel Ltd.,METALS,TATASTEEL,EQ,INE081A01012,,,,,,,,2.439896,,,MAPPING_NOT_FOUND
niftyhousing,Kotak Mahindra Bank Ltd.,FINANCIAL SERVICES,KOTAKBANK,EQ,INE237A01028,,,,,,,,2.439896,,,MAPPING_NOT_FOUND
niftyhousing,Housing Development Finance Corporation Ltd.,FINANCIAL SERVICES,HDFC,EQ,INE001A01036,,,,,,,,2.439896,,,MAPPING_NOT_FOUND
niftylargemidcap250,Dummy Hindustan Unilever Ltd.,Fast Moving Consumer Goods,DUMMYHDLVR,EQ,DUM030A01027,,,,,,,,2.439896,,,MAPPING_NOT_FOUND
niftymidsmallfinancailservice,Angel One Ltd.,Financial Services,ANGELONE,EQ,INE732I01013,,,,,,,,2.439896,,,MAPPING_NOT_FOUND
niftymidsmallhealthcare,J.B. Chemicals & Pharmaceuticals Ltd.,Healthcare,JBCHEPHARM,EQ,INE572A01036,,,,,,,,2.439896,,,MAPPING_NOT_FOUND
niftyoilgas,Gujarat State Petronet Ltd.,Oil Gas & Consumable Fuels,GSPL,EQ,INE246F01010,,,,,,,,2.439896,,,MAPPING_NOT_FOUND
niftypharma,J.B. Chemicals & Pharmaceuticals Ltd.,Healthcare,JBCHEPHARM,EQ,INE572A01036,,,,,,,,2.439896,,,MAPPING_NOT_FOUND
nifty500,Gujarat State Petronet Ltd.,Oil Gas & Consumable Fuels,GSPL,EQ,INE246F01010,,,,,,,,2.439896,,,MAPPING_NOT_FOUND
nifty500,J.B. Chemicals & Pharmaceuticals Ltd.,Healthcare,JBCHEPHARM,EQ,INE572A01036,,,,,,,,2.439896,,,MAPPING_NOT_FOUND
